{"type":"FeatureCollection","features":[{"type":"Feature","properties":{"strength":0.052},"geometry":{"type":"LineString","coordinates":[[61.2897,-6.0561],[61.4656,-5.3561],[62.6966,-4.48],[64.2794,-3.6029],[65.3346,-3.4274]]}},{"type":"Feature","properties":{"strength":0.43},"geometry":{"type":"LineString","coordinates":[[9.0572,-34.1037],[10.64,-34.1037],[10.9917,-33.812]]}},{"type":"Feature","properties":{"strength":0.142},"geometry":{"type":"LineString","coordinates":[[-1.8466,0.7914],[-0.9673,0.2638]]}},{"type":"Feature","properties":{"strength":0.027},"geometry":{"type":"LineString","coordinates":[[-41.5926,8.1502],[-41.4167,8.6721],[-41.065,8.8459]]}},{"type":"Feature","properties":{"strength":0.182},"geometry":{"type":"LineString","coordinates":[[40.7132,-7.8019],[40.5374,-6.9298]]}},{"type":"Feature","properties":{"strength":0.131},"geometry":{"type":"LineString","coordinates":[[49.6825,-18.0708],[50.2101,-17.0649]]}},{"type":"Feature","properties":{"strength":0.096},"geometry":{"type":"LineString","coordinates":[[0.9673,-0.4397],[0.0879,0.2638]]}},{"type":"Feature","properties":{"strength":0.457},"geometry":{"type":"LineString","coordinates":[[-72.1935,36.8248],[-75.7108,39.5881]]}},{"type":"Feature","properties":{"strength":0.723},"geometry":{"type":"LineString","coordinates":[[104.9047,3.4274],[105.9599,4.48]]}},{"type":"Feature","properties":{"strength":0.214},"geometry":{"type":"LineString","coordinates":[[134.4504,28.8576],[134.8021,30.3863]]}},{"type":"Feature","properties":{"strength":0.326},"geometry":{"type":"LineString","coordinates":[[134.4504,28.8576],[134.2745,28.7034],[130.7572,28.7034],[130.5813,28.8576]]}},{"type":"Feature","properties":{"strength":0.075},"geometry":{"type":"LineString","coordinates":[[-37.7235,29.9301],[-39.1304,29.7776]]}},{"type":"Feature","properties":{"strength":0.343},"geometry":{"type":"LineString","coordinates":[[-128.9985,46.5161],[-128.2951,46.5161],[-127.4157,47.1178]]}},{"type":"Feature","properties":{"strength":0.048},"geometry":{"type":"LineString","coordinates":[[-6.0674,-26.993],[-5.7157,-27.306],[-5.0122,-27.4622],[-4.6605,-27.9293]]}},{"type":"Feature","properties":{"strength":0.574},"geometry":{"type":"LineString","coordinates":[[44.4064,-28.5491],[44.934,-28.0846],[45.9893,-28.0846]]}},{"type":"Feature","properties":{"strength":0.258},"geometry":{"type":"LineString","coordinates":[[44.4064,-28.5491],[47.0445,-30.6893]]}},{"type":"Feature","properties":{"strength":0.554},"geometry":{"type":"LineString","coordinates":[[56.3654,-19.569],[56.7171,-19.2372],[57.5965,-19.2372],[58.4758,-18.9048]]}},{"type":"Feature","properties":{"strength":0.059},"geometry":{"type":"LineString","coordinates":[[6.595,-8.1502],[6.0674,-7.2788]]}},{"type":"Feature","properties":{"strength":0.467},"geometry":{"type":"LineString","coordinates":[[129.3503,32.1897],[126.0088,29.1652]]}},{"type":"Feature","properties":{"strength":0.08},"geometry":{"type":"LineString","coordinates":[[3.957,-2.1978],[3.6053,-2.5492],[2.3742,-2.5492]]}},{"type":"Feature","properties":{"strength":0.352},"geometry":{"type":"LineString","coordinates":[[45.4617,-11.6148],[46.1651,-10.9249]]}},{"type":"Feature","properties":{"strength":0.093},"geometry":{"type":"LineString","coordinates":[[-24.8852,30.8404],[-23.83,31.5924]]}},{"type":"Feature","properties":{"strength":0.3},"geometry":{"type":"LineString","coordinates":[[-42.8236,1.1431],[-42.9995,0.4397]]}},{"type":"Feature","properties":{"strength":0.128},"geometry":{"type":"LineString","coordinates":[[-32.0957,33.5193],[-32.0957,31.5924]]}},{"type":"Feature","properties":{"strength":0.089},"geometry":{"type":"LineString","coordinates":[[-84.3283,27.7738],[-83.6248,27.6181]]}},{"type":"Feature","properties":{"strength":0.414},"geometry":{"type":"LineString","coordinates":[[163.9961,47.4757],[164.5237,47.1178],[168.041,47.1178],[168.2169,46.998]]}},{"type":"Feature","properties":{"strength":0.686},"geometry":{"type":"LineString","coordinates":[[-75.3591,18.0708],[-74.4797,19.4032]]}},{"type":"Feature","properties":{"strength":0.083},"geometry":{"type":"LineString","coordinates":[[-160.8305,47.1178],[-159.7753,47.8311]]}},{"type":"Feature","properties":{"strength":0.13},"geometry":{"type":"LineString","coordinates":[[-31.0405,43.5338],[-30.1612,43.6612]]}},{"type":"Feature","properties":{"strength":0.09},"geometry":{"type":"LineString","coordinates":[[-40.0098,33.3725],[-39.1304,32.6351]]}},{"type":"Feature","properties":{"strength":0.214},"geometry":{"type":"LineString","coordinates":[[61.9932,-20.5601],[61.1138,-21.3812]]}},{"type":"Feature","properties":{"strength":0.347},"geometry":{"type":"LineString","coordinates":[[-5.5398,58.8777],[-4.8363,59.2394]]}},{"type":"Feature","properties":{"strength":0.243},"geometry":{"type":"LineString","coordinates":[[93.6492,-10.7522],[95.0562,-10.0603],[95.5838,-10.0603],[97.8701,-9.1933]]}},{"type":"Feature","properties":{"strength":0.1},"geometry":{"type":"LineString","coordinates":[[93.6492,-10.7522],[94.5286,-12.1311]]}},{"type":"Feature","properties":{"strength":0.104},"geometry":{"type":"LineString","coordinates":[[144.299,30.0824],[146.7611,32.0407]]}},{"type":"Feature","properties":{"strength":0.247},"geometry":{"type":"LineString","coordinates":[[-129.1744,50.3637],[-129.5261,50.5875],[-129.702,51.1425],[-130.0537,51.4723],[-131.1089,53.7152]]}},{"type":"Feature","properties":{"strength":0.104},"geometry":{"type":"LineString","coordinates":[[-129.1744,50.3637],[-128.6468,50.8103]]}},{"type":"Feature","properties":{"strength":0.198},"geometry":{"type":"LineString","coordinates":[[-129.1744,50.3637],[-129.1744,49.6858],[-129.702,49.3432]]}},{"type":"Feature","properties":{"strength":0.191},"geometry":{"type":"LineString","coordinates":[[-87.4939,17.9036],[-88.0215,17.5686],[-88.0215,17.2329],[-87.4939,16.7283]]}},{"type":"Feature","properties":{"strength":0.144},"geometry":{"type":"LineString","coordinates":[[66.7416,9.1933],[65.8622,8.3242]]}},{"type":"Feature","properties":{"strength":0.102},"geometry":{"type":"LineString","coordinates":[[128.1192,16.2224],[129.5261,17.7361]]}},{"type":"Feature","properties":{"strength":0.206},"geometry":{"type":"LineString","coordinates":[[89.6043,12.1311],[87.6698,13.8447],[87.318,13.8447],[86.7904,14.3564]]}},{"type":"Feature","properties":{"strength":0.075},"geometry":{"type":"LineString","coordinates":[[-144.1231,29.3186],[-145.1783,29.1652]]}},{"type":"Feature","properties":{"strength":0.255},"geometry":{"type":"LineString","coordinates":[[99.4529,9.7138],[99.6287,11.0975],[99.9805,11.4425],[99.9805,11.787],[100.6839,12.303]]}},{"type":"Feature","properties":{"strength":0.416},"geometry":{"type":"LineString","coordinates":[[-94.5286,20.3954],[-95.4079,20.2304]]}},{"type":"Feature","properties":{"strength":0.742},"geometry":{"type":"LineString","coordinates":[[20.1368,37.8039],[19.7851,38.0812],[19.6092,39.1803],[19.0816,39.5881]]}},{"type":"Feature","properties":{"strength":0.278},"geometry":{"type":"LineString","coordinates":[[-32.2716,-27.1496],[-31.9199,-27.6181],[-30.5129,-27.9293]]}},{"type":"Feature","properties":{"strength":0.297},"geometry":{"type":"LineString","coordinates":[[41.065,-11.0975],[40.8891,-11.27],[40.8891,-12.4748],[41.065,-12.6464]]}},{"type":"Feature","properties":{"strength":0.506},"geometry":{"type":"LineString","coordinates":[[124.0743,10.5793],[124.9536,9.8871]]}},{"type":"Feature","properties":{"strength":0.101},"geometry":{"type":"LineString","coordinates":[[-39.3063,47.8311],[-39.3063,47.1178]]}},{"type":"Feature","properties":{"strength":0.375},"geometry":{"type":"LineString","coordinates":[[136.7367,12.1311],[136.9126,10.4064],[137.616,9.3669]]}},{"type":"Feature","properties":{"strength":0.538},"geometry":{"type":"LineString","coordinates":[[53.7274,25.0971],[54.4309,24.4584]]}},{"type":"Feature","properties":{"strength":0.176},"geometry":{"type":"LineString","coordinates":[[146.7611,-39.8586],[146.2335,-39.3165]]}},{"type":"Feature","properties":{"strength":0.104},"geometry":{"type":"LineString","coordinates":[[-76.0625,-20.8891],[-76.2384,-20.2304],[-76.2384,-19.4032],[-76.0625,-19.2372]]}},{"type":"Feature","properties":{"strength":0.176},"geometry":{"type":"LineString","coordinates":[[-25.4128,-24.2982],[-24.8852,-24.2982],[-24.5335,-24.6184]]}},{"type":"Feature","properties":{"strength":0.023},"geometry":{"type":"LineString","coordinates":[[-17.4988,45.6623],[-16.7953,45.0444]]}},{"type":"Feature","properties":{"strength":0.208},"geometry":{"type":"LineString","coordinates":[[-66.214,41.5911],[-66.214,40.7971]]}},{"type":"Feature","properties":{"strength":0.382},"geometry":{"type":"LineString","coordinates":[[-47.2203,3.0762],[-47.7479,3.6029],[-48.979,4.1293],[-49.6825,6.0561]]}},{"type":"Feature","properties":{"strength":0.494},"geometry":{"type":"LineString","coordinates":[[-47.2203,3.0762],[-46.5169,2.9006]]}},{"type":"Feature","properties":{"strength":0.439},"geometry":{"type":"LineString","coordinates":[[-47.2203,3.0762],[-48.6273,1.6705],[-49.3307,1.4947],[-50.9135,0.2638],[-52.3205,-1.4947],[-53.9033,-1.8463],[-54.4309,-2.3735],[-55.8378,-1.8463]]}},{"type":"Feature","properties":{"strength":0.184},"geometry":{"type":"LineString","coordinates":[[58.4758,10.0603],[59.7069,10.0603],[60.5862,9.1933]]}},{"type":"Feature","properties":{"strength":0.326},"geometry":{"type":"LineString","coordinates":[[-126.5364,32.3384],[-126.7123,32.9308]]}},{"type":"Feature","properties":{"strength":0.378},"geometry":{"type":"LineString","coordinates":[[118.0948,-4.1293],[118.4465,-4.48],[118.6224,-5.3561]]}},{"type":"Feature","properties":{"strength":0.19},"geometry":{"type":"LineString","coordinates":[[120.9086,-5.3561],[121.0845,-4.6553]]}},{"type":"Feature","properties":{"strength":0.242},"geometry":{"type":"LineString","coordinates":[[-33.5027,-22.6853],[-33.151,-22.3604],[-31.9199,-22.3604],[-31.3923,-22.6853],[-30.6888,-22.6853],[-28.0508,-23.4942]]}},{"type":"Feature","properties":{"strength":0.1},"geometry":{"type":"LineString","coordinates":[[-176.1309,45.1685],[-176.8344,45.2924]]}},{"type":"Feature","properties":{"strength":0.3},"geometry":{"type":"LineString","coordinates":[[110.0049,2.9006],[109.6532,2.5492],[108.2462,2.0221]]}},{"type":"Feature","properties":{"strength":0.262},"geometry":{"type":"LineString","coordinates":[[32.6234,43.4062],[31.0405,43.4062]]}},{"type":"Feature","properties":{"strength":0.361},"geometry":{"type":"LineString","coordinates":[[-10.8158,52.4476],[-10.4641,52.4476],[-10.1124,52.6615]]}},{"type":"Feature","properties":{"strength":0.064},"geometry":{"type":"LineString","coordinates":[[2.9018,56.9155],[2.1983,57.0114],[1.8466,56.7231]]}},{"type":"Feature","properties":{"strength":0.306},"geometry":{"type":"LineString","coordinates":[[2.9018,56.9155],[5.3639,56.9155]]}},{"type":"Feature","properties":{"strength":0.141},"geometry":{"type":"LineString","coordinates":[[2.9018,56.9155],[2.3742,56.2375]]}},{"type":"Feature","properties":{"strength":0.092},"geometry":{"type":"LineString","coordinates":[[-121.788,29.0115],[-122.1397,28.7034],[-122.3156,27.7738]]}},{"type":"Feature","properties":{"strength":0.502},"geometry":{"type":"LineString","coordinates":[[147.4646,-39.1803],[149.7509,-38.2195]]}},{"type":"Feature","properties":{"strength":0.326},"geometry":{"type":"LineString","coordinates":[[-51.2653,-30.0824],[-51.2653,-31.2923]]}},{"type":"Feature","properties":{"strength":0.116},"geometry":{"type":"LineString","coordinates":[[-149.575,51.6909],[-147.6404,51.4723]]}},{"type":"Feature","properties":{"strength":0.377},"geometry":{"type":"LineString","coordinates":[[128.4709,12.9894],[128.9985,12.4748],[129.3503,12.4748]]}},{"type":"Feature","properties":{"strength":0.324},"geometry":{"type":"LineString","coordinates":[[-68.3244,19.7346],[-68.852,21.0533]]}},{"type":"Feature","properties":{"strength":0.249},"geometry":{"type":"LineString","coordinates":[[22.0713,-35.5474],[22.0713,-36.2596],[21.8955,-36.4013]]}},{"type":"Feature","properties":{"strength":0.105},"geometry":{"type":"LineString","coordinates":[[-5.1881,60.5622],[-4.8363,60.7346],[-4.8363,61.0766],[-5.1881,61.2463]]}},{"type":"Feature","properties":{"strength":0.397},"geometry":{"type":"LineString","coordinates":[[12.0469,-31.8915],[9.7606,-30.0824]]}},{"type":"Feature","properties":{"strength":0.401},"geometry":{"type":"LineString","coordinates":[[12.0469,-31.8915],[12.9262,-31.1419],[12.9262,-29.9301],[12.7504,-29.7776],[12.5745,-28.2396]]}},{"type":"Feature","properties":{"strength":0.469},"geometry":{"type":"LineString","coordinates":[[12.0469,-31.8915],[12.2228,-33.0783]]}},{"type":"Feature","properties":{"strength":0.14},"geometry":{"type":"LineString","coordinates":[[150.2785,-3.0762],[150.8061,-2.1978]]}},{"type":"Feature","properties":{"strength":0.468},"geometry":{"type":"LineString","coordinates":[[151.1578,5.0058],[151.3337,5.7062],[151.1578,5.8812],[150.8061,9.0197],[150.1026,10.9249],[149.9267,12.1311],[149.2233,13.5029]]}},{"type":"Feature","properties":{"strength":0.191},"geometry":{"type":"LineString","coordinates":[[-67.2692,35.6903],[-68.3244,35.6903]]}},{"type":"Feature","properties":{"strength":0.569},"geometry":{"type":"LineString","coordinates":[[127.7675,4.48],[127.4157,3.9539],[127.4157,3.2518]]}},{"type":"Feature","properties":{"strength":0.416},"geometry":{"type":"LineString","coordinates":[[5.7157,57.0114],[6.595,57.3925],[6.9468,57.3925]]}},{"type":"Feature","properties":{"strength":0.151},"geometry":{"type":"LineString","coordinates":[[5.8915,-7.1043],[5.1881,-6.5805],[4.8363,-5.5312]]}},{"type":"Feature","properties":{"strength":0.062},"geometry":{"type":"LineString","coordinates":[[-24.8852,13.1607],[-24.1817,15.0369]]}},{"type":"Feature","properties":{"strength":0.131},"geometry":{"type":"LineString","coordinates":[[-31.9199,35.5474],[-29.2819,35.5474]]}},{"type":"Feature","properties":{"strength":0.548},"geometry":{"type":"LineString","coordinates":[[100.6839,-9.0197],[102.4426,-7.8019],[103.6737,-7.2788],[104.553,-6.4058]]}},{"type":"Feature","properties":{"strength":0.273},"geometry":{"type":"LineString","coordinates":[[17.6746,59.4188],[17.147,59.5973],[16.0918,59.5973]]}},{"type":"Feature","properties":{"strength":0.058},"geometry":{"type":"LineString","coordinates":[[151.3337,-38.3576],[150.4543,-38.3576],[150.2785,-38.4954],[149.9267,-38.3576]]}},{"type":"Feature","properties":{"strength":0.229},"geometry":{"type":"LineString","coordinates":[[-1.1431,60.1271],[-1.1431,59.6862],[-1.4949,59.5082]]}},{"type":"Feature","properties":{"strength":0.141},"geometry":{"type":"LineString","coordinates":[[-140.9575,52.3403],[-141.1334,52.4476],[-142.1886,52.4476]]}},{"type":"Feature","properties":{"strength":0.015},"geometry":{"type":"LineString","coordinates":[[0.7914,-24.9377],[0.4397,-24.1378]]}},{"type":"Feature","properties":{"strength":0.118},"geometry":{"type":"LineString","coordinates":[[-28.9301,-4.48],[-27.8749,-3.0762],[-27.8749,-2.7249],[-27.1715,-1.8463],[-27.1715,-1.4947],[-26.2921,0.0879]]}},{"type":"Feature","properties":{"strength":0.675},"geometry":{"type":"LineString","coordinates":[[114.5774,21.2173],[113.3464,22.3604],[113.3464,22.8475],[112.9946,23.1713],[111.9394,23.1713]]}},{"type":"Feature","properties":{"strength":0.492},"geometry":{"type":"LineString","coordinates":[[-79.404,31.1419],[-80.4592,32.0407],[-81.1627,32.1897]]}},{"type":"Feature","properties":{"strength":0.542},"geometry":{"type":"LineString","coordinates":[[-7.2985,48.8828],[-7.1226,50.699]]}},{"type":"Feature","properties":{"strength":0.224},"geometry":{"type":"LineString","coordinates":[[75.8867,1.1431],[76.9419,0.2638]]}},{"type":"Feature","properties":{"strength":0.094},"geometry":{"type":"LineString","coordinates":[[136.385,0.2638],[136.2091,0.0879],[135.5056,0.2638]]}},{"type":"Feature","properties":{"strength":0.344},"geometry":{"type":"LineString","coordinates":[[23.4783,57.8633],[23.83,57.4871]]}},{"type":"Feature","properties":{"strength":0.424},"geometry":{"type":"LineString","coordinates":[[34.382,27.7738],[34.9096,29.6248]]}},{"type":"Feature","properties":{"strength":0.221},"geometry":{"type":"LineString","coordinates":[[128.2951,-4.6553],[130.4055,-5.3561]]}},{"type":"Feature","properties":{"strength":0.601},"geometry":{"type":"LineString","coordinates":[[106.6634,10.9249],[107.191,10.2334]]}},{"type":"Feature","properties":{"strength":0.544},"geometry":{"type":"LineString","coordinates":[[119.5017,5.3561],[119.6776,5.8812],[119.3258,6.231]]}},{"type":"Feature","properties":{"strength":0.183},"geometry":{"type":"LineString","coordinates":[[69.0278,-3.4274],[69.2037,-3.6029],[70.083,-3.6029],[70.6106,-4.1293]]}},{"type":"Feature","properties":{"strength":0.218},"geometry":{"type":"LineString","coordinates":[[-82.5696,11.4425],[-82.2179,12.303]]}},{"type":"Feature","properties":{"strength":0.083},"geometry":{"type":"LineString","coordinates":[[59.0034,0.9672],[57.7723,0.9672],[56.7171,2.0221]]}},{"type":"Feature","properties":{"strength":0.737},"geometry":{"type":"LineString","coordinates":[[121.2604,40.2624],[120.7328,39.7235],[120.381,38.9071]]}},{"type":"Feature","properties":{"strength":0.258},"geometry":{"type":"LineString","coordinates":[[48.0997,-30.0824],[45.9893,-28.0846]]}},{"type":"Feature","properties":{"strength":0.276},"geometry":{"type":"LineString","coordinates":[[-120.5569,33.0783],[-120.2052,32.6351],[-119.8534,32.6351]]}},{"type":"Feature","properties":{"strength":0.041},"geometry":{"type":"LineString","coordinates":[[-172.7894,27.306],[-173.8447,27.306],[-175.6033,26.8362],[-177.1861,26.8362],[-177.362,26.6792]]}},{"type":"Feature","properties":{"strength":0.126},"geometry":{"type":"LineString","coordinates":[[-37.3718,48.0666],[-37.3718,47.7129],[-36.8442,47.3567]]}},{"type":"Feature","properties":{"strength":0.255},"geometry":{"type":"LineString","coordinates":[[134.978,42.1151],[136.0332,42.3755]]}},{"type":"Feature","properties":{"strength":0.131},"geometry":{"type":"LineString","coordinates":[[-110.5325,24.6184],[-110.1808,24.6184],[-109.829,24.9377]]}},{"type":"Feature","properties":{"strength":0.093},"geometry":{"type":"LineString","coordinates":[[42.1202,-12.1311],[41.2408,-11.0975]]}},{"type":"Feature","properties":{"strength":0.091},"geometry":{"type":"LineString","coordinates":[[83.6248,1.8463],[84.1524,1.3189]]}},{"type":"Feature","properties":{"strength":0.119},"geometry":{"type":"LineString","coordinates":[[116.1602,-20.2304],[115.8085,-19.9],[115.6326,-19.0711]]}},{"type":"Feature","properties":{"strength":0.048},"geometry":{"type":"LineString","coordinates":[[-57.2447,26.6792],[-57.2447,27.4622],[-57.9482,28.0846]]}},{"type":"Feature","properties":{"strength":0.067},"geometry":{"type":"LineString","coordinates":[[-34.382,12.303],[-34.2062,12.9894]]}},{"type":"Feature","properties":{"strength":0.077},"geometry":{"type":"LineString","coordinates":[[-23.4783,15.8844],[-23.4783,15.2066]]}},{"type":"Feature","properties":{"strength":0.537},"geometry":{"type":"LineString","coordinates":[[118.0948,-17.7361],[117.743,-16.8967],[117.2154,-16.3912]]}},{"type":"Feature","properties":{"strength":0.719},"geometry":{"type":"LineString","coordinates":[[-14.6849,29.6248],[-14.6849,30.2345],[-14.3332,30.5379]]}},{"type":"Feature","properties":{"strength":0.242},"geometry":{"type":"LineString","coordinates":[[-66.0381,14.0154],[-65.8622,14.186],[-65.8622,15.2066]]}},{"type":"Feature","properties":{"strength":0.118},"geometry":{"type":"LineString","coordinates":[[-54.255,29.7776],[-56.5413,29.7776]]}},{"type":"Feature","properties":{"strength":0.483},"geometry":{"type":"LineString","coordinates":[[141.661,45.7851],[142.5403,45.7851],[142.7162,45.9076]]}},{"type":"Feature","properties":{"strength":0.091},"geometry":{"type":"LineString","coordinates":[[40.7132,-6.7552],[42.6478,-6.7552]]}},{"type":"Feature","properties":{"strength":0.199},"geometry":{"type":"LineString","coordinates":[[131.8124,19.569],[133.9228,17.7361],[134.0987,16.8967]]}},{"type":"Feature","properties":{"strength":0.114},"geometry":{"type":"LineString","coordinates":[[-59.3552,43.2783],[-58.4758,43.5338]]}},{"type":"Feature","properties":{"strength":0.231},"geometry":{"type":"LineString","coordinates":[[-41.2408,-25.4152],[-40.7132,-25.7325],[-39.4822,-25.7325],[-37.8994,-26.2068],[-37.1959,-26.2068],[-36.6683,-26.5219],[-35.6131,-26.5219],[-32.4475,-27.1496]]}},{"type":"Feature","properties":{"strength":0.036},"geometry":{"type":"LineString","coordinates":[[114.9292,-15.5458],[115.105,-15.3763],[115.105,-14.5267]]}},{"type":"Feature","properties":{"strength":0.584},"geometry":{"type":"LineString","coordinates":[[144.6507,-38.9071],[144.6507,-38.3576],[145.0024,-37.8039]]}},{"type":"Feature","properties":{"strength":0.426},"geometry":{"type":"LineString","coordinates":[[84.3283,-2.5492],[82.9213,-0.9672]]}},{"type":"Feature","properties":{"strength":0.449},"geometry":{"type":"LineString","coordinates":[[84.3283,-2.5492],[85.0318,-2.3735]]}},{"type":"Feature","properties":{"strength":0.503},"geometry":{"type":"LineString","coordinates":[[84.3283,-2.5492],[83.0972,-3.7784],[82.042,-4.3047]]}},{"type":"Feature","properties":{"strength":0.563},"geometry":{"type":"LineString","coordinates":[[-31.3923,-5.181],[-31.3923,-6.0561],[-31.744,-6.4058]]}},{"type":"Feature","properties":{"strength":0.419},"geometry":{"type":"LineString","coordinates":[[86.087,18.5717],[85.0318,18.238],[83.9766,17.2329],[83.9766,16.8967]]}},{"type":"Feature","properties":{"strength":0.246},"geometry":{"type":"LineString","coordinates":[[-71.8417,-18.0708],[-71.1383,-18.0708],[-70.6106,-18.5717],[-70.6106,-19.4032],[-70.9624,-19.7346]]}},{"type":"Feature","properties":{"strength":0.031},"geometry":{"type":"LineString","coordinates":[[-47.3962,27.9293],[-46.6927,27.7738]]}},{"type":"Feature","properties":{"strength":0.429},"geometry":{"type":"LineString","coordinates":[[-66.3898,20.0653],[-65.5105,20.2304]]}},{"type":"Feature","properties":{"strength":0.017},"geometry":{"type":"LineString","coordinates":[[-15.916,42.1151],[-16.4436,42.6348]]}},{"type":"Feature","properties":{"strength":0.148},"geometry":{"type":"LineString","coordinates":[[-35.789,43.2783],[-36.1407,43.1501],[-36.3166,42.764],[-36.3166,40.3965]]}},{"type":"Feature","properties":{"strength":0.714},"geometry":{"type":"LineString","coordinates":[[106.1358,-0.4397],[106.6634,-0.4397],[107.3669,-0.7914]]}},{"type":"Feature","properties":{"strength":0.306},"geometry":{"type":"LineString","coordinates":[[16.7953,33.0783],[17.4988,33.6658]]}},{"type":"Feature","properties":{"strength":0.187},"geometry":{"type":"LineString","coordinates":[[-45.4617,-34.5395],[-45.1099,-34.8287],[-42.8236,-34.8287],[-42.4719,-34.6842]]}},{"type":"Feature","properties":{"strength":0.624},"geometry":{"type":"LineString","coordinates":[[-84.3283,23.9772],[-84.1524,23.8164],[-81.3385,23.9772]]}},{"type":"Feature","properties":{"strength":0.075},"geometry":{"type":"LineString","coordinates":[[120.7328,-13.3319],[120.2052,-13.3319],[118.7982,-14.8669]]}},{"type":"Feature","properties":{"strength":0.208},"geometry":{"type":"LineString","coordinates":[[-76.0625,-49.9128],[-75.0073,-50.0259]]}},{"type":"Feature","properties":{"strength":0.033},"geometry":{"type":"LineString","coordinates":[[-42.8236,48.767],[-41.065,49.3432],[-40.3615,49.2285],[-39.4822,49.5719],[-37.8994,49.6858]]}},{"type":"Feature","properties":{"strength":0.312},"geometry":{"type":"LineString","coordinates":[[141.4851,-12.1311],[141.661,-10.9249]]}},{"type":"Feature","properties":{"strength":0.098},"geometry":{"type":"LineString","coordinates":[[40.5374,-6.231],[42.9995,-5.8812]]}},{"type":"Feature","properties":{"strength":0.744},"geometry":{"type":"LineString","coordinates":[[152.3889,-13.6739],[152.0371,-11.9591]]}},{"type":"Feature","properties":{"strength":0.028},"geometry":{"type":"LineString","coordinates":[[-42.4719,7.4532],[-41.7684,7.9761]]}},{"type":"Feature","properties":{"strength":0.057},"geometry":{"type":"LineString","coordinates":[[-171.5584,44.92],[-173.1412,44.92]]}},{"type":"Feature","properties":{"strength":0.048},"geometry":{"type":"LineString","coordinates":[[-132.8676,34.5395],[-134.4504,34.5395]]}},{"type":"Feature","properties":{"strength":0.669},"geometry":{"type":"LineString","coordinates":[[154.3234,-27.306],[154.1475,-26.5219]]}},{"type":"Feature","properties":{"strength":0.199},"geometry":{"type":"LineString","coordinates":[[1.8466,-25.8908],[2.3742,-26.2068],[3.4294,-27.9293],[3.4294,-28.8576],[2.3742,-29.7776]]}},{"type":"Feature","properties":{"strength":0.772},"geometry":{"type":"LineString","coordinates":[[4.4846,61.0766],[4.4846,60.3888],[4.6605,60.3018],[4.4846,60.0394]]}},{"type":"Feature","properties":{"strength":0.059},"geometry":{"type":"LineString","coordinates":[[65.1588,-5.3561],[65.5105,-5.7062],[65.5105,-6.5805]]}},{"type":"Feature","properties":{"strength":0.107},"geometry":{"type":"LineString","coordinates":[[2.0225,1.4947],[1.319,0.9672],[1.319,0.4397]]}},{"type":"Feature","properties":{"strength":0.308},"geometry":{"type":"LineString","coordinates":[[-107.191,19.9],[-107.0151,20.0653],[-107.0151,21.3812],[-108.0703,22.8475]]}},{"type":"Feature","properties":{"strength":0.662},"geometry":{"type":"LineString","coordinates":[[5.5398,55.4475],[5.5398,55.8445]]}},{"type":"Feature","properties":{"strength":0.436},"geometry":{"type":"LineString","coordinates":[[130.2296,25.0971],[127.2399,27.7738]]}},{"type":"Feature","properties":{"strength":0.301},"geometry":{"type":"LineString","coordinates":[[142.1886,33.6658],[141.661,34.1037],[140.9575,34.1037]]}},{"type":"Feature","properties":{"strength":0.212},"geometry":{"type":"LineString","coordinates":[[142.1886,33.6658],[140.6058,32.3384],[137.9678,32.1897]]}},{"type":"Feature","properties":{"strength":0.066},"geometry":{"type":"LineString","coordinates":[[-21.192,31.8915],[-21.192,30.9913]]}},{"type":"Feature","properties":{"strength":0.199},"geometry":{"type":"LineString","coordinates":[[129.3503,12.4748],[130.9331,13.8447]]}},{"type":"Feature","properties":{"strength":0.113},"geometry":{"type":"LineString","coordinates":[[-60.938,37.9427],[-60.5862,38.4954]]}},{"type":"Feature","properties":{"strength":0.412},"geometry":{"type":"LineString","coordinates":[[-13.1021,31.5924],[-11.5193,30.2345],[-10.4641,30.2345],[-10.2882,30.3863]]}},{"type":"Feature","properties":{"strength":0.042},"geometry":{"type":"LineString","coordinates":[[-122.3156,27.4622],[-121.9638,26.993],[-120.2052,26.3645]]}},{"type":"Feature","properties":{"strength":0.44},"geometry":{"type":"LineString","coordinates":[[80.8109,-5.5312],[81.3385,-5.3561],[81.8661,-4.48]]}},{"type":"Feature","properties":{"strength":0.034},"geometry":{"type":"LineString","coordinates":[[161.8857,29.4719],[162.5892,29.7776],[162.5892,30.2345]]}},{"type":"Feature","properties":{"strength":0.024},"geometry":{"type":"LineString","coordinates":[[-18.3781,40.5303],[-18.2022,40.3965],[-17.8505,40.6638],[-17.8505,40.9301]]}},{"type":"Feature","properties":{"strength":0.1},"geometry":{"type":"LineString","coordinates":[[-58.1241,28.0846],[-58.8276,27.9293]]}},{"type":"Feature","properties":{"strength":0.04},"geometry":{"type":"LineString","coordinates":[[-59.7069,-45.1685],[-60.4104,-45.416]]}},{"type":"Feature","properties":{"strength":0.416},"geometry":{"type":"LineString","coordinates":[[-121.2604,33.958],[-121.2604,33.3725]]}},{"type":"Feature","properties":{"strength":0.173},"geometry":{"type":"LineString","coordinates":[[-6.595,62.081],[-5.3639,61.5829]]}},{"type":"Feature","properties":{"strength":0.074},"geometry":{"type":"LineString","coordinates":[[10.64,-7.9761],[10.8158,-11.9591],[10.4641,-12.303]]}},{"type":"Feature","properties":{"strength":0.118},"geometry":{"type":"LineString","coordinates":[[135.1539,9.5404],[134.2745,9.7138],[133.9228,10.0603]]}},{"type":"Feature","properties":{"strength":0.291},"geometry":{"type":"LineString","coordinates":[[146.937,44.7953],[146.5852,44.5452],[146.5852,43.7883],[149.7509,41.4594]]}},{"type":"Feature","properties":{"strength":0.084},"geometry":{"type":"LineString","coordinates":[[87.4939,4.8306],[87.1422,4.48],[84.8559,4.1293],[84.5042,3.7784]]}},{"type":"Feature","properties":{"strength":0.086},"geometry":{"type":"LineString","coordinates":[[167.6893,45.6623],[166.9858,45.1685],[166.6341,44.5452]]}},{"type":"Feature","properties":{"strength":0.482},"geometry":{"type":"LineString","coordinates":[[-47.9238,-26.0489],[-47.9238,-27.306],[-47.0445,-28.0846]]}},{"type":"Feature","properties":{"strength":0.074},"geometry":{"type":"LineString","coordinates":[[-16.2677,46.637],[-15.5642,46.7576]]}},{"type":"Feature","properties":{"strength":0.2},"geometry":{"type":"LineString","coordinates":[[-65.8622,-50.2514],[-64.2794,-48.767],[-61.9932,-45.7851],[-60.938,-45.0444]]}},{"type":"Feature","properties":{"strength":0.396},"geometry":{"type":"LineString","coordinates":[[-65.8622,-50.2514],[-67.6209,-52.2327],[-68.1485,-52.5547],[-69.3796,-52.3403],[-70.2589,-52.6615],[-70.6106,-52.8743],[-70.9624,-53.7152],[-71.3141,-53.9228]]}},{"type":"Feature","properties":{"strength":0.651},"geometry":{"type":"LineString","coordinates":[[121.9638,34.9729],[120.9086,34.1037],[120.7328,33.5193]]}},{"type":"Feature","properties":{"strength":0.421},"geometry":{"type":"LineString","coordinates":[[-45.1099,-27.1496],[-45.1099,-26.8362],[-44.5823,-26.2068]]}},{"type":"Feature","properties":{"strength":0.071},"geometry":{"type":"LineString","coordinates":[[-24.3576,43.1501],[-24.5335,42.6348],[-26.6439,41.0628]]}},{"type":"Feature","properties":{"strength":0.127},"geometry":{"type":"LineString","coordinates":[[141.8368,47.4757],[141.8368,47.1178],[141.4851,46.7576]]}},{"type":"Feature","properties":{"strength":0.035},"geometry":{"type":"LineString","coordinates":[[-52.3205,25.4152],[-51.7929,24.7781],[-51.4411,25.0971]]}},{"type":"Feature","properties":{"strength":0.607},"geometry":{"type":"LineString","coordinates":[[111.236,20.7247],[111.9394,20.7247],[112.8188,19.9]]}},{"type":"Feature","properties":{"strength":0.155},"geometry":{"type":"LineString","coordinates":[[-42.296,37.2459],[-41.5926,37.8039],[-38.6028,37.8039]]}},{"type":"Feature","properties":{"strength":0.213},"geometry":{"type":"LineString","coordinates":[[-42.296,37.2459],[-45.8134,37.2459],[-45.9893,37.3858]]}},{"type":"Feature","properties":{"strength":0.2},"geometry":{"type":"LineString","coordinates":[[-42.296,37.2459],[-39.4822,34.9729],[-39.4822,34.6842]]}},{"type":"Feature","properties":{"strength":0.365},"geometry":{"type":"LineString","coordinates":[[141.8368,2.7249],[141.661,4.1293]]}},{"type":"Feature","properties":{"strength":0.432},"geometry":{"type":"LineString","coordinates":[[149.9267,-20.7247],[150.2785,-20.3954],[150.2785,-19.9],[150.8061,-18.9048]]}},{"type":"Feature","properties":{"strength":0.039},"geometry":{"type":"LineString","coordinates":[[48.8031,-2.7249],[49.3307,-3.2518],[49.8583,-3.4274]]}},{"type":"Feature","properties":{"strength":0.364},"geometry":{"type":"LineString","coordinates":[[91.363,11.0975],[91.8906,10.2334],[93.4734,9.3669],[95.232,7.9761],[96.2872,6.5805]]}},{"type":"Feature","properties":{"strength":0.396},"geometry":{"type":"LineString","coordinates":[[122.1397,-35.5474],[120.5569,-35.4041]]}},{"type":"Feature","properties":{"strength":0.73},"geometry":{"type":"LineString","coordinates":[[-123.3708,49.1135],[-123.3708,48.5346],[-123.5467,48.418]]}},{"type":"Feature","properties":{"strength":0.132},"geometry":{"type":"LineString","coordinates":[[-60.0586,13.5029],[-59.3552,13.5029],[-57.9482,12.4748],[-57.9482,11.4425],[-58.3,11.0975]]}},{"type":"Feature","properties":{"strength":0.107},"geometry":{"type":"LineString","coordinates":[[166.4582,44.4197],[165.403,43.4062],[163.6444,43.2783],[163.2926,43.0217]]}},{"type":"Feature","properties":{"strength":0.221},"geometry":{"type":"LineString","coordinates":[[53.5515,-18.238],[54.7826,-19.569]]}},{"type":"Feature","properties":{"strength":0.027},"geometry":{"type":"LineString","coordinates":[[-50.0342,-38.7701],[-50.9135,-38.7701]]}},{"type":"Feature","properties":{"strength":0.043},"geometry":{"type":"LineString","coordinates":[[-51.0894,20.8891],[-50.3859,20.8891],[-49.5066,21.3812]]}},{"type":"Feature","properties":{"strength":0.437},"geometry":{"type":"LineString","coordinates":[[136.7367,38.7701],[137.7919,39.0438],[138.8471,39.8586],[139.1988,40.3965],[139.1988,41.1953],[139.3747,41.3275]]}},{"type":"Feature","properties":{"strength":0.369},"geometry":{"type":"LineString","coordinates":[[-90.8354,22.8475],[-91.8906,22.8475]]}},{"type":"Feature","properties":{"strength":0.232},"geometry":{"type":"LineString","coordinates":[[-14.8608,49.4577],[-15.3884,49.9128],[-16.4436,49.9128]]}},{"type":"Feature","properties":{"strength":0.158},"geometry":{"type":"LineString","coordinates":[[-69.9072,22.1977],[-71.1383,21.2173]]}},{"type":"Feature","properties":{"strength":0.059},"geometry":{"type":"LineString","coordinates":[[-129.5261,30.2345],[-128.6468,30.3863]]}},{"type":"Feature","properties":{"strength":0.532},"geometry":{"type":"LineString","coordinates":[[5.0122,40.9301],[3.7811,40.9301],[2.9018,40.6638],[2.0225,40.6638],[1.6707,40.3965],[1.319,39.3165],[1.319,38.3576],[1.4949,38.2195]]}},{"type":"Feature","properties":{"strength":0.533},"geometry":{"type":"LineString","coordinates":[[-75.1832,16.3912],[-75.3591,17.9036]]}},{"type":"Feature","properties":{"strength":0.447},"geometry":{"type":"LineString","coordinates":[[117.9189,-7.8019],[117.0396,-7.9761]]}},{"type":"Feature","properties":{"strength":0.578},"geometry":{"type":"LineString","coordinates":[[69.2037,10.0603],[67.6209,10.0603]]}},{"type":"Feature","properties":{"strength":0.074},"geometry":{"type":"LineString","coordinates":[[47.5721,-31.5924],[47.3962,-30.9913]]}},{"type":"Feature","properties":{"strength":0.326},"geometry":{"type":"LineString","coordinates":[[140.6058,12.818],[139.5506,14.186]]}},{"type":"Feature","properties":{"strength":0.118},"geometry":{"type":"LineString","coordinates":[[91.0112,17.2329],[91.8906,17.5686]]}},{"type":"Feature","properties":{"strength":0.503},"geometry":{"type":"LineString","coordinates":[[-9.9365,-0.0879],[-9.4089,-0.6155],[-9.233,-1.1431],[-8.7054,-1.3189]]}},{"type":"Feature","properties":{"strength":0.141},"geometry":{"type":"LineString","coordinates":[[-164.3478,49.3432],[-164.6996,49.1135],[-164.6996,48.6509]]}},{"type":"Feature","properties":{"strength":0.127},"geometry":{"type":"LineString","coordinates":[[152.3889,38.6329],[152.3889,39.0438],[149.575,41.1953]]}},{"type":"Feature","properties":{"strength":0.242},"geometry":{"type":"LineString","coordinates":[[21.5437,65.2745],[21.5437,65.0529],[22.4231,64.6794]]}},{"type":"Feature","properties":{"strength":0.203},"geometry":{"type":"LineString","coordinates":[[-82.042,17.0649],[-81.6903,16.7283],[-81.1627,15.3763]]}},{"type":"Feature","properties":{"strength":0.183},"geometry":{"type":"LineString","coordinates":[[-61.4656,8.4982],[-60.7621,8.6721],[-60.0586,9.5404]]}},{"type":"Feature","properties":{"strength":0.233},"geometry":{"type":"LineString","coordinates":[[152.5647,-16.3912],[151.6854,-16.3912]]}},{"type":"Feature","properties":{"strength":0.618},"geometry":{"type":"LineString","coordinates":[[146.2335,41.7225],[145.7059,42.1151],[145.1783,42.1151],[144.1231,41.7225],[143.2438,41.7225],[142.5403,41.4594]]}},{"type":"Feature","properties":{"strength":0.039},"geometry":{"type":"LineString","coordinates":[[148.3439,18.5717],[147.8163,20.2304],[147.8163,20.8891]]}},{"type":"Feature","properties":{"strength":0.548},"geometry":{"type":"LineString","coordinates":[[96.8149,9.1933],[96.4631,9.5404],[96.4631,10.0603]]}},{"type":"Feature","properties":{"strength":0.248},"geometry":{"type":"LineString","coordinates":[[138.3195,41.5911],[136.7367,41.8536],[136.0332,42.3755]]}},{"type":"Feature","properties":{"strength":0.106},"geometry":{"type":"LineString","coordinates":[[-17.8505,-15.8844],[-17.6746,-16.2224],[-17.147,-16.3912]]}},{"type":"Feature","properties":{"strength":0.371},"geometry":{"type":"LineString","coordinates":[[-26.8197,37.5254],[-25.4128,37.5254],[-24.5335,37.9427]]}},{"type":"Feature","properties":{"strength":0.271},"geometry":{"type":"LineString","coordinates":[[139.3747,42.2454],[140.0782,43.4062],[141.1334,43.7883],[141.4851,44.4197],[141.3092,44.92],[141.4851,45.0444],[141.4851,45.6623]]}},{"type":"Feature","properties":{"strength":0.645},"geometry":{"type":"LineString","coordinates":[[27.3473,35.4041],[27.5232,34.8287],[28.0508,34.3945]]}},{"type":"Feature","properties":{"strength":0.208},"geometry":{"type":"LineString","coordinates":[[-66.5657,43.1501],[-66.0381,43.1501],[-65.3346,43.4062],[-64.4553,43.2783]]}},{"type":"Feature","properties":{"strength":0.289},"geometry":{"type":"LineString","coordinates":[[65.1588,10.9249],[64.9829,7.9761]]}},{"type":"Feature","properties":{"strength":0.492},"geometry":{"type":"LineString","coordinates":[[-1.4949,58.5122],[-1.8466,58.6954],[-2.3742,58.6954]]}},{"type":"Feature","properties":{"strength":0.15},"geometry":{"type":"LineString","coordinates":[[67.2692,-10.7522],[66.9174,-10.7522],[66.0381,-9.8871]]}},{"type":"Feature","properties":{"strength":0.549},"geometry":{"type":"LineString","coordinates":[[121.4362,10.0603],[121.6121,10.5793],[121.4362,11.6148]]}},{"type":"Feature","properties":{"strength":0.182},"geometry":{"type":"LineString","coordinates":[[69.2037,-19.7346],[92.9458,-10.9249]]}},{"type":"Feature","properties":{"strength":0.243},"geometry":{"type":"LineString","coordinates":[[-143.9472,50.8103],[-142.3644,51.7998],[-142.3644,52.3403]]}},{"type":"Feature","properties":{"strength":0.482},"geometry":{"type":"LineString","coordinates":[[82.7455,12.9894],[82.9213,12.303],[83.4489,11.787]]}},{"type":"Feature","properties":{"strength":0.108},"geometry":{"type":"LineString","coordinates":[[-59.8828,17.2329],[-59.3552,16.3912],[-59.0034,16.3912],[-53.7274,11.9591]]}},{"type":"Feature","properties":{"strength":0.296},"geometry":{"type":"LineString","coordinates":[[133.2193,-6.9298],[132.6917,-6.9298],[131.9883,-6.5805],[130.5813,-5.5312]]}},{"type":"Feature","properties":{"strength":0.554},"geometry":{"type":"LineString","coordinates":[[-10.1124,0.4397],[-10.4641,0.7914],[-10.8158,2.7249]]}},{"type":"Feature","properties":{"strength":0.061},"geometry":{"type":"LineString","coordinates":[[9.7606,-6.4058],[9.4089,-5.7062]]}},{"type":"Feature","properties":{"strength":0.026},"geometry":{"type":"LineString","coordinates":[[-48.8031,8.6721],[-49.1549,9.0197],[-49.5066,9.0197]]}},{"type":"Feature","properties":{"strength":0.777},"geometry":{"type":"LineString","coordinates":[[20.4885,59.3292],[19.7851,59.6862],[19.7851,59.8633],[19.4333,59.9514]]}},{"type":"Feature","properties":{"strength":0.311},"geometry":{"type":"LineString","coordinates":[[14.1573,68.7693],[14.1573,68.8963],[14.8608,69.0854]]}},{"type":"Feature","properties":{"strength":0.456},"geometry":{"type":"LineString","coordinates":[[73.7763,11.9591],[73.0728,11.9591],[71.6659,12.818],[70.7865,13.6739],[70.083,15.0369]]}},{"type":"Feature","properties":{"strength":0.082},"geometry":{"type":"LineString","coordinates":[[73.9521,4.8306],[73.2487,5.0058],[71.1383,4.1293],[70.4348,4.1293],[69.9072,3.6029]]}},{"type":"Feature","properties":{"strength":0.029},"geometry":{"type":"LineString","coordinates":[[-38.9546,28.5491],[-38.9546,29.1652],[-39.3063,29.4719]]}},{"type":"Feature","properties":{"strength":0.412},"geometry":{"type":"LineString","coordinates":[[-5.5398,55.3477],[-5.0122,55.8445]]}},{"type":"Feature","properties":{"strength":0.363},"geometry":{"type":"LineString","coordinates":[[72.0176,8.8459],[72.5452,8.4982],[73.0728,8.4982]]}},{"type":"Feature","properties":{"strength":0.232},"geometry":{"type":"LineString","coordinates":[[145.3542,-39.9935],[145.1783,-39.3165]]}},{"type":"Feature","properties":{"strength":0.113},"geometry":{"type":"LineString","coordinates":[[-18.2022,29.6248],[-17.3229,28.7034],[-16.6194,28.8576],[-16.2677,28.7034]]}},{"type":"Feature","properties":{"strength":0.072},"geometry":{"type":"LineString","coordinates":[[146.937,29.6248],[147.8163,30.2345]]}},{"type":"Feature","properties":{"strength":0.111},"geometry":{"type":"LineString","coordinates":[[146.937,29.6248],[146.0576,29.6248]]}},{"type":"Feature","properties":{"strength":0.082},"geometry":{"type":"LineString","coordinates":[[146.937,29.6248],[147.6404,29.0115],[147.8163,28.2396]]}},{"type":"Feature","properties":{"strength":0.047},"geometry":{"type":"LineString","coordinates":[[-68.6761,21.7084],[-67.9726,21.7084]]}},{"type":"Feature","properties":{"strength":0.709},"geometry":{"type":"LineString","coordinates":[[24.3576,36.8248],[23.6541,36.2596],[23.1265,36.2596],[21.7196,35.1169]]}},{"type":"Feature","properties":{"strength":0.328},"geometry":{"type":"LineString","coordinates":[[-42.9995,0.4397],[-45.1099,0.7914],[-46.1651,1.6705]]}},{"type":"Feature","properties":{"strength":0.525},"geometry":{"type":"LineString","coordinates":[[-42.9995,0.4397],[-42.8236,-0.2638]]}},{"type":"Feature","properties":{"strength":0.082},"geometry":{"type":"LineString","coordinates":[[-91.8906,24.7781],[-91.5388,24.4584],[-91.5388,23.9772]]}},{"type":"Feature","properties":{"strength":0.193},"geometry":{"type":"LineString","coordinates":[[89.6043,22.3604],[89.4284,21.3812],[89.7802,20.8891]]}},{"type":"Feature","properties":{"strength":0.083},"geometry":{"type":"LineString","coordinates":[[-32.2716,11.27],[-31.2164,12.4748]]}},{"type":"Feature","properties":{"strength":0.549},"geometry":{"type":"LineString","coordinates":[[31.0405,35.5474],[29.6336,34.2492]]}},{"type":"Feature","properties":{"strength":0.188},"geometry":{"type":"LineString","coordinates":[[-145.1783,50.5875],[-146.937,50.9213],[-147.4646,51.3627]]}},{"type":"Feature","properties":{"strength":0.102},"geometry":{"type":"LineString","coordinates":[[-145.1783,50.5875],[-146.4094,49.7994],[-146.4094,48.767],[-145.8818,48.184],[-145.3542,48.184]]}},{"type":"Feature","properties":{"strength":0.085},"geometry":{"type":"LineString","coordinates":[[174.5481,53.9228],[173.6688,53.5065]]}},{"type":"Feature","properties":{"strength":0.313},"geometry":{"type":"LineString","coordinates":[[-73.6004,-52.1249],[-74.128,-51.5817],[-74.3039,-50.9213],[-75.0073,-50.3637],[-74.8315,-50.1388]]}},{"type":"Feature","properties":{"strength":0.261},"geometry":{"type":"LineString","coordinates":[[-73.6004,-52.1249],[-72.8969,-51.9084]]}},{"type":"Feature","properties":{"strength":0.365},"geometry":{"type":"LineString","coordinates":[[-73.6004,-52.1249],[-73.7763,-52.6615]]}},{"type":"Feature","properties":{"strength":0.101},"geometry":{"type":"LineString","coordinates":[[-41.2408,32.0407],[-41.5926,31.2923]]}},{"type":"Feature","properties":{"strength":0.538},"geometry":{"type":"LineString","coordinates":[[125.1295,31.1419],[125.1295,29.6248],[125.8329,29.0115]]}},{"type":"Feature","properties":{"strength":0.084},"geometry":{"type":"LineString","coordinates":[[143.0679,33.2255],[145.0024,33.2255],[145.1783,33.3725],[146.2335,33.3725],[146.5852,33.0783],[146.7611,33.2255]]}},{"type":"Feature","properties":{"strength":0.249},"geometry":{"type":"LineString","coordinates":[[60.938,-28.5491],[58.3,-29.1652],[57.5965,-29.7776]]}},{"type":"Feature","properties":{"strength":0.076},"geometry":{"type":"LineString","coordinates":[[-70.9624,30.0824],[-70.7865,30.2345],[-69.5554,30.2345]]}},{"type":"Feature","properties":{"strength":0.199},"geometry":{"type":"LineString","coordinates":[[-171.0308,48.8828],[-171.5584,48.418]]}},{"type":"Feature","properties":{"strength":0.621},"geometry":{"type":"LineString","coordinates":[[114.2257,-5.0058],[114.2257,-4.1293],[114.5774,-3.2518]]}},{"type":"Feature","properties":{"strength":0.074},"geometry":{"type":"LineString","coordinates":[[167.5134,43.6612],[167.5134,43.9151],[166.81,44.4197]]}},{"type":"Feature","properties":{"strength":0.595},"geometry":{"type":"LineString","coordinates":[[3.0777,53.7152],[3.0777,52.5547]]}},{"type":"Feature","properties":{"strength":0.572},"geometry":{"type":"LineString","coordinates":[[-18.3781,13.1607],[-18.3781,11.9591]]}},{"type":"Feature","properties":{"strength":0.02},"geometry":{"type":"LineString","coordinates":[[-37.3718,45.1685],[-37.02,45.416],[-37.02,45.6623]]}},{"type":"Feature","properties":{"strength":0.111},"geometry":{"type":"LineString","coordinates":[[115.2809,-9.3669],[113.874,-10.0603],[112.8188,-10.9249],[109.6532,-12.6464],[108.7738,-13.3319],[107.8945,-13.6739]]}},{"type":"Feature","properties":{"strength":0.296},"geometry":{"type":"LineString","coordinates":[[2.3742,-30.0824],[2.5501,-30.8404],[3.2535,-31.7421]]}},{"type":"Feature","properties":{"strength":0.171},"geometry":{"type":"LineString","coordinates":[[5.1881,-3.9539],[5.7157,-4.48],[5.7157,-4.8306]]}},{"type":"Feature","properties":{"strength":0.485},"geometry":{"type":"LineString","coordinates":[[119.8534,-7.4532],[120.5569,-7.8019],[123.3708,-7.8019]]}},{"type":"Feature","properties":{"strength":0.547},"geometry":{"type":"LineString","coordinates":[[-65.1588,49.6858],[-63.7518,48.9983]]}},{"type":"Feature","properties":{"strength":0.239},"geometry":{"type":"LineString","coordinates":[[133.5711,37.9427],[133.5711,39.4524],[133.9228,40.6638]]}},{"type":"Feature","properties":{"strength":0.3},"geometry":{"type":"LineString","coordinates":[[99.277,-9.1933],[100.3322,-9.0197]]}},{"type":"Feature","properties":{"strength":0.128},"geometry":{"type":"LineString","coordinates":[[-165.2272,46.878],[-165.2272,45.5393]]}},{"type":"Feature","properties":{"strength":0.455},"geometry":{"type":"LineString","coordinates":[[-83.9766,7.4532],[-84.8559,7.8019],[-85.7352,8.4982]]}},{"type":"Feature","properties":{"strength":0.55},"geometry":{"type":"LineString","coordinates":[[-32.4475,-6.4058],[-35.4372,-3.7784]]}},{"type":"Feature","properties":{"strength":0.411},"geometry":{"type":"LineString","coordinates":[[123.7225,4.1293],[120.9086,1.8463]]}},{"type":"Feature","properties":{"strength":0.714},"geometry":{"type":"LineString","coordinates":[[37.8994,-30.6893],[36.8442,-30.6893]]}},{"type":"Feature","properties":{"strength":0.344},"geometry":{"type":"LineString","coordinates":[[10.9917,40.5303],[10.64,41.4594]]}},{"type":"Feature","properties":{"strength":0.071},"geometry":{"type":"LineString","coordinates":[[152.5647,-33.6658],[152.9165,-33.958],[155.5545,-33.958],[155.7303,-34.1037],[158.3683,-34.1037],[158.5442,-33.958],[158.7201,-34.1037],[161.8857,-34.1037]]}},{"type":"Feature","properties":{"strength":0.26},"geometry":{"type":"LineString","coordinates":[[10.1124,-14.8669],[10.9917,-14.3564],[11.871,-13.3319],[12.2228,-10.7522],[12.5745,-9.8871],[12.5745,-8.3242],[12.3986,-8.1502]]}},{"type":"Feature","properties":{"strength":0.066},"geometry":{"type":"LineString","coordinates":[[-38.6028,43.9151],[-39.4822,43.1501]]}},{"type":"Feature","properties":{"strength":0.109},"geometry":{"type":"LineString","coordinates":[[-59.3552,34.8287],[-57.2447,34.8287],[-57.0689,34.9729]]}},{"type":"Feature","properties":{"strength":0.021},"geometry":{"type":"LineString","coordinates":[[-110.8842,26.5219],[-111.5877,26.8362]]}},{"type":"Feature","properties":{"strength":0.58},"geometry":{"type":"LineString","coordinates":[[102.9702,9.5404],[102.4426,9.8871],[102.4426,10.2334]]}},{"type":"Feature","properties":{"strength":0.459},"geometry":{"type":"LineString","coordinates":[[10.9917,-33.6658],[8.8813,-31.8915]]}},{"type":"Feature","properties":{"strength":0.231},"geometry":{"type":"LineString","coordinates":[[96.1114,3.6029],[94.5286,5.8812]]}},{"type":"Feature","properties":{"strength":0.222},"geometry":{"type":"LineString","coordinates":[[83.2731,3.9539],[84.3283,3.7784]]}},{"type":"Feature","properties":{"strength":0.222},"geometry":{"type":"LineString","coordinates":[[13.8056,35.4041],[14.1573,34.9729],[14.1573,34.1037],[15.0366,33.3725]]}},{"type":"Feature","properties":{"strength":0.446},"geometry":{"type":"LineString","coordinates":[[-110.8842,21.7084],[-109.6532,22.8475]]}},{"type":"Feature","properties":{"strength":0.136},"geometry":{"type":"LineString","coordinates":[[-47.5721,24.6184],[-51.2653,22.6853]]}},{"type":"Feature","properties":{"strength":0.086},"geometry":{"type":"LineString","coordinates":[[147.4646,15.0369],[149.0474,9.8871],[149.0474,9.1933],[150.1026,7.2788],[150.4543,5.3561],[150.8061,5.0058]]}},{"type":"Feature","properties":{"strength":0.111},"geometry":{"type":"LineString","coordinates":[[-24.8852,17.0649],[-23.83,18.7383]]}},{"type":"Feature","properties":{"strength":0.253},"geometry":{"type":"LineString","coordinates":[[136.7367,16.0534],[137.616,17.0649]]}},{"type":"Feature","properties":{"strength":0.302},"geometry":{"type":"LineString","coordinates":[[78.1729,-2.7249],[77.9971,-3.9539],[80.1075,-6.0561]]}},{"type":"Feature","properties":{"strength":0.1},"geometry":{"type":"LineString","coordinates":[[-163.6444,49.3432],[-162.2374,49.3432],[-162.0616,49.2285]]}},{"type":"Feature","properties":{"strength":0.108},"geometry":{"type":"LineString","coordinates":[[-176.3068,44.6704],[-176.4827,44.4197],[-177.5379,44.4197]]}},{"type":"Feature","properties":{"strength":0.41},"geometry":{"type":"LineString","coordinates":[[80.9868,13.1607],[80.9868,14.0154]]}},{"type":"Feature","properties":{"strength":0.084},"geometry":{"type":"LineString","coordinates":[[23.3024,65.6397],[23.3024,65.3479]]}},{"type":"Feature","properties":{"strength":0.273},"geometry":{"type":"LineString","coordinates":[[22.4231,59.5082],[22.9507,59.2394],[23.3024,58.7867],[23.3024,58.0499]]}},{"type":"Feature","properties":{"strength":0.201},"geometry":{"type":"LineString","coordinates":[[81.1627,0.7914],[81.5144,1.4947]]}},{"type":"Feature","properties":{"strength":0.761},"geometry":{"type":"LineString","coordinates":[[11.5193,54.6415],[11.1676,54.2324]]}},{"type":"Feature","properties":{"strength":0.411},"geometry":{"type":"LineString","coordinates":[[134.4504,-35.2607],[134.2745,-35.4041],[122.4915,-35.4041]]}},{"type":"Feature","properties":{"strength":0.379},"geometry":{"type":"LineString","coordinates":[[-68.6761,13.5029],[-68.5002,12.303],[-68.1485,11.6148],[-67.6209,11.27]]}},{"type":"Feature","properties":{"strength":0.63},"geometry":{"type":"LineString","coordinates":[[-81.3385,6.7552],[-79.9316,7.1043]]}},{"type":"Feature","properties":{"strength":0.109},"geometry":{"type":"LineString","coordinates":[[-36.1407,48.418],[-36.1407,47.8311],[-35.789,47.5944]]}},{"type":"Feature","properties":{"strength":0.371},"geometry":{"type":"LineString","coordinates":[[-88.3732,24.4584],[-88.3732,25.0971]]}},{"type":"Feature","properties":{"strength":0.018},"geometry":{"type":"LineString","coordinates":[[-58.6517,-42.764],[-59.0034,-43.2783]]}},{"type":"Feature","properties":{"strength":0.456},"geometry":{"type":"LineString","coordinates":[[7.2985,63.4489],[8.3537,62.8933]]}},{"type":"Feature","properties":{"strength":0.391},"geometry":{"type":"LineString","coordinates":[[126.5364,2.9006],[126.1847,3.2518],[126.1847,4.1293]]}},{"type":"Feature","properties":{"strength":0.286},"geometry":{"type":"LineString","coordinates":[[-95.5838,22.523],[-95.7596,21.0533]]}},{"type":"Feature","properties":{"strength":0.597},"geometry":{"type":"LineString","coordinates":[[-15.0366,8.1502],[-13.8056,8.4982]]}},{"type":"Feature","properties":{"strength":0.277},"geometry":{"type":"LineString","coordinates":[[-64.6312,12.6464],[-64.6312,14.3564],[-64.807,14.5267]]}},{"type":"Feature","properties":{"strength":0.744},"geometry":{"type":"LineString","coordinates":[[11.3434,37.9427],[11.6952,37.6648],[11.6952,37.2459],[12.0469,36.6839]]}},{"type":"Feature","properties":{"strength":0.569},"geometry":{"type":"LineString","coordinates":[[-61.8173,11.4425],[-60.938,11.4425]]}},{"type":"Feature","properties":{"strength":0.313},"geometry":{"type":"LineString","coordinates":[[69.9072,15.2066],[70.083,15.7151],[70.7865,16.3912]]}},{"type":"Feature","properties":{"strength":0.306},"geometry":{"type":"LineString","coordinates":[[111.4118,5.8812],[112.8188,6.4058],[113.3464,6.9298]]}},{"type":"Feature","properties":{"strength":0.888},"geometry":{"type":"LineString","coordinates":[[132.1641,33.812],[132.6917,34.2492],[133.3952,34.2492],[133.7469,34.5395],[134.4504,34.6842],[134.8021,34.5395]]}},{"type":"Feature","properties":{"strength":0.09},"geometry":{"type":"LineString","coordinates":[[-19.4333,45.2924],[-20.3127,45.1685],[-20.6644,44.7953]]}},{"type":"Feature","properties":{"strength":0.37},"geometry":{"type":"LineString","coordinates":[[-91.5388,21.7084],[-91.1871,21.7084],[-90.8354,22.0348]]}},{"type":"Feature","properties":{"strength":0.314},"geometry":{"type":"LineString","coordinates":[[11.3434,57.8633],[13.278,58.9685],[13.4538,59.2394]]}},{"type":"Feature","properties":{"strength":0.149},"geometry":{"type":"LineString","coordinates":[[62.8725,-12.1311],[63.576,-12.303],[63.9277,-12.6464]]}},{"type":"Feature","properties":{"strength":0.228},"geometry":{"type":"LineString","coordinates":[[126.0088,21.2173],[126.0088,19.7346],[126.1847,19.569]]}},{"type":"Feature","properties":{"strength":0.126},"geometry":{"type":"LineString","coordinates":[[-38.0752,-0.9672],[-37.02,0.0879],[-37.02,0.7914]]}},{"type":"Feature","properties":{"strength":0.269},"geometry":{"type":"LineString","coordinates":[[113.5222,-20.7247],[114.4016,-20.5601]]}},{"type":"Feature","properties":{"strength":0.692},"geometry":{"type":"LineString","coordinates":[[118.0948,-18.9048],[118.0948,-18.0708]]}},{"type":"Feature","properties":{"strength":0.115},"geometry":{"type":"LineString","coordinates":[[87.4939,12.1311],[86.6146,12.1311],[86.087,12.4748]]}},{"type":"Feature","properties":{"strength":0.584},"geometry":{"type":"LineString","coordinates":[[16.9712,37.1058],[16.9712,37.6648],[17.6746,39.4524]]}},{"type":"Feature","properties":{"strength":0.163},"geometry":{"type":"LineString","coordinates":[[-137.2643,39.9935],[-134.8021,38.6329]]}},{"type":"Feature","properties":{"strength":0.145},"geometry":{"type":"LineString","coordinates":[[-25.4128,33.958],[-26.1163,33.3725],[-26.2921,32.7831]]}},{"type":"Feature","properties":{"strength":0.115},"geometry":{"type":"LineString","coordinates":[[-65.1588,20.5601],[-64.2794,21.5449],[-62.169,23.1713]]}},{"type":"Feature","properties":{"strength":0.073},"geometry":{"type":"LineString","coordinates":[[-177.0103,45.416],[-177.0103,47.3567]]}},{"type":"Feature","properties":{"strength":0.643},"geometry":{"type":"LineString","coordinates":[[28.0508,34.2492],[27.5232,33.812],[25.4128,33.812],[23.4783,34.2492]]}},{"type":"Feature","properties":{"strength":0.284},"geometry":{"type":"LineString","coordinates":[[-75.8867,26.3645],[-76.0625,27.9293],[-76.4143,28.2396]]}},{"type":"Feature","properties":{"strength":0.76},"geometry":{"type":"LineString","coordinates":[[109.1255,-2.0221],[108.2462,-1.8463],[107.5427,-1.1431]]}},{"type":"Feature","properties":{"strength":0.179},"geometry":{"type":"LineString","coordinates":[[-72.1935,36.6839],[-72.8969,36.1177],[-73.4245,36.1177]]}},{"type":"Feature","properties":{"strength":0.228},"geometry":{"type":"LineString","coordinates":[[-0.9673,58.7867],[-1.4949,59.5082]]}},{"type":"Feature","properties":{"strength":0.574},"geometry":{"type":"LineString","coordinates":[[19.9609,58.4202],[18.9057,58.4202]]}},{"type":"Feature","properties":{"strength":0.025},"geometry":{"type":"LineString","coordinates":[[49.6825,-0.2638],[49.1549,-0.4397],[49.3307,-1.1431]]}},{"type":"Feature","properties":{"strength":0.034},"geometry":{"type":"LineString","coordinates":[[57.9482,-29.9301],[59.531,-29.7776],[60.938,-29.1652]]}},{"type":"Feature","properties":{"strength":0.793},"geometry":{"type":"LineString","coordinates":[[121.9638,26.8362],[120.5569,28.0846]]}},{"type":"Feature","properties":{"strength":0.629},"geometry":{"type":"LineString","coordinates":[[51.617,25.0971],[52.4963,26.0489]]}},{"type":"Feature","properties":{"strength":0.059},"geometry":{"type":"LineString","coordinates":[[177.1861,44.4197],[177.1861,45.6623],[176.6585,46.0298]]}},{"type":"Feature","properties":{"strength":0.105},"geometry":{"type":"LineString","coordinates":[[-142.3644,30.2345],[-143.5955,29.9301]]}},{"type":"Feature","properties":{"strength":0.031},"geometry":{"type":"LineString","coordinates":[[-39.4822,11.0975],[-38.7787,11.787]]}},{"type":"Feature","properties":{"strength":0.394},"geometry":{"type":"LineString","coordinates":[[123.0191,22.8475],[125.1295,22.8475],[125.3053,23.0095]]}},{"type":"Feature","properties":{"strength":0.245},"geometry":{"type":"LineString","coordinates":[[-78.1729,19.0711],[-78.7005,18.238]]}},{"type":"Feature","properties":{"strength":0.329},"geometry":{"type":"LineString","coordinates":[[3.0777,2.5492],[2.9018,2.9006],[2.1983,3.0762]]}},{"type":"Feature","properties":{"strength":0.368},"geometry":{"type":"LineString","coordinates":[[-79.0523,28.3945],[-77.4695,27.9293]]}},{"type":"Feature","properties":{"strength":0.054},"geometry":{"type":"LineString","coordinates":[[145.7059,15.2066],[145.1783,14.8669],[144.299,13.6739]]}},{"type":"Feature","properties":{"strength":0.558},"geometry":{"type":"LineString","coordinates":[[118.7982,-0.0879],[119.3258,-0.6155],[119.8534,-0.6155]]}},{"type":"Feature","properties":{"strength":0.389},"geometry":{"type":"LineString","coordinates":[[88.0215,19.9],[87.1422,19.4032]]}},{"type":"Feature","properties":{"strength":0.42},"geometry":{"type":"LineString","coordinates":[[129.702,3.6029],[131.4607,2.5492],[134.0987,1.4947]]}},{"type":"Feature","properties":{"strength":0.334},"geometry":{"type":"LineString","coordinates":[[118.7982,-5.3561],[119.5017,-4.6553],[119.5017,-4.1293],[119.3258,-3.9539],[118.2706,-3.9539]]}},{"type":"Feature","properties":{"strength":0.194},"geometry":{"type":"LineString","coordinates":[[-76.0625,-47.2374],[-75.5349,-47.2374],[-74.6556,-48.0666],[-74.4797,-49.7994],[-74.8315,-50.0259]]}},{"type":"Feature","properties":{"strength":0.084},"geometry":{"type":"LineString","coordinates":[[150.4543,59.5082],[150.1026,59.1493],[149.7509,58.1428]]}},{"type":"Feature","properties":{"strength":0.058},"geometry":{"type":"LineString","coordinates":[[-86.9663,28.2396],[-85.9111,27.7738]]}},{"type":"Feature","properties":{"strength":0.092},"geometry":{"type":"LineString","coordinates":[[-2.9018,-28.2396],[-4.1329,-27.9293]]}},{"type":"Feature","properties":{"strength":0.355},"geometry":{"type":"LineString","coordinates":[[109.829,16.8967],[110.1808,15.2066],[110.1808,13.6739],[111.236,12.6464]]}},{"type":"Feature","properties":{"strength":0.127},"geometry":{"type":"LineString","coordinates":[[-2.1983,61.2463],[-0.9673,61.1616],[2.1983,59.7748],[3.4294,59.6862],[4.1329,59.3292]]}},{"type":"Feature","properties":{"strength":0.137},"geometry":{"type":"LineString","coordinates":[[151.5095,42.1151],[154.4993,43.5338],[156.6097,44.168]]}},{"type":"Feature","properties":{"strength":0.131},"geometry":{"type":"LineString","coordinates":[[-24.7093,40.7971],[-22.7748,42.3755]]}},{"type":"Feature","properties":{"strength":0.099},"geometry":{"type":"LineString","coordinates":[[-10.1124,54.8445],[-8.8813,55.5472]]}},{"type":"Feature","properties":{"strength":0.093},"geometry":{"type":"LineString","coordinates":[[-11.1676,51.1425],[-11.871,51.032]]}},{"type":"Feature","properties":{"strength":0.21},"geometry":{"type":"LineString","coordinates":[[-23.6541,21.5449],[-22.5989,22.1977]]}},{"type":"Feature","properties":{"strength":0.603},"geometry":{"type":"LineString","coordinates":[[142.3644,-10.5793],[141.661,-10.7522]]}},{"type":"Feature","properties":{"strength":0.185},"geometry":{"type":"LineString","coordinates":[[-132.8676,37.8039],[-131.8124,37.6648]]}},{"type":"Feature","properties":{"strength":0.357},"geometry":{"type":"LineString","coordinates":[[21.5437,60.3018],[21.0161,60.6485],[21.0161,60.8204],[20.3127,61.1616]]}},{"type":"Feature","properties":{"strength":0.236},"geometry":{"type":"LineString","coordinates":[[-122.8432,29.7776],[-122.4915,29.7776],[-122.1397,29.4719]]}},{"type":"Feature","properties":{"strength":0.43},"geometry":{"type":"LineString","coordinates":[[111.7636,-2.7249],[111.4118,-3.4274],[111.4118,-4.6553]]}},{"type":"Feature","properties":{"strength":0.677},"geometry":{"type":"LineString","coordinates":[[145.3542,-39.1803],[146.0576,-39.1803]]}},{"type":"Feature","properties":{"strength":0.142},"geometry":{"type":"LineString","coordinates":[[-90.3078,3.4274],[-90.1319,2.9006],[-88.3732,1.1431],[-87.8456,0.2638],[-85.9111,-1.8463]]}},{"type":"Feature","properties":{"strength":0.04},"geometry":{"type":"LineString","coordinates":[[-18.9057,46.2735],[-18.9057,45.9076],[-18.554,45.6623]]}},{"type":"Feature","properties":{"strength":0.116},"geometry":{"type":"LineString","coordinates":[[175.9551,44.168],[175.7792,44.0417],[174.724,44.0417],[173.6688,44.6704]]}},{"type":"Feature","properties":{"strength":0.859},"geometry":{"type":"LineString","coordinates":[[25.4128,38.3576],[25.0611,39.0438]]}},{"type":"Feature","properties":{"strength":0.11},"geometry":{"type":"LineString","coordinates":[[-16.9712,30.8404],[-17.3229,30.6893],[-17.3229,30.3863]]}},{"type":"Feature","properties":{"strength":0.387},"geometry":{"type":"LineString","coordinates":[[136.5608,-35.4041],[137.7919,-35.2607]]}},{"type":"Feature","properties":{"strength":0.585},"geometry":{"type":"LineString","coordinates":[[56.3654,-19.7346],[56.5413,-20.3954]]}},{"type":"Feature","properties":{"strength":0.054},"geometry":{"type":"LineString","coordinates":[[6.595,-8.3242],[6.9468,-10.0603],[7.4744,-10.7522]]}},{"type":"Feature","properties":{"strength":0.352},"geometry":{"type":"LineString","coordinates":[[86.7904,14.5267],[87.8456,15.5458],[87.8456,15.8844],[89.4284,18.0708]]}},{"type":"Feature","properties":{"strength":0.19},"geometry":{"type":"LineString","coordinates":[[65.1588,-5.181],[65.6864,-4.48]]}},{"type":"Feature","properties":{"strength":0.506},"geometry":{"type":"LineString","coordinates":[[28.2267,60.2146],[30.5129,59.9514]]}},{"type":"Feature","properties":{"strength":0.085},"geometry":{"type":"LineString","coordinates":[[-15.0366,-31.7421],[-18.9057,-31.7421]]}},{"type":"Feature","properties":{"strength":0.266},"geometry":{"type":"LineString","coordinates":[[144.1231,-8.8459],[143.4196,-8.3242],[142.5403,-8.3242],[141.8368,-7.9761],[141.1334,-7.2788],[140.9575,-6.4058]]}},{"type":"Feature","properties":{"strength":0.274},"geometry":{"type":"LineString","coordinates":[[144.1231,-8.8459],[142.5403,-10.4064]]}},{"type":"Feature","properties":{"strength":0.22},"geometry":{"type":"LineString","coordinates":[[150.2785,-5.181],[150.1026,-4.8306],[149.2233,-5.0058]]}},{"type":"Feature","properties":{"strength":0.166},"geometry":{"type":"LineString","coordinates":[[132.34,14.6969],[132.5159,15.3763],[133.9228,16.7283]]}},{"type":"Feature","properties":{"strength":0.137},"geometry":{"type":"LineString","coordinates":[[-164.6996,47.2374],[-164.6996,48.3012]]}},{"type":"Feature","properties":{"strength":0.409},"geometry":{"type":"LineString","coordinates":[[122.3156,18.9048],[122.1397,18.7383],[120.9086,18.9048],[119.3258,20.3954]]}},{"type":"Feature","properties":{"strength":0.037},"geometry":{"type":"LineString","coordinates":[[154.851,39.3165],[154.851,39.5881],[154.4993,39.8586]]}},{"type":"Feature","properties":{"strength":0.739},"geometry":{"type":"LineString","coordinates":[[10.4641,55.8445],[10.4641,56.0415],[11.5193,56.5296]]}},{"type":"Feature","properties":{"strength":0.57},"geometry":{"type":"LineString","coordinates":[[10.4641,55.8445],[9.7606,55.6465],[9.7606,55.1472]]}},{"type":"Feature","properties":{"strength":0.723},"geometry":{"type":"LineString","coordinates":[[10.4641,55.8445],[10.9917,55.1472]]}},{"type":"Feature","properties":{"strength":0.077},"geometry":{"type":"LineString","coordinates":[[-50.9135,30.0824],[-52.6722,31.5924]]}},{"type":"Feature","properties":{"strength":0.059},"geometry":{"type":"LineString","coordinates":[[146.937,24.6184],[147.1128,23.3328]]}},{"type":"Feature","properties":{"strength":0.102},"geometry":{"type":"LineString","coordinates":[[-179.8241,20.7247],[-163.8202,17.2329]]}},{"type":"Feature","properties":{"strength":0.175},"geometry":{"type":"LineString","coordinates":[[134.2745,-5.0058],[134.0987,-5.5312],[133.5711,-5.3561]]}},{"type":"Feature","properties":{"strength":0.644},"geometry":{"type":"LineString","coordinates":[[145.1783,-1.3189],[145.0024,-0.6155]]}},{"type":"Feature","properties":{"strength":0.327},"geometry":{"type":"LineString","coordinates":[[-6.4191,-30.8404],[-6.0674,-30.6893],[-1.1431,-30.6893],[-0.6155,-30.2345]]}},{"type":"Feature","properties":{"strength":0.422},"geometry":{"type":"LineString","coordinates":[[114.5774,-32.3384],[113.6981,-30.2345]]}},{"type":"Feature","properties":{"strength":0.596},"geometry":{"type":"LineString","coordinates":[[137.0884,36.9654],[137.2643,37.1058],[137.2643,37.9427],[136.7367,38.3576]]}},{"type":"Feature","properties":{"strength":0.432},"geometry":{"type":"LineString","coordinates":[[117.2154,17.5686],[116.3361,16.5598],[116.3361,14.8669]]}},{"type":"Feature","properties":{"strength":0.381},"geometry":{"type":"LineString","coordinates":[[56.893,11.4425],[56.893,13.3319],[57.9482,14.3564]]}},{"type":"Feature","properties":{"strength":0.087},"geometry":{"type":"LineString","coordinates":[[140.7816,46.0298],[140.7816,46.3949],[141.4851,46.7576]]}},{"type":"Feature","properties":{"strength":0.093},"geometry":{"type":"LineString","coordinates":[[65.8622,-4.3047],[66.7416,-4.3047]]}},{"type":"Feature","properties":{"strength":0.309},"geometry":{"type":"LineString","coordinates":[[65.8622,-9.5404],[64.9829,-9.5404],[64.2794,-9.8871],[63.7518,-10.4064],[63.7518,-10.7522]]}},{"type":"Feature","properties":{"strength":0.127},"geometry":{"type":"LineString","coordinates":[[89.4284,18.9048],[88.3732,19.9]]}},{"type":"Feature","properties":{"strength":0.482},"geometry":{"type":"LineString","coordinates":[[152.7406,-23.0095],[152.0371,-22.8475]]}},{"type":"Feature","properties":{"strength":0.411},"geometry":{"type":"LineString","coordinates":[[152.7406,-23.0095],[152.7406,-23.6554]]}},{"type":"Feature","properties":{"strength":0.499},"geometry":{"type":"LineString","coordinates":[[20.1368,37.6648],[20.1368,37.3858],[19.2574,36.6839]]}},{"type":"Feature","properties":{"strength":0.832},"geometry":{"type":"LineString","coordinates":[[121.9638,35.1169],[121.0845,35.2607],[120.2052,34.9729]]}},{"type":"Feature","properties":{"strength":0.095},"geometry":{"type":"LineString","coordinates":[[-38.427,45.0444],[-37.5476,45.0444]]}},{"type":"Feature","properties":{"strength":0.042},"geometry":{"type":"LineString","coordinates":[[-17.6746,45.9076],[-18.0264,46.1518],[-18.0264,46.5161]]}},{"type":"Feature","properties":{"strength":0.286},"geometry":{"type":"LineString","coordinates":[[-57.2447,46.0298],[-58.3,46.0298]]}},{"type":"Feature","properties":{"strength":0.267},"geometry":{"type":"LineString","coordinates":[[123.1949,-2.9006],[122.3156,-2.1978]]}},{"type":"Feature","properties":{"strength":0.029},"geometry":{"type":"LineString","coordinates":[[-37.5476,28.5491],[-37.7235,28.2396],[-38.2511,28.3945]]}},{"type":"Feature","properties":{"strength":0.073},"geometry":{"type":"LineString","coordinates":[[-19.6092,30.6893],[-21.0161,30.8404]]}},{"type":"Feature","properties":{"strength":0.2},"geometry":{"type":"LineString","coordinates":[[143.9472,26.2068],[143.0679,25.7325]]}},{"type":"Feature","properties":{"strength":0.104},"geometry":{"type":"LineString","coordinates":[[-16.6194,-16.7283],[-14.1573,-18.5717],[-12.9262,-19.0711]]}},{"type":"Feature","properties":{"strength":0.085},"geometry":{"type":"LineString","coordinates":[[166.6341,-21.2173],[167.1617,-21.8717]]}},{"type":"Feature","properties":{"strength":0.127},"geometry":{"type":"LineString","coordinates":[[149.575,1.1431],[149.0474,1.6705]]}},{"type":"Feature","properties":{"strength":0.153},"geometry":{"type":"LineString","coordinates":[[67.445,-5.8812],[68.3244,-6.7552]]}},{"type":"Feature","properties":{"strength":0.474},"geometry":{"type":"LineString","coordinates":[[-12.7504,33.3725],[-12.7504,33.812],[-13.1021,34.2492]]}},{"type":"Feature","properties":{"strength":0.143},"geometry":{"type":"LineString","coordinates":[[-44.4064,-26.2068],[-42.296,-28.0846],[-38.6028,-29.4719]]}},{"type":"Feature","properties":{"strength":0.416},"geometry":{"type":"LineString","coordinates":[[151.5095,-23.3328],[151.6854,-23.8164],[152.5647,-23.8164]]}},{"type":"Feature","properties":{"strength":0.157},"geometry":{"type":"LineString","coordinates":[[-33.5027,-22.8475],[-33.5027,-23.4942],[-33.151,-23.8164]]}},{"type":"Feature","properties":{"strength":0.038},"geometry":{"type":"LineString","coordinates":[[-40.7132,8.4982],[-41.4167,7.9761]]}},{"type":"Feature","properties":{"strength":0.191},"geometry":{"type":"LineString","coordinates":[[10.8158,-5.3561],[10.8158,-6.4058]]}},{"type":"Feature","properties":{"strength":0.191},"geometry":{"type":"LineString","coordinates":[[-50.5618,45.9076],[-49.6825,46.0298]]}},{"type":"Feature","properties":{"strength":0.167},"geometry":{"type":"LineString","coordinates":[[-50.5618,45.9076],[-51.7929,45.9076],[-52.1446,46.1518]]}},{"type":"Feature","properties":{"strength":0.056},"geometry":{"type":"LineString","coordinates":[[-50.5618,45.9076],[-50.0342,45.5393],[-49.6825,45.5393],[-49.5066,45.9076]]}},{"type":"Feature","properties":{"strength":0.096},"geometry":{"type":"LineString","coordinates":[[-19.7851,43.6612],[-20.3127,43.2783],[-20.6644,43.2783]]}},{"type":"Feature","properties":{"strength":0.387},"geometry":{"type":"LineString","coordinates":[[32.6234,-25.8908],[33.3268,-25.8908],[34.7338,-27.1496]]}},{"type":"Feature","properties":{"strength":0.5},"geometry":{"type":"LineString","coordinates":[[2.9018,53.8191],[2.7259,53.9228],[1.6707,53.9228]]}},{"type":"Feature","properties":{"strength":0.629},"geometry":{"type":"LineString","coordinates":[[14.509,38.9071],[15.0366,38.7701],[15.5642,38.3576],[15.5642,37.9427],[16.7953,36.9654]]}},{"type":"Feature","properties":{"strength":0.29},"geometry":{"type":"LineString","coordinates":[[-87.318,16.3912],[-84.5042,16.5598]]}},{"type":"Feature","properties":{"strength":0.219},"geometry":{"type":"LineString","coordinates":[[75.1832,5.3561],[74.4797,5.181],[74.128,4.8306]]}},{"type":"Feature","properties":{"strength":0.259},"geometry":{"type":"LineString","coordinates":[[57.2447,-29.7776],[56.893,-29.6248],[55.6619,-30.0824]]}},{"type":"Feature","properties":{"strength":0.108},"geometry":{"type":"LineString","coordinates":[[-21.192,63.5274],[-20.3127,63.6057],[-19.6092,63.2913]]}},{"type":"Feature","properties":{"strength":0.328},"geometry":{"type":"LineString","coordinates":[[118.6224,21.5449],[117.9189,22.0348]]}},{"type":"Feature","properties":{"strength":0.41},"geometry":{"type":"LineString","coordinates":[[-114.0498,23.4942],[-114.4016,25.0971],[-115.6326,26.3645]]}},{"type":"Feature","properties":{"strength":0.329},"geometry":{"type":"LineString","coordinates":[[10.4641,38.4954],[10.64,40.2624],[10.8158,40.3965]]}},{"type":"Feature","properties":{"strength":0.194},"geometry":{"type":"LineString","coordinates":[[-62.6966,12.1311],[-62.169,12.6464],[-61.9932,13.5029]]}},{"type":"Feature","properties":{"strength":0.573},"geometry":{"type":"LineString","coordinates":[[17.6746,59.3292],[17.6746,59.059],[18.7298,58.5122]]}},{"type":"Feature","properties":{"strength":0.344},"geometry":{"type":"LineString","coordinates":[[123.3708,11.4425],[122.6673,10.5793],[121.6121,9.8871]]}},{"type":"Feature","properties":{"strength":0.237},"geometry":{"type":"LineString","coordinates":[[-74.4797,33.812],[-74.3039,33.958],[-74.3039,35.2607],[-73.4245,36.1177]]}},{"type":"Feature","properties":{"strength":0.168},"geometry":{"type":"LineString","coordinates":[[-74.4797,33.812],[-75.5349,33.5193]]}},{"type":"Feature","properties":{"strength":0.157},"geometry":{"type":"LineString","coordinates":[[-74.4797,33.812],[-74.128,33.3725],[-74.128,32.9308],[-73.7763,32.6351]]}},{"type":"Feature","properties":{"strength":0.348},"geometry":{"type":"LineString","coordinates":[[143.2438,45.9076],[143.7714,45.9076],[144.299,46.3949]]}},{"type":"Feature","properties":{"strength":0.044},"geometry":{"type":"LineString","coordinates":[[53.0239,4.3047],[53.7274,5.0058],[54.0791,5.8812]]}},{"type":"Feature","properties":{"strength":0.649},"geometry":{"type":"LineString","coordinates":[[1.4949,53.9228],[0.2638,53.0861]]}},{"type":"Feature","properties":{"strength":0.179},"geometry":{"type":"LineString","coordinates":[[0.7914,-25.0971],[1.6707,-25.7325]]}},{"type":"Feature","properties":{"strength":0.051},"geometry":{"type":"LineString","coordinates":[[-82.3937,-5.0058],[-82.9213,-4.48],[-83.4489,-4.48]]}},{"type":"Feature","properties":{"strength":0.797},"geometry":{"type":"LineString","coordinates":[[-7.2985,36.1177],[-7.1226,35.9755],[-2.3742,36.1177],[-1.8466,36.4013],[-1.1431,36.4013],[1.4949,38.0812]]}},{"type":"Feature","properties":{"strength":0.503},"geometry":{"type":"LineString","coordinates":[[81.8661,5.181],[80.9868,5.181],[80.4592,4.6553]]}},{"type":"Feature","properties":{"strength":0.081},"geometry":{"type":"LineString","coordinates":[[1.6707,56.6264],[1.1431,56.6264],[0.2638,57.1071],[-0.0879,57.1071]]}},{"type":"Feature","properties":{"strength":0.208},"geometry":{"type":"LineString","coordinates":[[-149.9267,52.2327],[-147.9922,53.4018],[-147.9922,54.2324]]}},{"type":"Feature","properties":{"strength":0.289},"geometry":{"type":"LineString","coordinates":[[-129.1744,40.5303],[-129.5261,41.1953],[-129.5261,44.168],[-129.3503,44.294],[-129.3503,45.6623],[-129.1744,45.7851],[-129.3503,46.1518],[-129.1744,46.3949]]}},{"type":"Feature","properties":{"strength":0.333},"geometry":{"type":"LineString","coordinates":[[-3.6053,56.1396],[-1.4949,56.4324]]}},{"type":"Feature","properties":{"strength":0.195},"geometry":{"type":"LineString","coordinates":[[178.7689,-18.238],[178.0655,-18.4049]]}},{"type":"Feature","properties":{"strength":0.051},"geometry":{"type":"LineString","coordinates":[[-177.7137,44.5452],[-177.7137,45.1685]]}},{"type":"Feature","properties":{"strength":0.281},"geometry":{"type":"LineString","coordinates":[[148.1681,-5.3561],[147.9922,-6.0561]]}},{"type":"Feature","properties":{"strength":0.154},"geometry":{"type":"LineString","coordinates":[[105.6082,-7.2788],[107.7186,-7.8019],[109.4773,-7.8019],[110.8842,-8.3242],[113.3464,-8.4982],[114.4016,-8.8459]]}},{"type":"Feature","properties":{"strength":0.593},"geometry":{"type":"LineString","coordinates":[[-11.5193,41.3275],[-10.4641,41.4594]]}},{"type":"Feature","properties":{"strength":0.521},"geometry":{"type":"LineString","coordinates":[[-94.5286,29.0115],[-95.232,29.9301]]}},{"type":"Feature","properties":{"strength":0.344},"geometry":{"type":"LineString","coordinates":[[-94.5286,29.0115],[-94.7044,28.8576],[-94.5286,27.7738]]}},{"type":"Feature","properties":{"strength":0.104},"geometry":{"type":"LineString","coordinates":[[-32.0957,-25.0971],[-30.6888,-23.8164],[-30.1612,-23.8164],[-29.4577,-24.1378]]}},{"type":"Feature","properties":{"strength":0.04},"geometry":{"type":"LineString","coordinates":[[48.979,-33.5193],[46.1651,-33.6658]]}},{"type":"Feature","properties":{"strength":0.589},"geometry":{"type":"LineString","coordinates":[[121.2604,20.8891],[120.0293,20.8891],[119.3258,20.3954]]}},{"type":"Feature","properties":{"strength":0.052},"geometry":{"type":"LineString","coordinates":[[-93.6492,9.5404],[-93.6492,9.1933],[-93.2975,9.0197]]}},{"type":"Feature","properties":{"strength":0.318},"geometry":{"type":"LineString","coordinates":[[72.5452,10.4064],[71.49,10.5793],[70.2589,9.3669]]}},{"type":"Feature","properties":{"strength":0.111},"geometry":{"type":"LineString","coordinates":[[-81.6903,14.0154],[-80.9868,13.6739]]}},{"type":"Feature","properties":{"strength":0.415},"geometry":{"type":"LineString","coordinates":[[72.7211,-2.0221],[74.128,-1.3189],[74.8315,-0.4397]]}},{"type":"Feature","properties":{"strength":0.383},"geometry":{"type":"LineString","coordinates":[[104.3771,8.1502],[105.7841,7.9761],[107.191,8.3242]]}},{"type":"Feature","properties":{"strength":0.116},"geometry":{"type":"LineString","coordinates":[[-160.127,43.2783],[-149.7509,41.4594],[-149.2233,41.1953],[-147.9922,41.0628],[-147.1128,40.6638],[-146.5852,40.6638],[-142.892,39.4524],[-142.3644,39.4524]]}},{"type":"Feature","properties":{"strength":0.464},"geometry":{"type":"LineString","coordinates":[[66.5657,-16.0534],[66.3898,-17.2329]]}},{"type":"Feature","properties":{"strength":0.307},"geometry":{"type":"LineString","coordinates":[[-88.725,26.3645],[-87.318,27.6181],[-87.318,28.2396]]}},{"type":"Feature","properties":{"strength":0.264},"geometry":{"type":"LineString","coordinates":[[15.916,69.4589],[15.3884,69.4589],[15.0366,69.1481]]}},{"type":"Feature","properties":{"strength":0.098},"geometry":{"type":"LineString","coordinates":[[-28.2267,-24.1378],[-29.2819,-24.1378]]}},{"type":"Feature","properties":{"strength":0.09},"geometry":{"type":"LineString","coordinates":[[-28.2267,-24.1378],[-26.1163,-24.7781],[-25.7645,-24.6184]]}},{"type":"Feature","properties":{"strength":0.154},"geometry":{"type":"LineString","coordinates":[[128.9985,-8.1502],[128.8227,-7.8019],[128.2951,-7.8019]]}},{"type":"Feature","properties":{"strength":0.138},"geometry":{"type":"LineString","coordinates":[[137.9678,26.3645],[137.0884,26.3645],[136.9126,26.2068]]}},{"type":"Feature","properties":{"strength":0.356},"geometry":{"type":"LineString","coordinates":[[-117.5672,31.4425],[-117.0396,31.8915],[-116.6878,31.8915]]}},{"type":"Feature","properties":{"strength":0.585},"geometry":{"type":"LineString","coordinates":[[-14.6849,29.4719],[-13.6297,28.7034]]}},{"type":"Feature","properties":{"strength":0.274},"geometry":{"type":"LineString","coordinates":[[-52.3205,41.1953],[-55.6619,43.6612]]}},{"type":"Feature","properties":{"strength":0.177},"geometry":{"type":"LineString","coordinates":[[-52.3205,41.1953],[-50.0342,41.1953],[-47.0445,38.9071]]}},{"type":"Feature","properties":{"strength":0.225},"geometry":{"type":"LineString","coordinates":[[-52.3205,41.1953],[-53.0239,40.6638],[-55.1343,40.1281],[-55.4861,39.7235]]}},{"type":"Feature","properties":{"strength":0.113},"geometry":{"type":"LineString","coordinates":[[140.7816,15.3763],[141.4851,16.2224]]}},{"type":"Feature","properties":{"strength":0.695},"geometry":{"type":"LineString","coordinates":[[-82.9213,7.1043],[-82.2179,6.9298]]}},{"type":"Feature","properties":{"strength":0.257},"geometry":{"type":"LineString","coordinates":[[-71.3141,29.9301],[-72.1935,29.1652],[-73.7763,27.1496],[-73.7763,26.2068],[-74.128,25.8908]]}},{"type":"Feature","properties":{"strength":0.216},"geometry":{"type":"LineString","coordinates":[[-75.0073,13.8447],[-74.4797,13.3319],[-74.4797,12.4748]]}},{"type":"Feature","properties":{"strength":0.095},"geometry":{"type":"LineString","coordinates":[[175.2516,46.998],[175.9551,46.5161]]}},{"type":"Feature","properties":{"strength":0.108},"geometry":{"type":"LineString","coordinates":[[-39.658,34.1037],[-37.3718,32.1897]]}},{"type":"Feature","properties":{"strength":0.406},"geometry":{"type":"LineString","coordinates":[[104.9047,-0.9672],[104.3771,-0.7914],[103.8495,-0.2638],[103.8495,0.7914]]}},{"type":"Feature","properties":{"strength":0.296},"geometry":{"type":"LineString","coordinates":[[136.5608,31.1419],[137.7919,30.0824],[138.3195,29.9301]]}},{"type":"Feature","properties":{"strength":0.282},"geometry":{"type":"LineString","coordinates":[[114.7533,19.7346],[114.7533,18.9048],[114.9292,18.7383]]}},{"type":"Feature","properties":{"strength":0.435},"geometry":{"type":"LineString","coordinates":[[44.5823,-12.4748],[44.0547,-13.3319]]}},{"type":"Feature","properties":{"strength":0.066},"geometry":{"type":"LineString","coordinates":[[61.4656,7.2788],[60.5862,8.1502]]}},{"type":"Feature","properties":{"strength":0.031},"geometry":{"type":"LineString","coordinates":[[160.127,52.3403],[160.127,52.6615],[160.4787,52.9803]]}},{"type":"Feature","properties":{"strength":0.256},"geometry":{"type":"LineString","coordinates":[[-88.1974,12.818],[-89.0767,12.818],[-89.4284,12.4748]]}},{"type":"Feature","properties":{"strength":0.784},"geometry":{"type":"LineString","coordinates":[[115.8085,-7.8019],[115.6326,-9.0197]]}},{"type":"Feature","properties":{"strength":0.392},"geometry":{"type":"LineString","coordinates":[[-18.7298,19.4032],[-17.3229,19.2372],[-16.6194,18.5717],[-16.4436,18.0708],[-16.9712,16.5598],[-17.6746,16.0534],[-18.3781,16.0534]]}},{"type":"Feature","properties":{"strength":0.039},"geometry":{"type":"LineString","coordinates":[[-139.5506,30.0824],[-142.0127,30.0824],[-142.1886,30.2345]]}},{"type":"Feature","properties":{"strength":0.061},"geometry":{"type":"LineString","coordinates":[[16.7953,32.9308],[17.4988,32.3384],[17.8505,32.3384]]}},{"type":"Feature","properties":{"strength":0.063},"geometry":{"type":"LineString","coordinates":[[96.9907,11.787],[97.1666,11.0975]]}},{"type":"Feature","properties":{"strength":0.101},"geometry":{"type":"LineString","coordinates":[[-23.83,46.3949],[-24.7093,46.2735]]}},{"type":"Feature","properties":{"strength":0.584},"geometry":{"type":"LineString","coordinates":[[29.4577,34.2492],[28.2267,34.2492]]}},{"type":"Feature","properties":{"strength":0.33},"geometry":{"type":"LineString","coordinates":[[6.9468,3.2518],[7.1226,4.6553]]}},{"type":"Feature","properties":{"strength":0.227},"geometry":{"type":"LineString","coordinates":[[-147.4646,51.4723],[-145.0024,52.9803],[-144.1231,52.8743]]}},{"type":"Feature","properties":{"strength":0.379},"geometry":{"type":"LineString","coordinates":[[-124.9536,38.7701],[-125.3053,39.4524]]}},{"type":"Feature","properties":{"strength":0.12},"geometry":{"type":"LineString","coordinates":[[59.1793,4.6553],[59.3552,3.9539],[59.0034,3.6029]]}},{"type":"Feature","properties":{"strength":0.084},"geometry":{"type":"LineString","coordinates":[[-20.1368,33.6658],[-21.192,32.7831],[-21.192,32.1897]]}},{"type":"Feature","properties":{"strength":0.04},"geometry":{"type":"LineString","coordinates":[[-144.8266,55.0465],[-144.6507,55.1472],[-143.7714,55.1472],[-143.5955,55.0465],[-142.3644,55.1472],[-140.7816,54.9457]]}},{"type":"Feature","properties":{"strength":0.69},"geometry":{"type":"LineString","coordinates":[[120.5569,11.787],[120.381,11.6148],[120.381,10.2334],[120.5569,10.0603]]}},{"type":"Feature","properties":{"strength":0.589},"geometry":{"type":"LineString","coordinates":[[20.4885,63.3702],[20.4885,63.6057],[21.192,63.7617],[22.0713,64.1477],[22.4231,64.6794]]}},{"type":"Feature","properties":{"strength":0.13},"geometry":{"type":"LineString","coordinates":[[-73.2487,-33.5193],[-73.6004,-33.2255],[-73.9521,-33.2255]]}},{"type":"Feature","properties":{"strength":0.472},"geometry":{"type":"LineString","coordinates":[[153.2682,-22.523],[153.0923,-22.3604],[153.0923,-21.3812],[153.7958,-20.5601]]}},{"type":"Feature","properties":{"strength":0.358},"geometry":{"type":"LineString","coordinates":[[153.2682,-22.523],[154.1475,-22.523]]}},{"type":"Feature","properties":{"strength":0.634},"geometry":{"type":"LineString","coordinates":[[122.6673,-9.8871],[122.6673,-10.2334],[120.9086,-13.3319]]}},{"type":"Feature","properties":{"strength":0.404},"geometry":{"type":"LineString","coordinates":[[84.8559,11.6148],[83.9766,11.787]]}},{"type":"Feature","properties":{"strength":0.248},"geometry":{"type":"LineString","coordinates":[[125.3053,38.7701],[123.7225,38.6329]]}},{"type":"Feature","properties":{"strength":0.05},"geometry":{"type":"LineString","coordinates":[[63.0484,16.0534],[63.0484,16.5598],[63.576,17.7361]]}},{"type":"Feature","properties":{"strength":0.032},"geometry":{"type":"LineString","coordinates":[[-15.2125,43.4062],[-15.916,43.6612]]}},{"type":"Feature","properties":{"strength":0.398},"geometry":{"type":"LineString","coordinates":[[11.6952,-5.8812],[10.9917,-5.181]]}},{"type":"Feature","properties":{"strength":0.029},"geometry":{"type":"LineString","coordinates":[[-28.7543,4.48],[-28.7543,5.5312],[-28.2267,5.8812]]}},{"type":"Feature","properties":{"strength":0.123},"geometry":{"type":"LineString","coordinates":[[-4.3087,0.6155],[-4.3087,2.3735]]}},{"type":"Feature","properties":{"strength":0.219},"geometry":{"type":"LineString","coordinates":[[47.2203,-13.1607],[47.5721,-13.1607],[48.0997,-12.6464],[48.2755,-11.9591]]}},{"type":"Feature","properties":{"strength":0.716},"geometry":{"type":"LineString","coordinates":[[48.979,29.3186],[49.8583,29.1652],[50.2101,28.8576],[50.3859,28.0846]]}},{"type":"Feature","properties":{"strength":0.727},"geometry":{"type":"LineString","coordinates":[[19.2574,60.0394],[18.9057,60.3018],[18.9057,61.0766]]}},{"type":"Feature","properties":{"strength":0.329},"geometry":{"type":"LineString","coordinates":[[141.1334,12.1311],[141.1334,10.7522]]}},{"type":"Feature","properties":{"strength":0.897},"geometry":{"type":"LineString","coordinates":[[-0.4397,50.2514],[-0.0879,50.4757],[0.4397,50.4757],[1.319,51.032],[1.6707,51.5817]]}},{"type":"Feature","properties":{"strength":0.132},"geometry":{"type":"LineString","coordinates":[[122.3156,-35.2607],[123.0191,-34.6842],[124.2501,-34.5395]]}},{"type":"Feature","properties":{"strength":0.018},"geometry":{"type":"LineString","coordinates":[[51.0894,-29.1652],[50.5618,-29.3186],[50.2101,-29.7776],[48.979,-30.0824]]}},{"type":"Feature","properties":{"strength":0.275},"geometry":{"type":"LineString","coordinates":[[-73.6004,22.8475],[-73.6004,22.1977]]}},{"type":"Feature","properties":{"strength":0.194},"geometry":{"type":"LineString","coordinates":[[83.6248,16.3912],[84.3283,15.7151],[85.2076,15.7151]]}},{"type":"Feature","properties":{"strength":0.227},"geometry":{"type":"LineString","coordinates":[[-71.8417,20.8891],[-72.5452,21.3812]]}},{"type":"Feature","properties":{"strength":0.08},"geometry":{"type":"LineString","coordinates":[[-59.8828,29.7776],[-60.938,30.6893]]}},{"type":"Feature","properties":{"strength":0.157},"geometry":{"type":"LineString","coordinates":[[8.7054,-36.8248],[8.1778,-36.9654],[6.4191,-35.4041]]}},{"type":"Feature","properties":{"strength":0.439},"geometry":{"type":"LineString","coordinates":[[11.3434,38.0812],[12.0469,38.6329],[12.7504,38.6329],[13.4538,39.1803]]}},{"type":"Feature","properties":{"strength":0.051},"geometry":{"type":"LineString","coordinates":[[-87.8456,4.3047],[-89.2526,4.1293],[-90.1319,3.6029]]}},{"type":"Feature","properties":{"strength":0.423},"geometry":{"type":"LineString","coordinates":[[137.9678,-35.4041],[139.023,-36.8248]]}},{"type":"Feature","properties":{"strength":0.571},"geometry":{"type":"LineString","coordinates":[[4.3087,58.6039],[4.3087,59.2394]]}},{"type":"Feature","properties":{"strength":0.111},"geometry":{"type":"LineString","coordinates":[[6.2433,-6.231],[6.0674,-6.9298]]}},{"type":"Feature","properties":{"strength":0.121},"geometry":{"type":"LineString","coordinates":[[56.7171,-2.7249],[56.0137,-2.5492],[54.7826,-1.3189]]}},{"type":"Feature","properties":{"strength":0.252},"geometry":{"type":"LineString","coordinates":[[-45.1099,-27.306],[-43.703,-28.5491]]}},{"type":"Feature","properties":{"strength":0.131},"geometry":{"type":"LineString","coordinates":[[63.4001,17.9036],[63.2242,17.7361],[62.3449,17.7361],[61.8173,17.4008],[59.8828,17.4008]]}},{"type":"Feature","properties":{"strength":0.427},"geometry":{"type":"LineString","coordinates":[[62.5208,22.523],[64.2794,22.523],[64.4553,21.7084]]}},{"type":"Feature","properties":{"strength":0.114},"geometry":{"type":"LineString","coordinates":[[-28.5784,34.8287],[-28.5784,32.0407],[-28.4025,31.8915]]}},{"type":"Feature","properties":{"strength":0.065},"geometry":{"type":"LineString","coordinates":[[10.2882,-12.303],[9.9365,-11.4425],[9.5848,-8.4982],[9.233,-7.9761],[9.233,-6.9298],[9.5848,-6.5805]]}},{"type":"Feature","properties":{"strength":0.222},"geometry":{"type":"LineString","coordinates":[[-39.4822,-0.6155],[-38.2511,-1.1431]]}},{"type":"Feature","properties":{"strength":0.324},"geometry":{"type":"LineString","coordinates":[[3.2535,-32.7831],[0.7914,-34.8287],[-3.0777,-34.8287]]}},{"type":"Feature","properties":{"strength":0.359},"geometry":{"type":"LineString","coordinates":[[-24.8852,20.0653],[-24.8852,19.2372]]}},{"type":"Feature","properties":{"strength":0.026},"geometry":{"type":"LineString","coordinates":[[-158.3683,47.5944],[-158.0166,47.8311],[-158.0166,48.0666]]}},{"type":"Feature","properties":{"strength":0.459},"geometry":{"type":"LineString","coordinates":[[-27.5232,3.9539],[-26.9956,4.6553],[-26.9956,5.181]]}},{"type":"Feature","properties":{"strength":0.515},"geometry":{"type":"LineString","coordinates":[[-27.5232,3.9539],[-27.3473,3.4274],[-27.5232,3.2518],[-27.5232,2.3735],[-27.8749,1.8463]]}},{"type":"Feature","properties":{"strength":0.425},"geometry":{"type":"LineString","coordinates":[[138.6712,10.0603],[138.1436,11.27],[136.9126,12.303]]}},{"type":"Feature","properties":{"strength":0.373},"geometry":{"type":"LineString","coordinates":[[107.8945,6.9298],[108.5979,6.231],[109.3014,6.231]]}},{"type":"Feature","properties":{"strength":0.154},"geometry":{"type":"LineString","coordinates":[[55.6619,0.2638],[56.0137,1.3189],[56.7171,2.0221]]}},{"type":"Feature","properties":{"strength":0.306},"geometry":{"type":"LineString","coordinates":[[67.2692,18.9048],[67.6209,18.9048],[68.3244,18.4049]]}},{"type":"Feature","properties":{"strength":0.027},"geometry":{"type":"LineString","coordinates":[[-14.8608,41.9845],[-15.3884,41.3275],[-15.916,41.0628]]}},{"type":"Feature","properties":{"strength":0.038},"geometry":{"type":"LineString","coordinates":[[-23.6541,25.2562],[-22.9507,25.4152],[-22.5989,25.0971]]}},{"type":"Feature","properties":{"strength":0.071},"geometry":{"type":"LineString","coordinates":[[68.3244,-3.4274],[67.6209,-3.2518],[67.2692,-3.6029]]}},{"type":"Feature","properties":{"strength":0.421},"geometry":{"type":"LineString","coordinates":[[19.6092,35.5474],[18.554,34.6842],[18.3781,33.812]]}},{"type":"Feature","properties":{"strength":0.87},"geometry":{"type":"LineString","coordinates":[[118.7982,0.0879],[119.3258,0.6155],[119.5017,1.3189]]}},{"type":"Feature","properties":{"strength":0.195},"geometry":{"type":"LineString","coordinates":[[129.702,3.7784],[129.8779,3.9539],[130.7572,3.9539],[134.4504,2.0221]]}},{"type":"Feature","properties":{"strength":0.252},"geometry":{"type":"LineString","coordinates":[[-0.9673,-26.993],[-1.4949,-26.5219],[-1.8466,-26.5219]]}},{"type":"Feature","properties":{"strength":0.321},"geometry":{"type":"LineString","coordinates":[[-0.9673,-26.993],[-0.9673,-27.4622],[-0.6155,-27.7738]]}},{"type":"Feature","properties":{"strength":0.128},"geometry":{"type":"LineString","coordinates":[[-28.0508,41.1953],[-28.4025,41.4594],[-29.106,41.4594]]}},{"type":"Feature","properties":{"strength":0.243},"geometry":{"type":"LineString","coordinates":[[-28.0508,41.1953],[-29.4577,40.1281],[-29.6336,39.5881],[-30.5129,38.6329],[-33.3268,36.4013]]}},{"type":"Feature","properties":{"strength":0.151},"geometry":{"type":"LineString","coordinates":[[-32.6234,-30.0824],[-32.0957,-29.4719]]}},{"type":"Feature","properties":{"strength":0.129},"geometry":{"type":"LineString","coordinates":[[146.2335,41.5911],[145.53,41.0628]]}},{"type":"Feature","properties":{"strength":0.268},"geometry":{"type":"LineString","coordinates":[[-26.9956,37.8039],[-25.7645,38.9071]]}},{"type":"Feature","properties":{"strength":0.207},"geometry":{"type":"LineString","coordinates":[[-92.0664,10.9249],[-92.7699,10.2334]]}},{"type":"Feature","properties":{"strength":0.197},"geometry":{"type":"LineString","coordinates":[[25.4128,71.7349],[26.2921,71.7349],[26.8197,71.5131]]}},{"type":"Feature","properties":{"strength":0.234},"geometry":{"type":"LineString","coordinates":[[-69.3796,30.2345],[-68.6761,29.6248],[-67.2692,29.6248]]}},{"type":"Feature","properties":{"strength":0.256},"geometry":{"type":"LineString","coordinates":[[117.5672,-1.6705],[117.5672,-2.1978],[117.2154,-2.3735]]}},{"type":"Feature","properties":{"strength":0.153},"geometry":{"type":"LineString","coordinates":[[-64.807,31.8915],[-64.807,33.6658],[-67.0933,35.5474]]}},{"type":"Feature","properties":{"strength":0.457},"geometry":{"type":"LineString","coordinates":[[138.3195,-0.4397],[137.0884,0.2638],[136.7367,0.2638]]}},{"type":"Feature","properties":{"strength":0.165},"geometry":{"type":"LineString","coordinates":[[125.6571,-7.2788],[127.064,-7.2788],[127.2399,-7.4532]]}},{"type":"Feature","properties":{"strength":0.257},"geometry":{"type":"LineString","coordinates":[[12.9262,-34.3945],[9.9365,-36.8248],[9.0572,-36.8248]]}},{"type":"Feature","properties":{"strength":0.186},"geometry":{"type":"LineString","coordinates":[[139.3747,42.1151],[139.3747,41.5911]]}},{"type":"Feature","properties":{"strength":0.298},"geometry":{"type":"LineString","coordinates":[[-1.4949,58.4202],[-2.5501,57.8633],[-3.2535,57.8633]]}},{"type":"Feature","properties":{"strength":0.176},"geometry":{"type":"LineString","coordinates":[[8.5296,-28.2396],[8.3537,-28.7034],[7.1226,-29.7776]]}},{"type":"Feature","properties":{"strength":0.095},"geometry":{"type":"LineString","coordinates":[[-162.9409,48.5346],[-162.0616,49.2285]]}},{"type":"Feature","properties":{"strength":0.352},"geometry":{"type":"LineString","coordinates":[[49.1549,-11.4425],[51.9687,-10.2334],[52.8481,-10.0603],[54.9585,-9.0197],[55.8378,-8.8459],[57.0689,-8.1502],[57.9482,-7.9761],[59.1793,-7.1043]]}},{"type":"Feature","properties":{"strength":0.204},"geometry":{"type":"LineString","coordinates":[[49.1549,-11.4425],[50.2101,-12.818]]}},{"type":"Feature","properties":{"strength":0.218},"geometry":{"type":"LineString","coordinates":[[-74.4797,19.4032],[-74.8315,19.7346],[-75.8867,19.569]]}},{"type":"Feature","properties":{"strength":0.029},"geometry":{"type":"LineString","coordinates":[[165.9306,31.1419],[169.0962,31.1419],[169.448,30.9913]]}},{"type":"Feature","properties":{"strength":0.75},"geometry":{"type":"LineString","coordinates":[[-5.5398,55.2476],[-5.5398,54.8445],[-5.0122,54.4374]]}},{"type":"Feature","properties":{"strength":0.207},"geometry":{"type":"LineString","coordinates":[[-27.1715,0.6155],[-27.8749,1.1431]]}},{"type":"Feature","properties":{"strength":0.15},"geometry":{"type":"LineString","coordinates":[[15.2125,69.0226],[15.2125,68.7055],[15.0366,68.6415]]}},{"type":"Feature","properties":{"strength":0.159},"geometry":{"type":"LineString","coordinates":[[145.3542,-40.1281],[145.8818,-40.5303],[146.7611,-40.3965]]}},{"type":"Feature","properties":{"strength":0.044},"geometry":{"type":"LineString","coordinates":[[-131.1089,30.6893],[-131.9883,30.6893],[-132.1641,30.5379]]}},{"type":"Feature","properties":{"strength":0.568},"geometry":{"type":"LineString","coordinates":[[107.3669,8.4982],[107.191,8.6721],[107.191,10.0603]]}},{"type":"Feature","properties":{"strength":0.678},"geometry":{"type":"LineString","coordinates":[[140.7816,41.3275],[139.5506,41.3275]]}},{"type":"Feature","properties":{"strength":0.083},"geometry":{"type":"LineString","coordinates":[[-47.0445,38.6329],[-46.8686,37.9427]]}},{"type":"Feature","properties":{"strength":0.305},"geometry":{"type":"LineString","coordinates":[[148.8715,41.0628],[145.7059,43.4062],[145.3542,43.9151],[145.3542,44.294]]}},{"type":"Feature","properties":{"strength":0.273},"geometry":{"type":"LineString","coordinates":[[-75.0073,40.1281],[-75.7108,39.7235]]}},{"type":"Feature","properties":{"strength":0.314},"geometry":{"type":"LineString","coordinates":[[-127.2399,47.7129],[-128.2951,48.8828],[-129.3503,48.9983],[-129.702,49.2285]]}},{"type":"Feature","properties":{"strength":0.31},"geometry":{"type":"LineString","coordinates":[[-76.766,11.787],[-78.7005,13.8447]]}},{"type":"Feature","properties":{"strength":0.657},"geometry":{"type":"LineString","coordinates":[[101.2115,11.4425],[102.2667,10.4064]]}},{"type":"Feature","properties":{"strength":0.288},"geometry":{"type":"LineString","coordinates":[[-65.8622,15.3763],[-66.5657,15.5458]]}},{"type":"Feature","properties":{"strength":0.415},"geometry":{"type":"LineString","coordinates":[[19.0816,35.9755],[17.147,34.2492]]}},{"type":"Feature","properties":{"strength":0.109},"geometry":{"type":"LineString","coordinates":[[80.4592,-0.2638],[80.9868,0.6155]]}},{"type":"Feature","properties":{"strength":0.152},"geometry":{"type":"LineString","coordinates":[[92.2423,16.5598],[92.9458,15.5458]]}},{"type":"Feature","properties":{"strength":0.926},"geometry":{"type":"LineString","coordinates":[[119.3258,24.2982],[119.8534,24.7781],[120.5569,26.0489]]}},{"type":"Feature","properties":{"strength":0.081},"geometry":{"type":"LineString","coordinates":[[-136.2091,29.4719],[-136.9126,29.4719],[-137.2643,29.1652]]}},{"type":"Feature","properties":{"strength":0.088},"geometry":{"type":"LineString","coordinates":[[50.7377,-2.5492],[50.3859,-2.1978],[48.979,-2.5492]]}},{"type":"Feature","properties":{"strength":0.081},"geometry":{"type":"LineString","coordinates":[[-0.6155,-1.1431],[-0.6155,-1.4947],[1.8466,-6.231],[4.6605,-11.0975],[5.7157,-13.5029]]}},{"type":"Feature","properties":{"strength":0.202},"geometry":{"type":"LineString","coordinates":[[-11.5193,-31.8915],[-11.3434,-32.0407],[-8.7054,-32.0407],[-8.5296,-32.1897]]}},{"type":"Feature","properties":{"strength":0.157},"geometry":{"type":"LineString","coordinates":[[-69.0278,31.8915],[-69.0278,31.2923]]}},{"type":"Feature","properties":{"strength":0.151},"geometry":{"type":"LineString","coordinates":[[-39.3063,46.878],[-39.658,46.3949]]}},{"type":"Feature","properties":{"strength":0.066},"geometry":{"type":"LineString","coordinates":[[176.4827,44.294],[176.4827,45.9076]]}},{"type":"Feature","properties":{"strength":0.33},"geometry":{"type":"LineString","coordinates":[[125.8329,1.8463],[125.4812,2.1978],[124.9536,2.1978]]}},{"type":"Feature","properties":{"strength":0.639},"geometry":{"type":"LineString","coordinates":[[-38.2511,-20.3954],[-37.02,-17.0649]]}},{"type":"Feature","properties":{"strength":0.405},"geometry":{"type":"LineString","coordinates":[[175.6033,-36.1177],[176.4827,-36.2596]]}},{"type":"Feature","properties":{"strength":0.187},"geometry":{"type":"LineString","coordinates":[[96.2872,15.7151],[96.639,15.0369],[96.639,13.5029],[96.9907,12.6464],[96.9907,11.9591]]}},{"type":"Feature","properties":{"strength":0.072},"geometry":{"type":"LineString","coordinates":[[-179.1207,45.416],[-179.6483,45.6623],[-179.6483,46.1518],[-179.1207,46.5161]]}},{"type":"Feature","properties":{"strength":0.209},"geometry":{"type":"LineString","coordinates":[[-66.214,21.3812],[-65.3346,20.3954]]}},{"type":"Feature","properties":{"strength":0.293},"geometry":{"type":"LineString","coordinates":[[39.4822,41.8536],[38.9546,42.2454],[37.5476,42.2454]]}},{"type":"Feature","properties":{"strength":0.193},"geometry":{"type":"LineString","coordinates":[[39.4822,41.8536],[40.3615,41.9845]]}},{"type":"Feature","properties":{"strength":0.158},"geometry":{"type":"LineString","coordinates":[[39.4822,41.8536],[38.7787,41.3275],[38.0752,41.3275],[37.3718,42.1151]]}},{"type":"Feature","properties":{"strength":0.808},"geometry":{"type":"LineString","coordinates":[[77.4695,6.7552],[76.766,6.9298]]}},{"type":"Feature","properties":{"strength":0.614},"geometry":{"type":"LineString","coordinates":[[10.64,60.0394],[10.4641,59.8633],[10.64,59.059],[10.2882,58.8777]]}},{"type":"Feature","properties":{"strength":0.519},"geometry":{"type":"LineString","coordinates":[[8.8813,2.7249],[9.0572,3.6029]]}},{"type":"Feature","properties":{"strength":0.466},"geometry":{"type":"LineString","coordinates":[[-122.8432,45.7851],[-123.0191,46.1518],[-123.7225,46.3949],[-125.1295,46.2735]]}},{"type":"Feature","properties":{"strength":0.287},"geometry":{"type":"LineString","coordinates":[[2.0225,3.4274],[2.5501,4.1293],[2.5501,4.6553]]}},{"type":"Feature","properties":{"strength":0.107},"geometry":{"type":"LineString","coordinates":[[-7.1226,55.6465],[-8.5296,55.5472]]}},{"type":"Feature","properties":{"strength":0.039},"geometry":{"type":"LineString","coordinates":[[51.617,-28.7034],[52.4963,-28.5491]]}},{"type":"Feature","properties":{"strength":0.114},"geometry":{"type":"LineString","coordinates":[[-56.7171,39.4524],[-55.4861,39.7235]]}},{"type":"Feature","properties":{"strength":0.643},"geometry":{"type":"LineString","coordinates":[[-89.0767,28.2396],[-89.2526,28.8576]]}},{"type":"Feature","properties":{"strength":0.225},"geometry":{"type":"LineString","coordinates":[[-126.8881,45.416],[-126.8881,46.5161]]}},{"type":"Feature","properties":{"strength":0.711},"geometry":{"type":"LineString","coordinates":[[18.554,41.3275],[18.9057,39.7235]]}},{"type":"Feature","properties":{"strength":0.225},"geometry":{"type":"LineString","coordinates":[[151.1578,-1.6705],[151.8613,-0.9672]]}},{"type":"Feature","properties":{"strength":0.155},"geometry":{"type":"LineString","coordinates":[[55.4861,-18.0708],[53.0239,-15.5458]]}},{"type":"Feature","properties":{"strength":0.086},"geometry":{"type":"LineString","coordinates":[[-168.5686,49.5719],[-167.6893,50.3637]]}},{"type":"Feature","properties":{"strength":0.146},"geometry":{"type":"LineString","coordinates":[[-83.4489,26.0489],[-83.4489,25.0971],[-84.3283,24.2982]]}},{"type":"Feature","properties":{"strength":0.108},"geometry":{"type":"LineString","coordinates":[[-55.4861,39.7235],[-54.6067,39.0438],[-54.6067,37.6648],[-51.9687,35.5474]]}},{"type":"Feature","properties":{"strength":0.181},"geometry":{"type":"LineString","coordinates":[[-72.5452,-20.2304],[-72.1935,-21.2173],[-71.1383,-22.0348]]}},{"type":"Feature","properties":{"strength":0.601},"geometry":{"type":"LineString","coordinates":[[17.8505,-35.5474],[17.147,-35.4041],[15.3884,-34.3945]]}},{"type":"Feature","properties":{"strength":0.126},"geometry":{"type":"LineString","coordinates":[[-131.1089,49.9128],[-130.2296,50.5875]]}},{"type":"Feature","properties":{"strength":0.284},"geometry":{"type":"LineString","coordinates":[[39.4822,-5.181],[39.4822,-4.8306],[39.8339,-4.6553]]}},{"type":"Feature","properties":{"strength":0.564},"geometry":{"type":"LineString","coordinates":[[154.1475,-8.6721],[154.6751,-10.7522]]}},{"type":"Feature","properties":{"strength":0.182},"geometry":{"type":"LineString","coordinates":[[-49.8583,6.7552],[-48.8031,7.6276]]}},{"type":"Feature","properties":{"strength":0.281},"geometry":{"type":"LineString","coordinates":[[54.255,-19.7346],[53.5515,-19.0711],[53.1998,-19.0711]]}},{"type":"Feature","properties":{"strength":0.232},"geometry":{"type":"LineString","coordinates":[[116.3361,7.6276],[116.512,6.7552],[115.9844,6.231],[115.6326,6.231]]}},{"type":"Feature","properties":{"strength":0.104},"geometry":{"type":"LineString","coordinates":[[135.3298,10.9249],[135.3298,9.7138]]}},{"type":"Feature","properties":{"strength":0.594},"geometry":{"type":"LineString","coordinates":[[-7.2985,36.2596],[-6.0674,37.3858]]}},{"type":"Feature","properties":{"strength":0.289},"geometry":{"type":"LineString","coordinates":[[138.1436,14.8669],[138.8471,14.3564],[139.3747,14.3564]]}},{"type":"Feature","properties":{"strength":0.724},"geometry":{"type":"LineString","coordinates":[[-13.4538,28.7034],[-12.9262,29.1652],[-13.1021,29.6248]]}},{"type":"Feature","properties":{"strength":0.342},"geometry":{"type":"LineString","coordinates":[[128.2951,12.1311],[130.2296,10.2334],[130.7572,10.0603],[131.8124,9.0197],[132.8676,7.8019],[133.0435,7.2788]]}},{"type":"Feature","properties":{"strength":0.066},"geometry":{"type":"LineString","coordinates":[[161.7098,44.0417],[161.8857,44.168],[162.9409,44.168]]}},{"type":"Feature","properties":{"strength":0.087},"geometry":{"type":"LineString","coordinates":[[-156.0821,50.0259],[-156.6097,50.0259],[-156.9614,49.7994]]}},{"type":"Feature","properties":{"strength":0.297},"geometry":{"type":"LineString","coordinates":[[140.0782,5.7062],[139.3747,7.9761]]}},{"type":"Feature","properties":{"strength":0.564},"geometry":{"type":"LineString","coordinates":[[-87.4939,10.5793],[-88.5491,10.5793],[-89.7802,10.9249]]}},{"type":"Feature","properties":{"strength":0.321},"geometry":{"type":"LineString","coordinates":[[5.5398,-34.1037],[8.7054,-34.1037]]}},{"type":"Feature","properties":{"strength":0.309},"geometry":{"type":"LineString","coordinates":[[119.3258,-6.0561],[119.8534,-7.2788]]}},{"type":"Feature","properties":{"strength":0.025},"geometry":{"type":"LineString","coordinates":[[-34.2062,33.3725],[-34.382,33.5193],[-34.5579,33.3725],[-34.382,33.2255],[-34.2062,33.3725]]}},{"type":"Feature","properties":{"strength":0.206},"geometry":{"type":"LineString","coordinates":[[168.041,-46.637],[168.5686,-46.7576],[169.7997,-46.637],[170.679,-46.1518],[171.5584,-45.1685]]}},{"type":"Feature","properties":{"strength":0.53},"geometry":{"type":"LineString","coordinates":[[47.2203,-12.1311],[48.0997,-11.787]]}},{"type":"Feature","properties":{"strength":0.103},"geometry":{"type":"LineString","coordinates":[[48.0997,-4.1293],[48.0997,-3.4274]]}},{"type":"Feature","properties":{"strength":0.117},"geometry":{"type":"LineString","coordinates":[[-21.3679,46.998],[-22.0713,46.7576],[-23.1265,46.7576]]}},{"type":"Feature","properties":{"strength":0.098},"geometry":{"type":"LineString","coordinates":[[-24.1817,-24.7781],[-23.1265,-24.9377],[-21.5437,-25.5739],[-19.2574,-25.8908],[-18.7298,-26.2068],[-18.0264,-26.2068],[-16.9712,-26.6792],[-14.8608,-27.1496]]}},{"type":"Feature","properties":{"strength":0.053},"geometry":{"type":"LineString","coordinates":[[-40.1856,8.6721],[-39.4822,7.4532]]}},{"type":"Feature","properties":{"strength":0.173},"geometry":{"type":"LineString","coordinates":[[33.6786,70.0672],[34.382,69.8865],[34.7338,69.8865],[35.4372,69.6432],[35.789,69.6432],[36.1407,69.4589],[37.5476,69.1481],[41.4167,67.7267],[41.4167,66.913],[39.3063,65.6397],[39.3063,65.4942],[40.3615,64.9041],[40.5374,64.6041]]}},{"type":"Feature","properties":{"strength":0.084},"geometry":{"type":"LineString","coordinates":[[-59.1793,37.8039],[-60.7621,37.8039]]}},{"type":"Feature","properties":{"strength":0.213},"geometry":{"type":"LineString","coordinates":[[126.0088,4.3047],[125.6571,4.3047],[124.9536,5.0058]]}},{"type":"Feature","properties":{"strength":0.166},"geometry":{"type":"LineString","coordinates":[[-6.595,-0.9672],[-6.7709,-0.7914],[-7.8261,-0.7914],[-8.1778,-1.1431]]}},{"type":"Feature","properties":{"strength":0.256},"geometry":{"type":"LineString","coordinates":[[134.0987,40.7971],[134.0987,41.1953],[133.7469,41.4594]]}},{"type":"Feature","properties":{"strength":0.765},"geometry":{"type":"LineString","coordinates":[[94.3527,6.0561],[92.9458,5.8812]]}},{"type":"Feature","properties":{"strength":0.259},"geometry":{"type":"LineString","coordinates":[[124.2501,18.0708],[124.7777,18.0708],[126.0088,17.5686]]}},{"type":"Feature","properties":{"strength":0.671},"geometry":{"type":"LineString","coordinates":[[13.278,-33.5193],[13.9814,-33.958],[15.3884,-34.3945]]}},{"type":"Feature","properties":{"strength":0.237},"geometry":{"type":"LineString","coordinates":[[-129.3503,35.833],[-127.5916,35.4041]]}},{"type":"Feature","properties":{"strength":0.088},"geometry":{"type":"LineString","coordinates":[[-139.3747,54.5396],[-138.6712,54.6415]]}},{"type":"Feature","properties":{"strength":0.322},"geometry":{"type":"LineString","coordinates":[[-55.3102,6.4058],[-53.3757,8.1502]]}},{"type":"Feature","properties":{"strength":0.421},"geometry":{"type":"LineString","coordinates":[[-119.5017,33.812],[-120.0293,33.6658],[-120.5569,33.2255]]}},{"type":"Feature","properties":{"strength":0.155},"geometry":{"type":"LineString","coordinates":[[-47.2203,6.0561],[-49.5066,6.231]]}},{"type":"Feature","properties":{"strength":0.595},"geometry":{"type":"LineString","coordinates":[[115.2809,-5.181],[114.4016,-5.181]]}},{"type":"Feature","properties":{"strength":0.07},"geometry":{"type":"LineString","coordinates":[[-157.3131,49.7994],[-161.1822,49.7994],[-161.7098,49.4577]]}},{"type":"Feature","properties":{"strength":0.104},"geometry":{"type":"LineString","coordinates":[[-26.2921,0.0879],[-25.2369,2.1978]]}},{"type":"Feature","properties":{"strength":0.201},"geometry":{"type":"LineString","coordinates":[[-75.0073,-45.7851],[-74.6556,-45.7851],[-74.3039,-45.5393]]}},{"type":"Feature","properties":{"strength":0.543},"geometry":{"type":"LineString","coordinates":[[66.5657,-15.8844],[67.9726,-15.5458]]}},{"type":"Feature","properties":{"strength":0.192},"geometry":{"type":"LineString","coordinates":[[-24.5335,40.2624],[-24.1817,40.1281],[-22.4231,40.1281]]}},{"type":"Feature","properties":{"strength":0.34},"geometry":{"type":"LineString","coordinates":[[141.661,4.1293],[141.1334,4.6553],[140.254,5.0058]]}},{"type":"Feature","properties":{"strength":0.447},"geometry":{"type":"LineString","coordinates":[[131.8124,42.764],[131.2848,42.2454],[131.2848,41.7225],[131.8124,41.3275]]}},{"type":"Feature","properties":{"strength":0.378},"geometry":{"type":"LineString","coordinates":[[150.8061,-18.5717],[151.1578,-17.9036],[151.3337,-16.5598]]}},{"type":"Feature","properties":{"strength":0.579},"geometry":{"type":"LineString","coordinates":[[111.0601,11.9591],[110.5325,10.5793],[110.0049,9.8871]]}},{"type":"Feature","properties":{"strength":0.451},"geometry":{"type":"LineString","coordinates":[[-122.6673,47.4757],[-122.6673,48.0666],[-123.5467,48.418]]}},{"type":"Feature","properties":{"strength":0.646},"geometry":{"type":"LineString","coordinates":[[29.8095,42.6348],[28.9301,42.764]]}},{"type":"Feature","properties":{"strength":0.393},"geometry":{"type":"LineString","coordinates":[[152.5647,-2.7249],[152.5647,-2.0221],[152.0371,-0.9672]]}},{"type":"Feature","properties":{"strength":0.022},"geometry":{"type":"LineString","coordinates":[[53.3757,6.4058],[54.0791,5.8812]]}},{"type":"Feature","properties":{"strength":0.244},"geometry":{"type":"LineString","coordinates":[[-21.5437,19.4032],[-21.0161,20.0653],[-20.1368,20.0653],[-19.2574,19.2372]]}},{"type":"Feature","properties":{"strength":0.107},"geometry":{"type":"LineString","coordinates":[[-46.5169,37.9427],[-41.065,42.1151]]}},{"type":"Feature","properties":{"strength":0.296},"geometry":{"type":"LineString","coordinates":[[-30.3371,-28.0846],[-27.8749,-28.7034],[-26.8197,-29.6248]]}},{"type":"Feature","properties":{"strength":0.329},"geometry":{"type":"LineString","coordinates":[[5.7157,39.0438],[5.7157,39.8586]]}},{"type":"Feature","properties":{"strength":0.22},"geometry":{"type":"LineString","coordinates":[[116.8637,-8.1502],[116.512,-9.1933],[116.6878,-9.7138]]}},{"type":"Feature","properties":{"strength":0.219},"geometry":{"type":"LineString","coordinates":[[44.5823,-12.303],[44.0547,-11.9591],[42.8236,-11.9591]]}},{"type":"Feature","properties":{"strength":0.522},"geometry":{"type":"LineString","coordinates":[[129.5261,32.3384],[130.2296,32.6351],[130.4055,33.0783]]}},{"type":"Feature","properties":{"strength":0.157},"geometry":{"type":"LineString","coordinates":[[-68.1485,26.8362],[-68.1485,27.4622],[-70.6106,29.4719]]}},{"type":"Feature","properties":{"strength":0.292},"geometry":{"type":"LineString","coordinates":[[-117.743,30.8404],[-117.3913,30.3863],[-117.3913,29.9301],[-116.512,28.7034]]}},{"type":"Feature","properties":{"strength":0.118},"geometry":{"type":"LineString","coordinates":[[-4.8363,-24.7781],[-8.8813,-22.523],[-9.4089,-22.0348],[-9.9365,-21.8717],[-10.1124,-21.5449]]}},{"type":"Feature","properties":{"strength":0.06},"geometry":{"type":"LineString","coordinates":[[-30.8647,12.9894],[-28.5784,15.3763]]}},{"type":"Feature","properties":{"strength":0.105},"geometry":{"type":"LineString","coordinates":[[89.0767,5.181],[88.3732,4.8306],[87.8456,4.8306]]}},{"type":"Feature","properties":{"strength":0.222},"geometry":{"type":"LineString","coordinates":[[50.3859,13.3319],[51.7929,11.787]]}},{"type":"Feature","properties":{"strength":0.288},"geometry":{"type":"LineString","coordinates":[[31.3923,45.2924],[32.0957,45.2924],[32.6234,45.0444],[32.7992,44.7953],[32.7992,43.5338]]}},{"type":"Feature","properties":{"strength":0.069},"geometry":{"type":"LineString","coordinates":[[-49.6825,9.1933],[-50.2101,9.7138],[-50.5618,9.3669],[-50.5618,8.4982]]}},{"type":"Feature","properties":{"strength":0.244},"geometry":{"type":"LineString","coordinates":[[-7.2985,50.8103],[-7.8261,51.1425],[-8.3537,51.2527],[-10.8158,51.3627]]}},{"type":"Feature","properties":{"strength":0.029},"geometry":{"type":"LineString","coordinates":[[-26.9956,28.7034],[-26.1163,28.8576],[-25.5887,29.1652]]}},{"type":"Feature","properties":{"strength":0.266},"geometry":{"type":"LineString","coordinates":[[-39.658,-0.4397],[-40.1856,1.1431],[-40.7132,1.3189],[-41.4167,2.0221]]}},{"type":"Feature","properties":{"strength":0.306},"geometry":{"type":"LineString","coordinates":[[5.3639,64.1477],[6.0674,65.1269],[7.8261,66.4957],[8.1778,67.0506],[9.0572,67.5259],[9.9365,68.2539],[18.7298,71.0618],[21.192,71.4013],[21.5437,71.5131],[22.5989,71.6244],[23.6541,71.6244]]}},{"type":"Feature","properties":{"strength":0.416},"geometry":{"type":"LineString","coordinates":[[64.1036,-12.818],[64.1036,-14.0154],[66.0381,-15.8844]]}},{"type":"Feature","properties":{"strength":0.018},"geometry":{"type":"LineString","coordinates":[[-27.8749,6.0561],[-27.6991,6.9298]]}},{"type":"Feature","properties":{"strength":0.577},"geometry":{"type":"LineString","coordinates":[[38.0752,20.0653],[37.3718,19.569]]}},{"type":"Feature","properties":{"strength":0.312},"geometry":{"type":"LineString","coordinates":[[67.0933,19.0711],[66.9174,19.7346],[66.3898,20.2304]]}},{"type":"Feature","properties":{"strength":0.296},"geometry":{"type":"LineString","coordinates":[[68.852,17.0649],[69.7313,17.0649]]}},{"type":"Feature","properties":{"strength":0.259},"geometry":{"type":"LineString","coordinates":[[-64.807,12.1311],[-65.5105,11.27],[-67.6209,11.27]]}},{"type":"Feature","properties":{"strength":0.147},"geometry":{"type":"LineString","coordinates":[[5.7157,1.6705],[6.0674,1.1431],[8.1778,0.9672]]}},{"type":"Feature","properties":{"strength":0.538},"geometry":{"type":"LineString","coordinates":[[117.5672,-5.8812],[118.4465,-5.8812],[118.6224,-5.7062]]}},{"type":"Feature","properties":{"strength":0.026},"geometry":{"type":"LineString","coordinates":[[-175.7792,44.92],[-174.5481,44.92]]}},{"type":"Feature","properties":{"strength":0.202},"geometry":{"type":"LineString","coordinates":[[134.0987,23.4942],[136.7367,21.5449],[137.616,19.2372]]}},{"type":"Feature","properties":{"strength":0.018},"geometry":{"type":"LineString","coordinates":[[-51.9687,38.7701],[-52.1446,38.9071],[-52.3205,38.7701],[-52.1446,38.6329],[-51.9687,38.7701]]}},{"type":"Feature","properties":{"strength":0.078},"geometry":{"type":"LineString","coordinates":[[-51.9687,38.7701],[-47.2203,38.7701]]}},{"type":"Feature","properties":{"strength":0.641},"geometry":{"type":"LineString","coordinates":[[124.2501,35.9755],[123.8984,35.1169]]}},{"type":"Feature","properties":{"strength":0.147},"geometry":{"type":"LineString","coordinates":[[155.0269,-31.4425],[154.1475,-31.4425],[153.9717,-31.2923]]}},{"type":"Feature","properties":{"strength":0.061},"geometry":{"type":"LineString","coordinates":[[-63.576,-52.768],[-64.6312,-54.0263],[-64.9829,-54.7431],[-66.214,-55.7457],[-67.2692,-56.1396],[-67.9726,-56.1396]]}},{"type":"Feature","properties":{"strength":0.161},"geometry":{"type":"LineString","coordinates":[[2.3742,55.9431],[0.6155,55.1472]]}},{"type":"Feature","properties":{"strength":0.287},"geometry":{"type":"LineString","coordinates":[[-27.3473,39.4524],[-27.3473,40.7971]]}},{"type":"Feature","properties":{"strength":0.871},"geometry":{"type":"LineString","coordinates":[[13.278,55.0465],[14.1573,55.0465],[14.3332,54.9457]]}},{"type":"Feature","properties":{"strength":0.226},"geometry":{"type":"LineString","coordinates":[[-29.9853,2.9006],[-31.3923,-0.7914],[-31.5681,-2.0221],[-31.0405,-2.5492]]}},{"type":"Feature","properties":{"strength":0.084},"geometry":{"type":"LineString","coordinates":[[-66.0381,41.7225],[-65.1588,41.9845]]}},{"type":"Feature","properties":{"strength":0.206},"geometry":{"type":"LineString","coordinates":[[165.9306,-22.1977],[165.2272,-21.7084],[164.3478,-21.7084]]}},{"type":"Feature","properties":{"strength":0.123},"geometry":{"type":"LineString","coordinates":[[-155.3786,50.0259],[-154.4993,50.0259]]}},{"type":"Feature","properties":{"strength":0.343},"geometry":{"type":"LineString","coordinates":[[125.3053,-5.181],[125.3053,-5.8812]]}},{"type":"Feature","properties":{"strength":0.252},"geometry":{"type":"LineString","coordinates":[[137.0884,-11.6148],[137.0884,-9.8871]]}},{"type":"Feature","properties":{"strength":0.367},"geometry":{"type":"LineString","coordinates":[[-67.7968,13.8447],[-67.445,14.186],[-67.445,14.6969]]}},{"type":"Feature","properties":{"strength":0.267},"geometry":{"type":"LineString","coordinates":[[-23.4783,8.4982],[-24.5335,9.3669]]}},{"type":"Feature","properties":{"strength":0.17},"geometry":{"type":"LineString","coordinates":[[91.1871,5.0058],[90.4836,5.181]]}},{"type":"Feature","properties":{"strength":0.306},"geometry":{"type":"LineString","coordinates":[[8.1778,54.2324],[8.8813,54.5396]]}},{"type":"Feature","properties":{"strength":0.097},"geometry":{"type":"LineString","coordinates":[[139.9023,26.8362],[139.023,27.1496]]}},{"type":"Feature","properties":{"strength":0.193},"geometry":{"type":"LineString","coordinates":[[110.1808,3.0762],[110.1808,3.6029],[110.5325,4.1293]]}},{"type":"Feature","properties":{"strength":0.134},"geometry":{"type":"LineString","coordinates":[[-122.6673,32.9308],[-122.6673,34.2492]]}},{"type":"Feature","properties":{"strength":0.172},"geometry":{"type":"LineString","coordinates":[[142.7162,25.7325],[141.8368,26.0489],[141.4851,26.5219]]}},{"type":"Feature","properties":{"strength":0.463},"geometry":{"type":"LineString","coordinates":[[90.4836,19.569],[89.7802,18.9048]]}},{"type":"Feature","properties":{"strength":0.281},"geometry":{"type":"LineString","coordinates":[[-73.0728,24.2982],[-74.128,25.0971]]}},{"type":"Feature","properties":{"strength":0.198},"geometry":{"type":"LineString","coordinates":[[-49.3307,46.0298],[-48.0997,46.0298],[-45.8134,44.4197]]}},{"type":"Feature","properties":{"strength":0.58},"geometry":{"type":"LineString","coordinates":[[114.9292,-7.4532],[115.8085,-7.6276]]}},{"type":"Feature","properties":{"strength":0.078},"geometry":{"type":"LineString","coordinates":[[-49.1549,-33.3725],[-48.2755,-32.6351],[-47.7479,-32.6351]]}},{"type":"Feature","properties":{"strength":0.673},"geometry":{"type":"LineString","coordinates":[[107.0151,20.7247],[107.5427,20.0653]]}},{"type":"Feature","properties":{"strength":0.273},"geometry":{"type":"LineString","coordinates":[[136.7367,-5.3561],[136.5608,-4.8306],[135.3298,-4.8306]]}},{"type":"Feature","properties":{"strength":0.21},"geometry":{"type":"LineString","coordinates":[[-27.6991,48.767],[-27.3473,48.9983],[-26.6439,49.1135],[-22.0713,49.4577],[-21.0161,49.6858],[-18.554,49.6858],[-17.147,49.9128]]}},{"type":"Feature","properties":{"strength":0.082},"geometry":{"type":"LineString","coordinates":[[-26.6439,31.5924],[-26.2921,32.4869]]}},{"type":"Feature","properties":{"strength":0.136},"geometry":{"type":"LineString","coordinates":[[161.1822,43.7883],[159.0718,45.1685]]}},{"type":"Feature","properties":{"strength":0.244},"geometry":{"type":"LineString","coordinates":[[6.7709,51.1425],[6.595,51.6909],[6.2433,51.9084],[5.1881,52.0168]]}},{"type":"Feature","properties":{"strength":0.125},"geometry":{"type":"LineString","coordinates":[[171.2066,52.9803],[170.1514,52.8743],[169.448,53.2968]]}},{"type":"Feature","properties":{"strength":0.349},"geometry":{"type":"LineString","coordinates":[[-95.9355,20.2304],[-96.639,20.5601],[-97.1666,22.3604]]}},{"type":"Feature","properties":{"strength":0.09},"geometry":{"type":"LineString","coordinates":[[-10.9917,52.5547],[-10.9917,53.1916],[-10.8158,53.2968]]}},{"type":"Feature","properties":{"strength":0.38},"geometry":{"type":"LineString","coordinates":[[-63.4001,16.2224],[-62.6966,16.2224]]}},{"type":"Feature","properties":{"strength":0.152},"geometry":{"type":"LineString","coordinates":[[-163.4685,17.2329],[-162.5892,17.0649]]}},{"type":"Feature","properties":{"strength":0.356},"geometry":{"type":"LineString","coordinates":[[11.6952,34.3945],[13.278,35.5474]]}},{"type":"Feature","properties":{"strength":0.496},"geometry":{"type":"LineString","coordinates":[[-12.7504,33.2255],[-10.1124,30.9913],[-10.1124,30.5379]]}},{"type":"Feature","properties":{"strength":0.418},"geometry":{"type":"LineString","coordinates":[[-174.3723,47.8311],[-176.8344,47.8311],[-177.0103,47.7129]]}},{"type":"Feature","properties":{"strength":0.179},"geometry":{"type":"LineString","coordinates":[[8.8813,3.7784],[8.3537,3.7784],[7.6502,3.0762]]}},{"type":"Feature","properties":{"strength":0.438},"geometry":{"type":"LineString","coordinates":[[-7.1226,52.3403],[-7.1226,52.1249],[-6.4191,51.6909]]}},{"type":"Feature","properties":{"strength":0.303},"geometry":{"type":"LineString","coordinates":[[123.5467,18.238],[122.6673,18.9048]]}},{"type":"Feature","properties":{"strength":0.298},"geometry":{"type":"LineString","coordinates":[[81.1627,14.5267],[81.5144,14.8669],[82.5696,15.2066]]}},{"type":"Feature","properties":{"strength":0.111},"geometry":{"type":"LineString","coordinates":[[-28.7543,-31.4425],[-26.8197,-29.7776]]}},{"type":"Feature","properties":{"strength":0.178},"geometry":{"type":"LineString","coordinates":[[40.5374,-34.9729],[37.8994,-34.9729],[34.7338,-32.3384]]}},{"type":"Feature","properties":{"strength":0.024},"geometry":{"type":"LineString","coordinates":[[62.3449,-28.7034],[61.6414,-29.0115]]}},{"type":"Feature","properties":{"strength":0.289},"geometry":{"type":"LineString","coordinates":[[136.5608,0.4397],[135.8574,0.9672]]}},{"type":"Feature","properties":{"strength":0.375},"geometry":{"type":"LineString","coordinates":[[145.3542,-2.9006],[145.3542,-1.4947]]}},{"type":"Feature","properties":{"strength":0.158},"geometry":{"type":"LineString","coordinates":[[63.4001,-27.9293],[63.0484,-27.9293],[62.6966,-28.2396]]}},{"type":"Feature","properties":{"strength":0.436},"geometry":{"type":"LineString","coordinates":[[-34.9096,-11.787],[-35.4372,-11.27],[-36.3166,-11.27],[-38.2511,-13.1607]]}},{"type":"Feature","properties":{"strength":0.44},"geometry":{"type":"LineString","coordinates":[[-34.9096,-11.787],[-34.0303,-10.5793],[-33.8544,-9.7138],[-33.3268,-8.8459],[-33.151,-7.2788],[-32.4475,-6.5805]]}},{"type":"Feature","properties":{"strength":0.508},"geometry":{"type":"LineString","coordinates":[[-34.9096,-11.787],[-35.0855,-13.3319],[-35.9648,-14.8669]]}},{"type":"Feature","properties":{"strength":0.182},"geometry":{"type":"LineString","coordinates":[[137.4402,44.168],[136.2091,43.2783]]}},{"type":"Feature","properties":{"strength":0.125},"geometry":{"type":"LineString","coordinates":[[-126.8881,32.9308],[-128.6468,31.4425],[-129.5261,31.4425]]}},{"type":"Feature","properties":{"strength":0.051},"geometry":{"type":"LineString","coordinates":[[57.2447,-2.5492],[60.2345,-1.8463]]}},{"type":"Feature","properties":{"strength":0.077},"geometry":{"type":"LineString","coordinates":[[-24.1817,64.8294],[-24.7093,65.4942],[-24.1817,65.9999]]}},{"type":"Feature","properties":{"strength":0.15},"geometry":{"type":"LineString","coordinates":[[-21.192,63.4489],[-20.8403,63.2121],[-19.7851,63.2121]]}},{"type":"Feature","properties":{"strength":0.295},"geometry":{"type":"LineString","coordinates":[[-74.4797,-41.5911],[-73.2487,-41.8536]]}},{"type":"Feature","properties":{"strength":0.164},"geometry":{"type":"LineString","coordinates":[[-153.9717,52.6615],[-155.5545,51.6909]]}},{"type":"Feature","properties":{"strength":0.639},"geometry":{"type":"LineString","coordinates":[[10.4641,38.3576],[11.1676,38.0812]]}},{"type":"Feature","properties":{"strength":0.564},"geometry":{"type":"LineString","coordinates":[[121.4362,40.3965],[122.1397,40.7971]]}},{"type":"Feature","properties":{"strength":0.35},"geometry":{"type":"LineString","coordinates":[[10.4641,34.1037],[11.3434,34.3945]]}},{"type":"Feature","properties":{"strength":0.494},"geometry":{"type":"LineString","coordinates":[[103.4978,7.6276],[103.6737,6.231]]}},{"type":"Feature","properties":{"strength":0.374},"geometry":{"type":"LineString","coordinates":[[113.5222,-29.4719],[114.2257,-29.0115]]}},{"type":"Feature","properties":{"strength":0.046},"geometry":{"type":"LineString","coordinates":[[-119.3258,23.8164],[-118.9741,24.4584]]}},{"type":"Feature","properties":{"strength":0.097},"geometry":{"type":"LineString","coordinates":[[-159.0718,48.418],[-159.4235,48.6509],[-160.3029,48.6509],[-160.8305,48.3012]]}},{"type":"Feature","properties":{"strength":0.086},"geometry":{"type":"LineString","coordinates":[[-159.0718,48.418],[-158.0166,48.184]]}},{"type":"Feature","properties":{"strength":0.21},"geometry":{"type":"LineString","coordinates":[[-168.9204,46.5161],[-168.9204,48.3012]]}},{"type":"Feature","properties":{"strength":0.273},"geometry":{"type":"LineString","coordinates":[[139.9023,2.0221],[141.4851,2.1978]]}},{"type":"Feature","properties":{"strength":0.099},"geometry":{"type":"LineString","coordinates":[[-54.0791,29.9301],[-53.7274,30.8404],[-52.8481,31.5924]]}},{"type":"Feature","properties":{"strength":0.584},"geometry":{"type":"LineString","coordinates":[[9.0572,38.4954],[9.0572,39.3165]]}},{"type":"Feature","properties":{"strength":0.116},"geometry":{"type":"LineString","coordinates":[[-25.2369,-30.5379],[-26.468,-31.5924],[-26.468,-32.3384]]}},{"type":"Feature","properties":{"strength":0.094},"geometry":{"type":"LineString","coordinates":[[-95.5838,11.9591],[-95.0562,9.8871],[-94.7044,9.5404]]}},{"type":"Feature","properties":{"strength":0.114},"geometry":{"type":"LineString","coordinates":[[-11.6952,46.3949],[-13.6297,46.3949]]}},{"type":"Feature","properties":{"strength":0.097},"geometry":{"type":"LineString","coordinates":[[-14.3332,-31.8915],[-11.871,-31.8915]]}},{"type":"Feature","properties":{"strength":0.166},"geometry":{"type":"LineString","coordinates":[[-142.3644,48.8828],[-140.9575,49.7994]]}},{"type":"Feature","properties":{"strength":0.199},"geometry":{"type":"LineString","coordinates":[[83.4489,2.0221],[82.5696,1.4947]]}},{"type":"Feature","properties":{"strength":0.108},"geometry":{"type":"LineString","coordinates":[[-41.2408,30.8404],[-40.3615,30.0824],[-40.3615,29.7776]]}},{"type":"Feature","properties":{"strength":0.312},"geometry":{"type":"LineString","coordinates":[[60.7621,-23.3328],[59.7069,-22.3604]]}},{"type":"Feature","properties":{"strength":0.064},"geometry":{"type":"LineString","coordinates":[[-51.0894,28.3945],[-51.0894,29.3186]]}},{"type":"Feature","properties":{"strength":0.229},"geometry":{"type":"LineString","coordinates":[[12.0469,-6.0561],[12.2228,-5.8812],[13.278,-5.8812]]}},{"type":"Feature","properties":{"strength":0.039},"geometry":{"type":"LineString","coordinates":[[-119.6776,24.7781],[-120.381,24.6184]]}},{"type":"Feature","properties":{"strength":0.814},"geometry":{"type":"LineString","coordinates":[[127.7675,34.9729],[128.6468,34.2492]]}},{"type":"Feature","properties":{"strength":0.184},"geometry":{"type":"LineString","coordinates":[[51.9687,-3.4274],[51.2653,-2.7249],[50.9135,-2.7249]]}},{"type":"Feature","properties":{"strength":0.246},"geometry":{"type":"LineString","coordinates":[[51.9687,-3.4274],[53.0239,-2.3735]]}},{"type":"Feature","properties":{"strength":0.259},"geometry":{"type":"LineString","coordinates":[[51.9687,-3.4274],[51.617,-4.48],[50.9135,-5.0058]]}},{"type":"Feature","properties":{"strength":0.336},"geometry":{"type":"LineString","coordinates":[[13.9814,66.4255],[13.278,66.2844],[12.7504,66.2844]]}},{"type":"Feature","properties":{"strength":0.302},"geometry":{"type":"LineString","coordinates":[[43.8788,-13.5029],[42.6478,-14.6969]]}},{"type":"Feature","properties":{"strength":0.202},"geometry":{"type":"LineString","coordinates":[[-4.8363,59.2394],[-5.3639,59.5082],[-6.4191,59.5082]]}},{"type":"Feature","properties":{"strength":0.157},"geometry":{"type":"LineString","coordinates":[[-69.0278,32.0407],[-68.852,32.1897],[-68.852,35.4041],[-68.6761,35.5474]]}},{"type":"Feature","properties":{"strength":0.221},"geometry":{"type":"LineString","coordinates":[[127.9433,-9.1933],[127.7675,-8.3242]]}},{"type":"Feature","properties":{"strength":0.296},"geometry":{"type":"LineString","coordinates":[[117.0396,-17.9036],[117.9189,-17.9036]]}},{"type":"Feature","properties":{"strength":0.042},"geometry":{"type":"LineString","coordinates":[[-52.4963,11.4425],[-51.9687,10.9249],[-51.4411,10.7522]]}},{"type":"Feature","properties":{"strength":0.203},"geometry":{"type":"LineString","coordinates":[[-33.6786,41.4594],[-34.7338,41.3275],[-35.2614,41.0628]]}},{"type":"Feature","properties":{"strength":0.104},"geometry":{"type":"LineString","coordinates":[[-164.3478,51.2527],[-164.172,51.3627],[-162.5892,51.3627],[-162.4133,51.4723],[-156.2579,51.4723],[-155.7303,51.6909]]}},{"type":"Feature","properties":{"strength":0.283},"geometry":{"type":"LineString","coordinates":[[19.6092,69.9469],[20.3127,70.1271]]}},{"type":"Feature","properties":{"strength":0.486},"geometry":{"type":"LineString","coordinates":[[26.9956,-34.9729],[22.2472,-35.4041]]}},{"type":"Feature","properties":{"strength":0.247},"geometry":{"type":"LineString","coordinates":[[33.5027,70.1271],[32.7992,70.4238],[30.8647,70.9473],[29.6336,71.2323],[28.9301,71.2888]]}},{"type":"Feature","properties":{"strength":0.121},"geometry":{"type":"LineString","coordinates":[[140.7816,15.2066],[141.661,15.0369]]}},{"type":"Feature","properties":{"strength":0.691},"geometry":{"type":"LineString","coordinates":[[113.874,-5.3561],[112.9946,-5.3561]]}},{"type":"Feature","properties":{"strength":0.672},"geometry":{"type":"LineString","coordinates":[[113.874,-5.3561],[114.5774,-6.0561],[114.5774,-6.7552]]}},{"type":"Feature","properties":{"strength":0.107},"geometry":{"type":"LineString","coordinates":[[-58.4758,44.0417],[-58.6517,44.168],[-58.8276,45.416]]}},{"type":"Feature","properties":{"strength":0.042},"geometry":{"type":"LineString","coordinates":[[-171.3825,45.0444],[-171.3825,45.6623]]}},{"type":"Feature","properties":{"strength":0.493},"geometry":{"type":"LineString","coordinates":[[124.6019,5.5312],[123.8984,6.0561],[123.3708,6.0561]]}},{"type":"Feature","properties":{"strength":0.507},"geometry":{"type":"LineString","coordinates":[[111.9394,-24.1378],[112.2912,-26.6792],[112.8188,-27.7738]]}},{"type":"Feature","properties":{"strength":0.152},"geometry":{"type":"LineString","coordinates":[[154.4993,-10.9249],[154.1475,-10.9249],[152.3889,-9.8871]]}},{"type":"Feature","properties":{"strength":0.165},"geometry":{"type":"LineString","coordinates":[[125.6571,23.0095],[126.0088,21.5449]]}},{"type":"Feature","properties":{"strength":0.147},"geometry":{"type":"LineString","coordinates":[[136.5608,26.3645],[135.3298,27.4622]]}},{"type":"Feature","properties":{"strength":0.495},"geometry":{"type":"LineString","coordinates":[[-89.2526,28.8576],[-90.3078,30.0824],[-91.1871,30.3863]]}},{"type":"Feature","properties":{"strength":0.206},"geometry":{"type":"LineString","coordinates":[[-89.2526,28.8576],[-88.5491,29.9301]]}},{"type":"Feature","properties":{"strength":0.341},"geometry":{"type":"LineString","coordinates":[[-117.9189,32.1897],[-117.743,31.4425]]}},{"type":"Feature","properties":{"strength":0.331},"geometry":{"type":"LineString","coordinates":[[-77.2936,32.7831],[-75.8867,33.5193]]}},{"type":"Feature","properties":{"strength":0.182},"geometry":{"type":"LineString","coordinates":[[138.4954,29.6248],[138.4954,28.0846],[138.1436,27.7738]]}},{"type":"Feature","properties":{"strength":0.298},"geometry":{"type":"LineString","coordinates":[[-76.4143,18.9048],[-77.6453,18.9048],[-77.8212,19.0711]]}},{"type":"Feature","properties":{"strength":0.308},"geometry":{"type":"LineString","coordinates":[[-76.2384,-49.7994],[-76.4143,-49.2285],[-76.2384,-47.8311]]}},{"type":"Feature","properties":{"strength":0.527},"geometry":{"type":"LineString","coordinates":[[116.8637,-12.303],[116.1602,-12.303]]}},{"type":"Feature","properties":{"strength":0.179},"geometry":{"type":"LineString","coordinates":[[137.616,17.4008],[137.616,19.0711]]}},{"type":"Feature","properties":{"strength":0.345},"geometry":{"type":"LineString","coordinates":[[-124.9536,38.6329],[-124.6019,38.3576],[-124.2501,37.1058]]}},{"type":"Feature","properties":{"strength":0.276},"geometry":{"type":"LineString","coordinates":[[100.8598,11.27],[100.6839,10.9249],[100.8598,8.6721],[101.7391,7.4532],[102.9702,6.231],[103.4978,6.0561]]}},{"type":"Feature","properties":{"strength":0.086},"geometry":{"type":"LineString","coordinates":[[-51.617,7.6276],[-53.1998,8.1502]]}},{"type":"Feature","properties":{"strength":0.256},"geometry":{"type":"LineString","coordinates":[[158.7201,52.3403],[158.7201,52.9803]]}},{"type":"Feature","properties":{"strength":0.596},"geometry":{"type":"LineString","coordinates":[[121.6121,7.2788],[123.1949,6.231]]}},{"type":"Feature","properties":{"strength":0.462},"geometry":{"type":"LineString","coordinates":[[-121.0845,34.1037],[-120.7328,34.3945],[-120.2052,34.3945],[-119.6776,34.2492],[-119.5017,33.958]]}},{"type":"Feature","properties":{"strength":0.689},"geometry":{"type":"LineString","coordinates":[[42.296,14.6969],[42.8236,13.3319],[43.703,12.303]]}},{"type":"Feature","properties":{"strength":0.455},"geometry":{"type":"LineString","coordinates":[[126.3605,24.7781],[125.6571,24.1378],[125.4812,23.1713]]}},{"type":"Feature","properties":{"strength":0.199},"geometry":{"type":"LineString","coordinates":[[26.1163,71.3451],[25.4128,71.3451]]}},{"type":"Feature","properties":{"strength":0.216},"geometry":{"type":"LineString","coordinates":[[87.6698,5.0058],[87.4939,5.7062]]}},{"type":"Feature","properties":{"strength":0.295},"geometry":{"type":"LineString","coordinates":[[-6.4191,56.2375],[-6.0674,56.0415],[-6.2433,55.6465]]}},{"type":"Feature","properties":{"strength":0.107},"geometry":{"type":"LineString","coordinates":[[-15.3884,48.3012],[-14.1573,48.9983]]}},{"type":"Feature","properties":{"strength":0.208},"geometry":{"type":"LineString","coordinates":[[-97.3425,27.9293],[-95.9355,27.4622],[-94.8803,26.6792]]}},{"type":"Feature","properties":{"strength":0.311},"geometry":{"type":"LineString","coordinates":[[3.6053,-31.7421],[5.7157,-29.9301],[6.9468,-29.9301]]}},{"type":"Feature","properties":{"strength":0.234},"geometry":{"type":"LineString","coordinates":[[19.9609,70.5998],[18.2022,70.3648],[17.3229,69.8865]]}},{"type":"Feature","properties":{"strength":0.12},"geometry":{"type":"LineString","coordinates":[[-66.5657,20.2304],[-67.7968,21.0533],[-68.6761,21.2173]]}},{"type":"Feature","properties":{"strength":0.312},"geometry":{"type":"LineString","coordinates":[[-45.8134,4.6553],[-46.6927,5.5312],[-46.6927,5.8812]]}},{"type":"Feature","properties":{"strength":0.324},"geometry":{"type":"LineString","coordinates":[[19.2574,59.9514],[18.7298,59.5082]]}},{"type":"Feature","properties":{"strength":0.2},"geometry":{"type":"LineString","coordinates":[[-63.7518,19.0711],[-64.4553,19.4032],[-65.1588,20.2304]]}},{"type":"Feature","properties":{"strength":0.131},"geometry":{"type":"LineString","coordinates":[[-34.9096,-20.0653],[-35.6131,-20.3954],[-36.6683,-21.5449]]}},{"type":"Feature","properties":{"strength":0.05},"geometry":{"type":"LineString","coordinates":[[-22.2472,45.1685],[-21.5437,44.5452]]}},{"type":"Feature","properties":{"strength":0.233},"geometry":{"type":"LineString","coordinates":[[83.4489,11.6148],[83.2731,10.4064],[82.7455,9.8871]]}},{"type":"Feature","properties":{"strength":0.158},"geometry":{"type":"LineString","coordinates":[[-6.7709,62.1632],[-7.1226,62.571]]}},{"type":"Feature","properties":{"strength":0.314},"geometry":{"type":"LineString","coordinates":[[-73.6004,-17.2329],[-73.4245,-17.0649],[-72.5452,-17.0649],[-72.0176,-17.9036]]}},{"type":"Feature","properties":{"strength":0.263},"geometry":{"type":"LineString","coordinates":[[-38.427,37.8039],[-36.4924,36.2596],[-33.5027,36.2596]]}},{"type":"Feature","properties":{"strength":0.518},"geometry":{"type":"LineString","coordinates":[[-93.4734,28.8576],[-92.9458,28.0846],[-91.0112,26.3645]]}},{"type":"Feature","properties":{"strength":0.432},"geometry":{"type":"LineString","coordinates":[[0.4397,55.0465],[0.7914,54.2324]]}},{"type":"Feature","properties":{"strength":0.044},"geometry":{"type":"LineString","coordinates":[[62.6966,16.8967],[61.9932,16.5598]]}},{"type":"Feature","properties":{"strength":0.045},"geometry":{"type":"LineString","coordinates":[[-15.5642,44.0417],[-15.0366,43.5338]]}},{"type":"Feature","properties":{"strength":0.501},"geometry":{"type":"LineString","coordinates":[[74.6556,-7.1043],[76.2384,-8.6721]]}},{"type":"Feature","properties":{"strength":0.722},"geometry":{"type":"LineString","coordinates":[[76.5901,7.1043],[75.3591,8.1502]]}},{"type":"Feature","properties":{"strength":0.09},"geometry":{"type":"LineString","coordinates":[[170.3273,44.92],[168.2169,46.3949]]}},{"type":"Feature","properties":{"strength":0.322},"geometry":{"type":"LineString","coordinates":[[78.3488,5.0058],[76.766,3.4274]]}},{"type":"Feature","properties":{"strength":0.011},"geometry":{"type":"LineString","coordinates":[[-46.1651,27.1496],[-47.2203,26.993]]}},{"type":"Feature","properties":{"strength":0.249},"geometry":{"type":"LineString","coordinates":[[179.2965,50.1388],[177.7137,49.1135],[176.1309,47.7129]]}},{"type":"Feature","properties":{"strength":0.172},"geometry":{"type":"LineString","coordinates":[[139.9023,5.0058],[139.3747,5.3561],[138.4954,5.5312],[137.4402,6.5805],[135.3298,9.3669]]}},{"type":"Feature","properties":{"strength":0.096},"geometry":{"type":"LineString","coordinates":[[15.2125,33.3725],[16.0918,34.1037],[16.9712,34.2492]]}},{"type":"Feature","properties":{"strength":0.239},"geometry":{"type":"LineString","coordinates":[[127.064,26.8362],[127.064,27.6181]]}},{"type":"Feature","properties":{"strength":0.45},"geometry":{"type":"LineString","coordinates":[[110.0049,9.8871],[111.0601,8.8459],[111.0601,7.8019],[110.8842,7.6276]]}},{"type":"Feature","properties":{"strength":0.169},"geometry":{"type":"LineString","coordinates":[[57.5965,10.4064],[56.893,11.27]]}},{"type":"Feature","properties":{"strength":0.192},"geometry":{"type":"LineString","coordinates":[[-32.4475,-3.4274],[-33.6786,-3.4274],[-34.382,-2.9006]]}},{"type":"Feature","properties":{"strength":0.013},"geometry":{"type":"LineString","coordinates":[[165.403,25.0971],[164.172,25.0971],[163.8202,25.4152],[163.2926,25.4152],[162.765,25.7325],[160.127,26.0489]]}},{"type":"Feature","properties":{"strength":0.257},"geometry":{"type":"LineString","coordinates":[[85.2076,-2.3735],[86.9663,-3.9539]]}},{"type":"Feature","properties":{"strength":0.19},"geometry":{"type":"LineString","coordinates":[[-18.7298,32.6351],[-17.8505,31.8915],[-16.9712,31.8915]]}},{"type":"Feature","properties":{"strength":0.12},"geometry":{"type":"LineString","coordinates":[[147.6404,-12.4748],[144.6507,-9.7138],[144.6507,-9.1933]]}},{"type":"Feature","properties":{"strength":0.076},"geometry":{"type":"LineString","coordinates":[[-24.8852,44.0417],[-24.1817,44.0417],[-23.6541,44.294],[-22.7748,44.294],[-22.5989,44.4197],[-22.2472,44.294]]}},{"type":"Feature","properties":{"strength":0.062},"geometry":{"type":"LineString","coordinates":[[-46.5169,28.0846],[-46.6927,28.8576]]}},{"type":"Feature","properties":{"strength":0.3},"geometry":{"type":"LineString","coordinates":[[-80.9868,30.6893],[-81.6903,30.5379]]}},{"type":"Feature","properties":{"strength":0.097},"geometry":{"type":"LineString","coordinates":[[138.4954,41.7225],[138.4954,41.9845],[138.8471,42.2454],[139.1988,42.2454]]}},{"type":"Feature","properties":{"strength":0.383},"geometry":{"type":"LineString","coordinates":[[-98.0459,14.186],[-98.3977,14.6969],[-99.6287,15.2066],[-100.8598,16.0534],[-101.7391,16.2224]]}},{"type":"Feature","properties":{"strength":0.205},"geometry":{"type":"LineString","coordinates":[[-98.0459,14.186],[-97.1666,13.8447],[-95.5838,12.4748]]}},{"type":"Feature","properties":{"strength":0.084},"geometry":{"type":"LineString","coordinates":[[-98.0459,14.186],[-99.277,12.9894],[-100.5081,13.1607]]}},{"type":"Feature","properties":{"strength":0.141},"geometry":{"type":"LineString","coordinates":[[-158.3683,47.4757],[-160.127,46.2735]]}},{"type":"Feature","properties":{"strength":0.443},"geometry":{"type":"LineString","coordinates":[[124.9536,2.1978],[123.8984,4.1293]]}},{"type":"Feature","properties":{"strength":0.214},"geometry":{"type":"LineString","coordinates":[[124.9536,2.1978],[123.8984,1.6705],[123.0191,1.8463],[122.6673,1.4947],[121.6121,1.4947],[120.9086,1.8463]]}},{"type":"Feature","properties":{"strength":0.089},"geometry":{"type":"LineString","coordinates":[[-26.6439,16.8967],[-27.1715,16.8967],[-27.5232,16.3912]]}},{"type":"Feature","properties":{"strength":0.265},"geometry":{"type":"LineString","coordinates":[[-77.2936,15.3763],[-78.1729,16.2224],[-79.0523,16.3912]]}},{"type":"Feature","properties":{"strength":0.025},"geometry":{"type":"LineString","coordinates":[[-47.3962,26.8362],[-47.0445,26.0489]]}},{"type":"Feature","properties":{"strength":0.332},"geometry":{"type":"LineString","coordinates":[[-74.3039,12.303],[-73.6004,12.4748],[-72.8969,13.6739],[-71.6659,14.8669]]}},{"type":"Feature","properties":{"strength":0.578},"geometry":{"type":"LineString","coordinates":[[76.2384,-8.6721],[75.1832,-9.5404],[74.8315,-10.4064]]}},{"type":"Feature","properties":{"strength":0.295},"geometry":{"type":"LineString","coordinates":[[24.8852,40.2624],[24.5335,40.7971]]}},{"type":"Feature","properties":{"strength":0.471},"geometry":{"type":"LineString","coordinates":[[8.7054,53.1916],[8.3537,53.4018],[8.3537,53.9228]]}},{"type":"Feature","properties":{"strength":0.093},"geometry":{"type":"LineString","coordinates":[[-155.7303,47.949],[-156.6097,48.0666]]}},{"type":"Feature","properties":{"strength":0.382},"geometry":{"type":"LineString","coordinates":[[141.3092,10.5793],[141.661,10.4064],[142.0127,9.5404]]}},{"type":"Feature","properties":{"strength":0.049},"geometry":{"type":"LineString","coordinates":[[-135.6815,33.3725],[-138.6712,32.1897],[-139.023,31.8915]]}},{"type":"Feature","properties":{"strength":0.019},"geometry":{"type":"LineString","coordinates":[[-166.4582,48.6509],[-166.2824,48.767],[-166.1065,48.6509],[-166.2824,48.5346],[-166.4582,48.6509]]}},{"type":"Feature","properties":{"strength":0.054},"geometry":{"type":"LineString","coordinates":[[-166.4582,48.6509],[-168.7445,48.6509]]}},{"type":"Feature","properties":{"strength":0.297},"geometry":{"type":"LineString","coordinates":[[-61.6414,44.294],[-60.4104,45.1685],[-59.531,45.2924],[-59.0034,45.5393]]}},{"type":"Feature","properties":{"strength":0.207},"geometry":{"type":"LineString","coordinates":[[-11.1676,46.7576],[-10.4641,47.1178]]}},{"type":"Feature","properties":{"strength":0.078},"geometry":{"type":"LineString","coordinates":[[-59.7069,32.9308],[-62.5208,32.9308]]}},{"type":"Feature","properties":{"strength":0.63},"geometry":{"type":"LineString","coordinates":[[73.9521,12.1311],[73.7763,12.303],[73.7763,13.1607],[73.0728,14.6969],[70.9624,16.3912]]}},{"type":"Feature","properties":{"strength":0.094},"geometry":{"type":"LineString","coordinates":[[43.3512,-3.4274],[44.5823,-2.9006]]}},{"type":"Feature","properties":{"strength":0.192},"geometry":{"type":"LineString","coordinates":[[-16.0918,40.5303],[-16.6194,40.1281],[-16.6194,39.3165],[-19.7851,36.8248]]}},{"type":"Feature","properties":{"strength":0.067},"geometry":{"type":"LineString","coordinates":[[-46.8686,38.9071],[-46.1651,39.4524],[-45.9893,39.9935]]}},{"type":"Feature","properties":{"strength":0.946},"geometry":{"type":"LineString","coordinates":[[118.2706,38.9071],[118.4465,38.7701],[120.0293,38.7701]]}},{"type":"Feature","properties":{"strength":0.599},"geometry":{"type":"LineString","coordinates":[[34.5579,-32.3384],[33.8544,-32.6351]]}},{"type":"Feature","properties":{"strength":0.212},"geometry":{"type":"LineString","coordinates":[[136.385,-34.9729],[137.4402,-33.812],[137.4402,-33.3725],[137.9678,-33.0783]]}},{"type":"Feature","properties":{"strength":0.256},"geometry":{"type":"LineString","coordinates":[[-138.8471,51.4723],[-138.8471,50.8103],[-139.9023,50.1388]]}},{"type":"Feature","properties":{"strength":0.579},"geometry":{"type":"LineString","coordinates":[[126.5364,5.8812],[125.8329,6.5805],[125.6571,7.1043]]}},{"type":"Feature","properties":{"strength":0.526},"geometry":{"type":"LineString","coordinates":[[126.5364,5.8812],[126.1847,5.5312],[124.9536,5.5312]]}},{"type":"Feature","properties":{"strength":0.235},"geometry":{"type":"LineString","coordinates":[[-22.2472,24.1378],[-22.4231,24.9377]]}},{"type":"Feature","properties":{"strength":0.13},"geometry":{"type":"LineString","coordinates":[[-64.807,27.1496],[-64.807,27.6181],[-67.0933,29.4719]]}},{"type":"Feature","properties":{"strength":0.077},"geometry":{"type":"LineString","coordinates":[[-41.065,44.5452],[-41.065,45.1685]]}},{"type":"Feature","properties":{"strength":0.596},"geometry":{"type":"LineString","coordinates":[[60.0586,-19.569],[59.3552,-18.9048],[58.6517,-18.9048]]}},{"type":"Feature","properties":{"strength":0.348},"geometry":{"type":"LineString","coordinates":[[-22.2472,14.186],[-23.3024,15.0369]]}},{"type":"Feature","properties":{"strength":0.556},"geometry":{"type":"LineString","coordinates":[[-22.2472,14.186],[-21.8955,14.5267],[-21.8955,14.8669],[-21.3679,15.2066]]}},{"type":"Feature","properties":{"strength":0.549},"geometry":{"type":"LineString","coordinates":[[-22.2472,14.186],[-23.83,10.2334]]}},{"type":"Feature","properties":{"strength":0.12},"geometry":{"type":"LineString","coordinates":[[-12.2228,45.1685],[-12.2228,45.5393],[-11.6952,45.9076],[-11.5193,46.2735]]}},{"type":"Feature","properties":{"strength":0.022},"geometry":{"type":"LineString","coordinates":[[-29.2819,31.1419],[-29.2819,30.6893],[-28.9301,30.3863],[-28.7543,30.6893]]}},{"type":"Feature","properties":{"strength":0.034},"geometry":{"type":"LineString","coordinates":[[-17.4988,44.5452],[-17.8505,44.92],[-17.8505,45.416]]}},{"type":"Feature","properties":{"strength":0.099},"geometry":{"type":"LineString","coordinates":[[-17.4988,44.5452],[-16.7953,44.92]]}},{"type":"Feature","properties":{"strength":0.096},"geometry":{"type":"LineString","coordinates":[[-17.4988,44.5452],[-18.7298,43.9151],[-19.4333,43.9151]]}},{"type":"Feature","properties":{"strength":0.273},"geometry":{"type":"LineString","coordinates":[[-71.6659,23.0095],[-69.9072,22.3604]]}},{"type":"Feature","properties":{"strength":0.27},"geometry":{"type":"LineString","coordinates":[[72.8969,9.8871],[73.4245,9.7138],[73.4245,8.8459],[73.2487,8.6721]]}},{"type":"Feature","properties":{"strength":0.256},"geometry":{"type":"LineString","coordinates":[[42.1202,-15.5458],[42.9995,-16.3912],[42.9995,-17.0649],[42.4719,-17.5686],[41.5926,-17.5686],[41.2408,-17.2329]]}},{"type":"Feature","properties":{"strength":0.35},"geometry":{"type":"LineString","coordinates":[[-19.2574,17.5686],[-19.0816,19.0711]]}},{"type":"Feature","properties":{"strength":0.443},"geometry":{"type":"LineString","coordinates":[[-19.2574,17.5686],[-20.8403,16.7283],[-21.192,15.3763]]}},{"type":"Feature","properties":{"strength":0.445},"geometry":{"type":"LineString","coordinates":[[-19.2574,17.5686],[-18.554,16.8967],[-18.554,16.2224]]}},{"type":"Feature","properties":{"strength":0.329},"geometry":{"type":"LineString","coordinates":[[4.3087,60.0394],[3.2535,60.5622]]}},{"type":"Feature","properties":{"strength":0.092},"geometry":{"type":"LineString","coordinates":[[-56.893,-39.1803],[-56.1895,-39.7235],[-56.5413,-40.3965]]}},{"type":"Feature","properties":{"strength":0.426},"geometry":{"type":"LineString","coordinates":[[-75.8867,12.9894],[-75.8867,12.303]]}},{"type":"Feature","properties":{"strength":0.674},"geometry":{"type":"LineString","coordinates":[[105.4323,-5.8812],[106.1358,-5.7062],[107.0151,-4.8306]]}},{"type":"Feature","properties":{"strength":0.909},"geometry":{"type":"LineString","coordinates":[[137.9678,33.812],[136.9126,34.8287]]}},{"type":"Feature","properties":{"strength":0.222},"geometry":{"type":"LineString","coordinates":[[-45.1099,45.1685],[-44.5823,45.5393],[-42.9995,45.5393],[-42.8236,45.6623]]}},{"type":"Feature","properties":{"strength":0.284},"geometry":{"type":"LineString","coordinates":[[68.5002,18.238],[68.6761,17.2329]]}},{"type":"Feature","properties":{"strength":0.371},"geometry":{"type":"LineString","coordinates":[[-14.509,30.6893],[-16.2677,30.6893]]}},{"type":"Feature","properties":{"strength":0.305},"geometry":{"type":"LineString","coordinates":[[171.7342,-45.0444],[172.2618,-44.7953],[172.4377,-44.4197]]}},{"type":"Feature","properties":{"strength":0.761},"geometry":{"type":"LineString","coordinates":[[102.2667,1.6705],[99.9805,3.9539],[99.4529,4.6553],[99.4529,5.0058],[97.5183,6.4058]]}},{"type":"Feature","properties":{"strength":0.45},"geometry":{"type":"LineString","coordinates":[[31.744,46.7576],[31.0405,46.2735],[31.0405,45.5393],[31.2164,45.416]]}},{"type":"Feature","properties":{"strength":0.197},"geometry":{"type":"LineString","coordinates":[[-110.7084,26.6792],[-111.0601,27.7738]]}},{"type":"Feature","properties":{"strength":0.419},"geometry":{"type":"LineString","coordinates":[[153.7958,-17.2329],[153.9717,-20.3954]]}},{"type":"Feature","properties":{"strength":0.193},"geometry":{"type":"LineString","coordinates":[[73.6004,0.2638],[74.128,0.2638],[74.8315,-0.4397]]}},{"type":"Feature","properties":{"strength":0.13},"geometry":{"type":"LineString","coordinates":[[2.1983,-29.9301],[1.1431,-29.7776]]}},{"type":"Feature","properties":{"strength":0.29},"geometry":{"type":"LineString","coordinates":[[124.0743,-1.4947],[124.0743,-2.1978],[123.3708,-2.9006]]}},{"type":"Feature","properties":{"strength":0.129},"geometry":{"type":"LineString","coordinates":[[-48.2755,28.2396],[-48.6273,28.8576]]}},{"type":"Feature","properties":{"strength":0.035},"geometry":{"type":"LineString","coordinates":[[171.2066,30.9913],[171.3825,31.1419],[173.8447,31.1419],[174.0205,30.9913],[176.1309,31.1419]]}},{"type":"Feature","properties":{"strength":0.726},"geometry":{"type":"LineString","coordinates":[[128.6468,33.812],[127.7675,33.6658],[125.3053,31.5924]]}},{"type":"Feature","properties":{"strength":0.261},"geometry":{"type":"LineString","coordinates":[[118.9741,2.3735],[118.2706,3.0762]]}},{"type":"Feature","properties":{"strength":0.461},"geometry":{"type":"LineString","coordinates":[[118.9741,2.3735],[118.6224,2.0221],[118.2706,2.0221]]}},{"type":"Feature","properties":{"strength":0.433},"geometry":{"type":"LineString","coordinates":[[39.4822,-5.3561],[39.1304,-5.7062],[39.1304,-6.231],[39.4822,-6.5805],[40.1856,-6.5805]]}},{"type":"Feature","properties":{"strength":0.566},"geometry":{"type":"LineString","coordinates":[[-2.9018,51.5817],[-6.2433,51.2527]]}},{"type":"Feature","properties":{"strength":0.039},"geometry":{"type":"LineString","coordinates":[[19.7851,33.0783],[18.9057,33.0783],[18.3781,33.6658]]}},{"type":"Feature","properties":{"strength":0.585},"geometry":{"type":"LineString","coordinates":[[8.8813,43.6612],[8.1778,43.4062],[6.9468,42.2454]]}},{"type":"Feature","properties":{"strength":0.055},"geometry":{"type":"LineString","coordinates":[[59.3552,6.0561],[59.531,6.9298]]}},{"type":"Feature","properties":{"strength":0.19},"geometry":{"type":"LineString","coordinates":[[154.3234,-25.7325],[156.4338,-25.7325],[156.7855,-25.5739]]}},{"type":"Feature","properties":{"strength":0.513},"geometry":{"type":"LineString","coordinates":[[-30.6888,-2.5492],[-29.2819,-1.4947],[-28.5784,0.4397],[-28.0508,1.1431]]}},{"type":"Feature","properties":{"strength":0.159},"geometry":{"type":"LineString","coordinates":[[-40.7132,43.1501],[-39.658,43.1501]]}},{"type":"Feature","properties":{"strength":0.206},"geometry":{"type":"LineString","coordinates":[[83.0972,4.1293],[82.042,5.181]]}},{"type":"Feature","properties":{"strength":0.051},"geometry":{"type":"LineString","coordinates":[[155.2027,26.5219],[155.5545,26.2068],[156.4338,26.0489]]}},{"type":"Feature","properties":{"strength":0.698},"geometry":{"type":"LineString","coordinates":[[44.4064,12.303],[45.9893,12.303],[47.3962,12.818],[49.3307,12.9894],[50.2101,13.3319]]}},{"type":"Feature","properties":{"strength":0.3},"geometry":{"type":"LineString","coordinates":[[-92.0664,24.9377],[-91.8906,25.4152],[-91.363,25.8908]]}},{"type":"Feature","properties":{"strength":0.076},"geometry":{"type":"LineString","coordinates":[[-34.9096,31.2923],[-35.6131,31.1419]]}},{"type":"Feature","properties":{"strength":0.073},"geometry":{"type":"LineString","coordinates":[[-157.6649,47.4757],[-157.6649,46.5161]]}},{"type":"Feature","properties":{"strength":0.331},"geometry":{"type":"LineString","coordinates":[[127.5916,16.2224],[126.1847,17.4008]]}},{"type":"Feature","properties":{"strength":0.392},"geometry":{"type":"LineString","coordinates":[[127.5916,16.2224],[125.3053,14.186]]}},{"type":"Feature","properties":{"strength":0.261},"geometry":{"type":"LineString","coordinates":[[-127.064,33.5193],[-128.2951,32.4869]]}},{"type":"Feature","properties":{"strength":0.116},"geometry":{"type":"LineString","coordinates":[[-58.4758,-33.2255],[-58.6517,-33.812]]}},{"type":"Feature","properties":{"strength":0.515},"geometry":{"type":"LineString","coordinates":[[139.3747,-38.2195],[139.9023,-38.4954],[141.1334,-38.6329],[142.5403,-39.0438],[144.4748,-39.0438]]}},{"type":"Feature","properties":{"strength":0.056},"geometry":{"type":"LineString","coordinates":[[-35.789,30.0824],[-35.789,30.8404]]}},{"type":"Feature","properties":{"strength":0.339},"geometry":{"type":"LineString","coordinates":[[5.7157,41.4594],[6.7709,42.1151]]}},{"type":"Feature","properties":{"strength":0.076},"geometry":{"type":"LineString","coordinates":[[132.1641,12.9894],[131.6365,13.1607],[131.1089,13.6739]]}},{"type":"Feature","properties":{"strength":0.038},"geometry":{"type":"LineString","coordinates":[[-21.192,42.764],[-21.0161,42.1151],[-20.6644,41.8536]]}},{"type":"Feature","properties":{"strength":0.067},"geometry":{"type":"LineString","coordinates":[[-22.9507,20.2304],[-24.0059,19.2372]]}},{"type":"Feature","properties":{"strength":0.06},"geometry":{"type":"LineString","coordinates":[[-29.9853,16.3912],[-28.9301,17.4008]]}},{"type":"Feature","properties":{"strength":0.457},"geometry":{"type":"LineString","coordinates":[[111.7636,-23.9772],[111.0601,-23.4942],[110.7084,-22.6853],[107.7186,-14.3564]]}},{"type":"Feature","properties":{"strength":0.163},"geometry":{"type":"LineString","coordinates":[[126.1847,21.3812],[127.7675,21.3812]]}},{"type":"Feature","properties":{"strength":0.394},"geometry":{"type":"LineString","coordinates":[[-79.5799,15.7151],[-79.7557,16.3912]]}},{"type":"Feature","properties":{"strength":0.444},"geometry":{"type":"LineString","coordinates":[[-80.4592,2.5492],[-80.2833,2.7249],[-80.1075,4.6553]]}},{"type":"Feature","properties":{"strength":0.264},"geometry":{"type":"LineString","coordinates":[[124.426,-4.8306],[125.1295,-4.8306]]}},{"type":"Feature","properties":{"strength":0.32},"geometry":{"type":"LineString","coordinates":[[-7.2985,3.2518],[-7.4744,3.4274],[-10.1124,3.6029],[-10.8158,2.9006]]}},{"type":"Feature","properties":{"strength":0.323},"geometry":{"type":"LineString","coordinates":[[-7.2985,3.2518],[-4.4846,3.4274],[-4.1329,2.9006]]}},{"type":"Feature","properties":{"strength":0.206},"geometry":{"type":"LineString","coordinates":[[-7.2985,3.2518],[-7.8261,2.7249],[-7.8261,2.1978]]}},{"type":"Feature","properties":{"strength":0.644},"geometry":{"type":"LineString","coordinates":[[103.6737,5.8812],[104.2013,4.1293]]}},{"type":"Feature","properties":{"strength":0.156},"geometry":{"type":"LineString","coordinates":[[-4.6605,61.6664],[-3.957,61.5829]]}},{"type":"Feature","properties":{"strength":0.709},"geometry":{"type":"LineString","coordinates":[[106.4875,4.6553],[107.0151,6.231],[107.5427,6.9298]]}},{"type":"Feature","properties":{"strength":0.217},"geometry":{"type":"LineString","coordinates":[[-25.2369,34.1037],[-24.8852,34.6842]]}},{"type":"Feature","properties":{"strength":0.143},"geometry":{"type":"LineString","coordinates":[[-24.1817,-30.8404],[-24.1817,-33.5193],[-24.3576,-33.812]]}},{"type":"Feature","properties":{"strength":0.143},"geometry":{"type":"LineString","coordinates":[[-55.8378,20.2304],[-51.617,22.523]]}},{"type":"Feature","properties":{"strength":0.245},"geometry":{"type":"LineString","coordinates":[[109.3014,-1.8463],[109.3014,-1.4947],[108.2462,-0.6155]]}},{"type":"Feature","properties":{"strength":0.631},"geometry":{"type":"LineString","coordinates":[[19.0816,55.1472],[19.0816,55.3477],[18.2022,55.8445]]}},{"type":"Feature","properties":{"strength":0.11},"geometry":{"type":"LineString","coordinates":[[-174.8999,29.9301],[-174.724,30.0824],[-172.6136,30.2345]]}},{"type":"Feature","properties":{"strength":0.219},"geometry":{"type":"LineString","coordinates":[[-124.2501,36.8248],[-125.3053,35.833]]}},{"type":"Feature","properties":{"strength":0.292},"geometry":{"type":"LineString","coordinates":[[-70.9624,-21.8717],[-70.7865,-21.7084],[-70.7865,-20.5601],[-70.9624,-20.3954]]}},{"type":"Feature","properties":{"strength":0.29},"geometry":{"type":"LineString","coordinates":[[52.8481,-19.7346],[53.3757,-20.3954]]}},{"type":"Feature","properties":{"strength":0.105},"geometry":{"type":"LineString","coordinates":[[-69.0278,30.9913],[-69.0278,30.6893],[-69.3796,30.3863]]}},{"type":"Feature","properties":{"strength":0.078},"geometry":{"type":"LineString","coordinates":[[-36.4924,10.0603],[-34.7338,11.787]]}},{"type":"Feature","properties":{"strength":0.156},"geometry":{"type":"LineString","coordinates":[[-4.8363,-24.9377],[-5.5398,-25.5739],[-5.3639,-26.0489],[-4.8363,-26.0489],[-4.1329,-25.4152]]}},{"type":"Feature","properties":{"strength":0.296},"geometry":{"type":"LineString","coordinates":[[85.3835,16.2224],[85.2076,16.3912],[84.3283,16.3912],[83.9766,16.7283]]}},{"type":"Feature","properties":{"strength":0.363},"geometry":{"type":"LineString","coordinates":[[85.3835,16.2224],[86.087,17.0649],[86.2628,18.4049]]}},{"type":"Feature","properties":{"strength":0.418},"geometry":{"type":"LineString","coordinates":[[88.1974,20.0653],[88.0215,20.2304],[88.0215,22.3604],[88.1974,22.6853]]}},{"type":"Feature","properties":{"strength":0.116},"geometry":{"type":"LineString","coordinates":[[-5.7157,60.5622],[-5.3639,61.2463]]}},{"type":"Feature","properties":{"strength":0.379},"geometry":{"type":"LineString","coordinates":[[-38.2511,-21.3812],[-37.8994,-21.7084],[-36.8442,-21.7084]]}},{"type":"Feature","properties":{"strength":0.197},"geometry":{"type":"LineString","coordinates":[[57.5965,4.8306],[57.5965,5.3561],[57.9482,5.7062]]}},{"type":"Feature","properties":{"strength":0.599},"geometry":{"type":"LineString","coordinates":[[118.0948,-1.3189],[118.4465,-1.8463],[118.2706,-2.0221],[118.2706,-3.0762],[117.9189,-3.4274]]}},{"type":"Feature","properties":{"strength":0.37},"geometry":{"type":"LineString","coordinates":[[47.7479,-8.4982],[46.341,-10.7522]]}},{"type":"Feature","properties":{"strength":0.264},"geometry":{"type":"LineString","coordinates":[[-1.8466,-26.5219],[-3.957,-25.4152]]}},{"type":"Feature","properties":{"strength":0.135},"geometry":{"type":"LineString","coordinates":[[-1.8466,-26.5219],[-2.5501,-27.1496],[-2.7259,-28.0846]]}},{"type":"Feature","properties":{"strength":0.368},"geometry":{"type":"LineString","coordinates":[[90.3078,5.3561],[89.956,5.7062],[89.4284,5.7062]]}},{"type":"Feature","properties":{"strength":0.157},"geometry":{"type":"LineString","coordinates":[[152.5647,2.3735],[152.3889,2.9006],[151.8613,2.9006]]}},{"type":"Feature","properties":{"strength":0.036},"geometry":{"type":"LineString","coordinates":[[152.5647,2.3735],[153.0923,0.7914]]}},{"type":"Feature","properties":{"strength":0.039},"geometry":{"type":"LineString","coordinates":[[18.0264,-36.8248],[18.3781,-36.8248],[19.0816,-36.2596]]}},{"type":"Feature","properties":{"strength":0.669},"geometry":{"type":"LineString","coordinates":[[123.7225,-9.0197],[122.8432,-9.7138]]}},{"type":"Feature","properties":{"strength":0.084},"geometry":{"type":"LineString","coordinates":[[-134.4504,30.0824],[-133.7469,30.3863],[-132.5159,30.3863]]}},{"type":"Feature","properties":{"strength":0.02},"geometry":{"type":"LineString","coordinates":[[0.0879,-1.3189],[-0.0879,-0.9672],[-0.4397,-0.9672]]}},{"type":"Feature","properties":{"strength":0.06},"geometry":{"type":"LineString","coordinates":[[1.1431,-0.4397],[2.0225,-0.4397]]}},{"type":"Feature","properties":{"strength":0.059},"geometry":{"type":"LineString","coordinates":[[64.2794,-0.6155],[65.1588,-0.4397]]}},{"type":"Feature","properties":{"strength":0.169},"geometry":{"type":"LineString","coordinates":[[76.2384,3.9539],[77.9971,5.7062]]}},{"type":"Feature","properties":{"strength":0.052},"geometry":{"type":"LineString","coordinates":[[6.7709,-8.1502],[8.002,-8.1502]]}},{"type":"Feature","properties":{"strength":0.393},"geometry":{"type":"LineString","coordinates":[[109.6532,17.0649],[108.0703,17.7361],[107.7186,18.0708],[107.5427,19.0711]]}},{"type":"Feature","properties":{"strength":0.194},"geometry":{"type":"LineString","coordinates":[[-133.0435,37.9427],[-133.3952,38.3576],[-134.2745,38.3576]]}},{"type":"Feature","properties":{"strength":0.308},"geometry":{"type":"LineString","coordinates":[[-1.319,56.3351],[-0.9673,56.1396],[-0.6155,55.3477],[-0.2638,55.1472],[0.2638,55.1472]]}},{"type":"Feature","properties":{"strength":0.049},"geometry":{"type":"LineString","coordinates":[[-95.232,8.8459],[-95.5838,8.4982],[-96.9907,8.6721]]}},{"type":"Feature","properties":{"strength":0.075},"geometry":{"type":"LineString","coordinates":[[-90.4836,3.6029],[-92.4182,5.5312],[-92.4182,5.8812],[-93.4734,6.9298],[-94.001,7.6276],[-94.001,7.9761]]}},{"type":"Feature","properties":{"strength":0.202},"geometry":{"type":"LineString","coordinates":[[165.9306,-22.3604],[165.2272,-22.8475]]}},{"type":"Feature","properties":{"strength":0.039},"geometry":{"type":"LineString","coordinates":[[165.0513,-34.1037],[168.9204,-34.1037],[169.0962,-34.2492]]}},{"type":"Feature","properties":{"strength":0.293},"geometry":{"type":"LineString","coordinates":[[61.1138,-21.3812],[60.2345,-21.2173]]}},{"type":"Feature","properties":{"strength":0.331},"geometry":{"type":"LineString","coordinates":[[61.1138,-21.3812],[61.2897,-21.5449],[63.0484,-21.3812],[64.6312,-20.7247],[65.6864,-19.9],[66.5657,-18.238]]}},{"type":"Feature","properties":{"strength":0.309},"geometry":{"type":"LineString","coordinates":[[-67.7968,13.6739],[-67.2692,13.1607],[-66.7416,13.1607]]}},{"type":"Feature","properties":{"strength":0.123},"geometry":{"type":"LineString","coordinates":[[-49.6825,9.0197],[-50.3859,8.3242]]}},{"type":"Feature","properties":{"strength":0.088},"geometry":{"type":"LineString","coordinates":[[167.8652,-35.1169],[168.5686,-35.1169],[169.9756,-34.6842]]}},{"type":"Feature","properties":{"strength":0.735},"geometry":{"type":"LineString","coordinates":[[117.3913,22.6853],[116.512,23.6554]]}},{"type":"Feature","properties":{"strength":0.468},"geometry":{"type":"LineString","coordinates":[[23.3024,65.1269],[23.3024,64.9786],[22.4231,64.6794]]}},{"type":"Feature","properties":{"strength":0.174},"geometry":{"type":"LineString","coordinates":[[-26.1163,-30.2345],[-29.4577,-33.0783],[-37.1959,-32.9308],[-37.3718,-32.7831],[-40.3615,-32.7831],[-40.5374,-32.6351],[-41.2408,-32.7831],[-41.4167,-32.6351],[-44.4064,-32.6351],[-44.5823,-32.4869],[-46.6927,-32.3384]]}},{"type":"Feature","properties":{"strength":0.49},"geometry":{"type":"LineString","coordinates":[[-79.5799,30.6893],[-80.8109,30.6893]]}},{"type":"Feature","properties":{"strength":0.615},"geometry":{"type":"LineString","coordinates":[[-13.4538,36.6839],[-12.3986,37.5254],[-12.0469,38.2195],[-12.0469,38.7701]]}},{"type":"Feature","properties":{"strength":0.406},"geometry":{"type":"LineString","coordinates":[[167.1617,-22.0348],[166.9858,-22.3604],[166.4582,-22.3604]]}},{"type":"Feature","properties":{"strength":0.489},"geometry":{"type":"LineString","coordinates":[[66.9174,9.1933],[67.6209,10.0603]]}},{"type":"Feature","properties":{"strength":0.367},"geometry":{"type":"LineString","coordinates":[[57.0689,-16.8967],[57.9482,-15.5458],[59.8828,-13.6739],[61.2897,-12.4748],[62.6966,-12.1311]]}},{"type":"Feature","properties":{"strength":0.399},"geometry":{"type":"LineString","coordinates":[[57.0689,-16.8967],[56.5413,-17.0649],[55.6619,-18.0708]]}},{"type":"Feature","properties":{"strength":0.238},"geometry":{"type":"LineString","coordinates":[[57.0689,-16.8967],[57.5965,-17.4008],[57.5965,-17.9036],[58.4758,-18.7383]]}},{"type":"Feature","properties":{"strength":0.215},"geometry":{"type":"LineString","coordinates":[[139.1988,19.7346],[139.3747,19.569],[139.3747,18.7383],[137.7919,17.2329]]}},{"type":"Feature","properties":{"strength":0.164},"geometry":{"type":"LineString","coordinates":[[66.0381,-9.3669],[66.214,-8.6721],[66.5657,-8.3242]]}},{"type":"Feature","properties":{"strength":0.169},"geometry":{"type":"LineString","coordinates":[[89.6043,1.1431],[90.4836,0.2638],[92.4182,-0.6155]]}},{"type":"Feature","properties":{"strength":0.071},"geometry":{"type":"LineString","coordinates":[[-126.0088,31.4425],[-126.5364,30.8404]]}},{"type":"Feature","properties":{"strength":0.2},"geometry":{"type":"LineString","coordinates":[[-73.6004,-18.4049],[-73.6004,-19.0711],[-72.8969,-19.9]]}},{"type":"Feature","properties":{"strength":0.39},"geometry":{"type":"LineString","coordinates":[[134.978,30.5379],[135.3298,30.8404],[135.8574,30.8404],[136.385,31.1419]]}},{"type":"Feature","properties":{"strength":0.124},"geometry":{"type":"LineString","coordinates":[[-61.8173,36.4013],[-61.4656,36.6839],[-61.4656,37.5254]]}},{"type":"Feature","properties":{"strength":0.205},"geometry":{"type":"LineString","coordinates":[[155.7303,-7.4532],[155.0269,-7.4532],[154.6751,-7.8019]]}},{"type":"Feature","properties":{"strength":0.271},"geometry":{"type":"LineString","coordinates":[[143.0679,30.2345],[143.7714,29.9301]]}},{"type":"Feature","properties":{"strength":0.014},"geometry":{"type":"LineString","coordinates":[[-160.127,31.1419],[-160.3029,30.9913],[-160.6546,31.1419],[-162.2374,31.1419],[-162.4133,30.9913]]}},{"type":"Feature","properties":{"strength":0.229},"geometry":{"type":"LineString","coordinates":[[92.594,17.4008],[92.4182,16.7283]]}},{"type":"Feature","properties":{"strength":0.6},"geometry":{"type":"LineString","coordinates":[[6.0674,59.5082],[4.6605,59.4188]]}},{"type":"Feature","properties":{"strength":0.036},"geometry":{"type":"LineString","coordinates":[[-178.9448,46.3949],[-178.9448,45.5393]]}},{"type":"Feature","properties":{"strength":0.233},"geometry":{"type":"LineString","coordinates":[[45.8134,-7.8019],[45.1099,-9.0197],[43.3512,-10.7522],[42.8236,-10.9249]]}},{"type":"Feature","properties":{"strength":0.109},"geometry":{"type":"LineString","coordinates":[[-15.5642,44.168],[-14.6849,44.92]]}},{"type":"Feature","properties":{"strength":0.093},"geometry":{"type":"LineString","coordinates":[[-137.2643,29.1652],[-138.3195,29.0115],[-139.023,28.5491],[-140.254,28.3945]]}},{"type":"Feature","properties":{"strength":0.015},"geometry":{"type":"LineString","coordinates":[[-137.2643,29.1652],[-136.9126,28.8576],[-136.5608,28.8576]]}},{"type":"Feature","properties":{"strength":0.645},"geometry":{"type":"LineString","coordinates":[[130.7572,31.7421],[130.5813,31.5924],[130.5813,29.0115]]}},{"type":"Feature","properties":{"strength":0.232},"geometry":{"type":"LineString","coordinates":[[111.0601,4.3047],[111.236,5.7062]]}},{"type":"Feature","properties":{"strength":0.191},"geometry":{"type":"LineString","coordinates":[[86.6146,2.9006],[86.9663,3.2518],[87.4939,3.2518],[89.4284,4.1293],[90.3078,5.181]]}},{"type":"Feature","properties":{"strength":0.47},"geometry":{"type":"LineString","coordinates":[[120.9086,1.8463],[120.381,1.4947],[119.6776,1.4947]]}},{"type":"Feature","properties":{"strength":0.599},"geometry":{"type":"LineString","coordinates":[[153.6199,-31.4425],[153.2682,-32.4869],[152.5647,-33.5193]]}},{"type":"Feature","properties":{"strength":0.051},"geometry":{"type":"LineString","coordinates":[[49.8583,-3.4274],[50.7377,-2.7249]]}},{"type":"Feature","properties":{"strength":0.063},"geometry":{"type":"LineString","coordinates":[[-50.3859,27.306],[-49.6825,26.6792]]}},{"type":"Feature","properties":{"strength":0.195},"geometry":{"type":"LineString","coordinates":[[-141.4851,39.0438],[-140.9575,39.0438],[-139.3747,40.2624]]}},{"type":"Feature","properties":{"strength":0.612},"geometry":{"type":"LineString","coordinates":[[72.3693,18.9048],[72.5452,18.0708],[70.9624,16.5598]]}},{"type":"Feature","properties":{"strength":0.158},"geometry":{"type":"LineString","coordinates":[[81.5144,1.4947],[81.3385,1.6705],[81.3385,2.9006],[79.9316,4.3047]]}},{"type":"Feature","properties":{"strength":0.179},"geometry":{"type":"LineString","coordinates":[[81.5144,1.4947],[82.3937,1.4947]]}},{"type":"Feature","properties":{"strength":0.061},"geometry":{"type":"LineString","coordinates":[[-164.172,49.5719],[-164.3478,51.1425]]}},{"type":"Feature","properties":{"strength":0.462},"geometry":{"type":"LineString","coordinates":[[116.6878,8.4982],[118.0948,10.7522],[118.6224,12.1311],[118.7982,13.3319],[119.15,13.6739]]}},{"type":"Feature","properties":{"strength":0.313},"geometry":{"type":"LineString","coordinates":[[-26.6439,15.7151],[-26.6439,14.8669],[-26.9956,14.5267],[-27.1715,13.1607],[-27.8749,11.6148],[-27.8749,10.9249],[-28.5784,9.3669],[-28.5784,8.6721],[-29.2819,6.9298],[-29.2819,6.4058]]}},{"type":"Feature","properties":{"strength":0.361},"geometry":{"type":"LineString","coordinates":[[75.3591,5.5312],[76.5901,6.9298]]}},{"type":"Feature","properties":{"strength":0.055},"geometry":{"type":"LineString","coordinates":[[-27.6991,48.6509],[-27.6991,48.184]]}},{"type":"Feature","properties":{"strength":0.824},"geometry":{"type":"LineString","coordinates":[[105.0806,1.4947],[104.7289,3.2518]]}},{"type":"Feature","properties":{"strength":0.084},"geometry":{"type":"LineString","coordinates":[[-138.6712,43.1501],[-139.023,43.4062],[-140.0782,43.6612],[-142.892,44.7953],[-145.3542,45.416],[-146.2335,45.7851],[-147.9922,46.2735],[-149.0474,46.3949],[-150.4543,46.878],[-151.8613,46.998],[-152.7406,47.3567],[-153.6199,47.3567],[-154.4993,47.5944]]}},{"type":"Feature","properties":{"strength":0.102},"geometry":{"type":"LineString","coordinates":[[-138.6712,43.1501],[-137.4402,42.893]]}},{"type":"Feature","properties":{"strength":0.226},"geometry":{"type":"LineString","coordinates":[[117.9189,14.0154],[118.7982,14.0154]]}},{"type":"Feature","properties":{"strength":0.284},"geometry":{"type":"LineString","coordinates":[[-12.0469,43.9151],[-11.5193,43.5338],[-11.5193,41.7225],[-11.6952,41.4594]]}},{"type":"Feature","properties":{"strength":0.053},"geometry":{"type":"LineString","coordinates":[[149.3991,30.0824],[149.7509,30.3863],[150.8061,30.3863]]}},{"type":"Feature","properties":{"strength":0.09},"geometry":{"type":"LineString","coordinates":[[149.3991,30.0824],[148.5198,30.0824],[148.3439,30.2345]]}},{"type":"Feature","properties":{"strength":0.057},"geometry":{"type":"LineString","coordinates":[[149.3991,30.0824],[149.9267,29.4719]]}},{"type":"Feature","properties":{"strength":0.527},"geometry":{"type":"LineString","coordinates":[[70.2589,9.3669],[69.3796,10.0603]]}},{"type":"Feature","properties":{"strength":0.52},"geometry":{"type":"LineString","coordinates":[[70.2589,9.3669],[70.9624,8.8459],[71.8417,8.8459]]}},{"type":"Feature","properties":{"strength":0.391},"geometry":{"type":"LineString","coordinates":[[-76.2384,26.2068],[-77.4695,27.7738]]}},{"type":"Feature","properties":{"strength":0.021},"geometry":{"type":"LineString","coordinates":[[-62.5208,32.9308],[-62.6966,33.0783],[-62.8725,32.9308],[-62.6966,32.7831],[-62.5208,32.9308]]}},{"type":"Feature","properties":{"strength":0.053},"geometry":{"type":"LineString","coordinates":[[-166.4582,44.168],[-166.4582,44.6704]]}},{"type":"Feature","properties":{"strength":0.064},"geometry":{"type":"LineString","coordinates":[[-85.0318,1.6705],[-85.2076,1.3189],[-84.1524,0.2638]]}},{"type":"Feature","properties":{"strength":0.492},"geometry":{"type":"LineString","coordinates":[[-80.2833,-8.8459],[-81.3385,-7.4532],[-82.2179,-5.3561]]}},{"type":"Feature","properties":{"strength":0.372},"geometry":{"type":"LineString","coordinates":[[9.7606,65.1269],[10.64,66.4255],[11.871,66.7053]]}},{"type":"Feature","properties":{"strength":0.451},"geometry":{"type":"LineString","coordinates":[[9.7606,65.1269],[8.7054,64.5285],[8.5296,64.2243]]}},{"type":"Feature","properties":{"strength":0.616},"geometry":{"type":"LineString","coordinates":[[-18.0264,11.6148],[-18.0264,10.7522],[-17.6746,10.0603],[-16.2677,9.0197]]}},{"type":"Feature","properties":{"strength":0.247},"geometry":{"type":"LineString","coordinates":[[50.3859,-5.8812],[50.7377,-5.7062],[50.9135,-5.0058]]}},{"type":"Feature","properties":{"strength":0.029},"geometry":{"type":"LineString","coordinates":[[-18.9057,40.5303],[-19.0816,40.6638],[-19.0816,41.3275],[-18.0264,42.1151],[-17.6746,42.1151]]}},{"type":"Feature","properties":{"strength":0.161},"geometry":{"type":"LineString","coordinates":[[23.3024,70.7163],[22.2472,70.4827],[21.192,70.4238],[21.0161,70.2463],[20.4885,70.1271]]}},{"type":"Feature","properties":{"strength":0.553},"geometry":{"type":"LineString","coordinates":[[136.385,38.3576],[135.3298,38.3576],[133.7469,37.8039]]}},{"type":"Feature","properties":{"strength":0.201},"geometry":{"type":"LineString","coordinates":[[123.5467,18.0708],[123.3708,17.9036],[123.3708,16.7283],[123.7225,15.7151],[125.1295,14.3564]]}},{"type":"Feature","properties":{"strength":0.243},"geometry":{"type":"LineString","coordinates":[[-68.5002,35.833],[-68.5002,38.4954]]}},{"type":"Feature","properties":{"strength":0.049},"geometry":{"type":"LineString","coordinates":[[-17.147,30.2345],[-16.7953,30.2345],[-16.4436,30.6893]]}},{"type":"Feature","properties":{"strength":0.136},"geometry":{"type":"LineString","coordinates":[[-26.9956,5.3561],[-27.6991,5.8812]]}},{"type":"Feature","properties":{"strength":0.449},"geometry":{"type":"LineString","coordinates":[[-16.0918,9.0197],[-14.8608,10.2334],[-14.6849,10.7522]]}},{"type":"Feature","properties":{"strength":0.097},"geometry":{"type":"LineString","coordinates":[[-55.6619,26.5219],[-55.6619,25.8908]]}},{"type":"Feature","properties":{"strength":0.281},"geometry":{"type":"LineString","coordinates":[[45.2858,10.9249],[44.4064,11.0975],[44.2306,12.1311]]}},{"type":"Feature","properties":{"strength":0.13},"geometry":{"type":"LineString","coordinates":[[-77.4695,-13.8447],[-77.9971,-14.3564],[-78.7005,-14.3564],[-79.0523,-13.8447]]}},{"type":"Feature","properties":{"strength":0.163},"geometry":{"type":"LineString","coordinates":[[-24.0059,-34.8287],[-22.7748,-34.8287],[-19.0816,-31.7421]]}},{"type":"Feature","properties":{"strength":0.408},"geometry":{"type":"LineString","coordinates":[[69.9072,16.8967],[70.2589,16.5598],[70.6106,16.5598]]}},{"type":"Feature","properties":{"strength":0.423},"geometry":{"type":"LineString","coordinates":[[164.6996,52.1249],[169.2721,53.2968]]}},{"type":"Feature","properties":{"strength":0.071},"geometry":{"type":"LineString","coordinates":[[-124.2501,28.8576],[-123.0191,29.7776]]}},{"type":"Feature","properties":{"strength":0.213},"geometry":{"type":"LineString","coordinates":[[72.7211,10.5793],[73.2487,10.7522],[73.9521,11.4425]]}},{"type":"Feature","properties":{"strength":0.431},"geometry":{"type":"LineString","coordinates":[[11.3434,40.3965],[11.6952,40.5303],[13.1021,40.2624],[13.4538,39.9935],[13.6297,39.3165]]}},{"type":"Feature","properties":{"strength":0.246},"geometry":{"type":"LineString","coordinates":[[-61.8173,14.5267],[-60.5862,15.5458]]}},{"type":"Feature","properties":{"strength":0.107},"geometry":{"type":"LineString","coordinates":[[-19.2574,11.27],[-20.1368,10.2334]]}},{"type":"Feature","properties":{"strength":0.053},"geometry":{"type":"LineString","coordinates":[[-38.2511,43.7883],[-38.2511,42.6348]]}},{"type":"Feature","properties":{"strength":0.437},"geometry":{"type":"LineString","coordinates":[[-8.3537,52.0168],[-7.1226,51.1425]]}},{"type":"Feature","properties":{"strength":0.088},"geometry":{"type":"LineString","coordinates":[[147.8163,24.7781],[148.1681,23.1713]]}},{"type":"Feature","properties":{"strength":0.469},"geometry":{"type":"LineString","coordinates":[[116.3361,-20.2304],[117.0396,-20.0653]]}},{"type":"Feature","properties":{"strength":0.111},"geometry":{"type":"LineString","coordinates":[[115.2809,13.8447],[116.1602,12.9894],[116.6878,12.9894],[117.5672,13.8447]]}},{"type":"Feature","properties":{"strength":0.04},"geometry":{"type":"LineString","coordinates":[[54.9585,7.6276],[55.3102,8.1502],[55.3102,8.6721]]}},{"type":"Feature","properties":{"strength":0.272},"geometry":{"type":"LineString","coordinates":[[136.2091,13.1607],[136.2091,13.8447],[135.8574,14.6969],[136.0332,15.2066],[136.5608,15.7151]]}},{"type":"Feature","properties":{"strength":0.449},"geometry":{"type":"LineString","coordinates":[[118.2706,-17.7361],[119.8534,-15.2066]]}},{"type":"Feature","properties":{"strength":0.279},"geometry":{"type":"LineString","coordinates":[[-127.4157,35.2607],[-126.8881,34.5395],[-126.8881,33.6658]]}},{"type":"Feature","properties":{"strength":0.25},"geometry":{"type":"LineString","coordinates":[[-56.893,-39.0438],[-55.6619,-38.3576]]}},{"type":"Feature","properties":{"strength":0.153},"geometry":{"type":"LineString","coordinates":[[-54.0791,29.7776],[-53.3757,29.0115]]}},{"type":"Feature","properties":{"strength":0.497},"geometry":{"type":"LineString","coordinates":[[-63.0484,17.9036],[-63.9277,18.5717]]}},{"type":"Feature","properties":{"strength":0.55},"geometry":{"type":"LineString","coordinates":[[9.0572,38.3576],[8.8813,38.2195],[7.1226,38.0812],[5.7157,38.9071]]}},{"type":"Feature","properties":{"strength":0.587},"geometry":{"type":"LineString","coordinates":[[120.2052,-35.4041],[118.4465,-35.5474],[118.2706,-35.4041],[115.9844,-35.2607],[114.5774,-34.3945],[114.2257,-33.2255]]}},{"type":"Feature","properties":{"strength":0.335},"geometry":{"type":"LineString","coordinates":[[151.6854,3.0762],[151.5095,4.1293],[151.1578,4.6553]]}},{"type":"Feature","properties":{"strength":0.147},"geometry":{"type":"LineString","coordinates":[[57.9482,5.8812],[57.0689,6.7552]]}},{"type":"Feature","properties":{"strength":0.181},"geometry":{"type":"LineString","coordinates":[[9.233,57.1071],[9.9365,57.2024],[10.2882,57.1071]]}},{"type":"Feature","properties":{"strength":0.196},"geometry":{"type":"LineString","coordinates":[[-0.7914,45.1685],[-1.1431,45.6623]]}},{"type":"Feature","properties":{"strength":0.181},"geometry":{"type":"LineString","coordinates":[[134.8021,42.893],[134.978,43.1501],[136.0332,43.2783]]}},{"type":"Feature","properties":{"strength":0.622},"geometry":{"type":"LineString","coordinates":[[9.233,54.1294],[10.4641,54.8445]]}},{"type":"Feature","properties":{"strength":0.279},"geometry":{"type":"LineString","coordinates":[[-52.1446,46.1518],[-52.3205,46.0298],[-53.1998,46.0298]]}},{"type":"Feature","properties":{"strength":0.642},"geometry":{"type":"LineString","coordinates":[[125.8329,28.0846],[122.8432,25.4152],[122.6673,25.0971],[122.6673,23.0095],[122.8432,22.8475]]}},{"type":"Feature","properties":{"strength":0.184},"geometry":{"type":"LineString","coordinates":[[136.7367,31.2923],[137.7919,32.1897]]}},{"type":"Feature","properties":{"strength":0.51},"geometry":{"type":"LineString","coordinates":[[-78.1729,10.5793],[-79.404,10.5793],[-79.5799,10.7522]]}},{"type":"Feature","properties":{"strength":0.023},"geometry":{"type":"LineString","coordinates":[[-15.7401,42.1151],[-15.0366,42.1151]]}},{"type":"Feature","properties":{"strength":0.02},"geometry":{"type":"LineString","coordinates":[[53.7274,7.2788],[53.3757,6.9298],[53.3757,6.5805]]}},{"type":"Feature","properties":{"strength":0.419},"geometry":{"type":"LineString","coordinates":[[118.7982,8.3242],[119.8534,7.6276]]}},{"type":"Feature","properties":{"strength":0.236},"geometry":{"type":"LineString","coordinates":[[-76.0625,-16.2224],[-76.2384,-16.3912],[-76.2384,-17.9036],[-75.8867,-19.0711]]}},{"type":"Feature","properties":{"strength":0.169},"geometry":{"type":"LineString","coordinates":[[40.3615,42.893],[40.5374,42.1151]]}},{"type":"Feature","properties":{"strength":0.16},"geometry":{"type":"LineString","coordinates":[[-75.1832,14.0154],[-75.0073,14.5267],[-73.9521,15.3763]]}},{"type":"Feature","properties":{"strength":0.427},"geometry":{"type":"LineString","coordinates":[[-76.9419,10.9249],[-76.5901,11.6148]]}},{"type":"Feature","properties":{"strength":0.387},"geometry":{"type":"LineString","coordinates":[[-135.6815,48.6509],[-134.978,48.418],[-133.0435,48.3012]]}},{"type":"Feature","properties":{"strength":0.044},"geometry":{"type":"LineString","coordinates":[[-9.9365,58.4202],[-9.0572,58.5122]]}},{"type":"Feature","properties":{"strength":0.2},"geometry":{"type":"LineString","coordinates":[[122.8432,12.6464],[123.0191,12.818],[123.8984,12.6464]]}},{"type":"Feature","properties":{"strength":0.16},"geometry":{"type":"LineString","coordinates":[[-48.6273,28.0846],[-49.3307,27.6181],[-50.2101,27.6181],[-50.3859,27.4622]]}},{"type":"Feature","properties":{"strength":0.531},"geometry":{"type":"LineString","coordinates":[[146.4094,-4.48],[147.2887,-5.3561]]}},{"type":"Feature","properties":{"strength":0.25},"geometry":{"type":"LineString","coordinates":[[-132.6917,34.5395],[-130.9331,35.9755]]}},{"type":"Feature","properties":{"strength":0.6},"geometry":{"type":"LineString","coordinates":[[-18.9057,19.569],[-18.7298,19.7346],[-18.7298,22.1977]]}},{"type":"Feature","properties":{"strength":0.085},"geometry":{"type":"LineString","coordinates":[[-172.2618,30.2345],[-170.8549,30.2345],[-170.679,30.0824],[-168.3928,30.0824],[-168.2169,30.2345],[-167.3376,30.2345],[-167.1617,30.0824],[-151.8613,30.0824],[-151.1578,29.9301]]}},{"type":"Feature","properties":{"strength":0.266},"geometry":{"type":"LineString","coordinates":[[54.255,-1.8463],[53.1998,-2.1978]]}},{"type":"Feature","properties":{"strength":0.13},"geometry":{"type":"LineString","coordinates":[[54.255,-1.8463],[55.4861,-3.0762],[55.4861,-4.8306]]}},{"type":"Feature","properties":{"strength":0.468},"geometry":{"type":"LineString","coordinates":[[4.6605,43.7883],[4.4846,42.2454],[5.5398,41.4594]]}},{"type":"Feature","properties":{"strength":0.195},"geometry":{"type":"LineString","coordinates":[[-56.7171,29.6248],[-56.0137,28.8576]]}},{"type":"Feature","properties":{"strength":0.435},"geometry":{"type":"LineString","coordinates":[[-78.3488,-12.303],[-77.8212,-12.6464],[-77.4695,-13.6739]]}},{"type":"Feature","properties":{"strength":0.146},"geometry":{"type":"LineString","coordinates":[[-77.2936,32.6351],[-76.5901,32.0407],[-73.9521,32.0407]]}},{"type":"Feature","properties":{"strength":0.055},"geometry":{"type":"LineString","coordinates":[[-34.9096,14.6969],[-35.6131,13.8447],[-35.4372,12.9894]]}},{"type":"Feature","properties":{"strength":0.036},"geometry":{"type":"LineString","coordinates":[[14.6849,-37.9427],[21.8955,-37.9427]]}},{"type":"Feature","properties":{"strength":0.307},"geometry":{"type":"LineString","coordinates":[[151.3337,-15.3763],[151.6854,-14.186],[152.213,-13.8447]]}},{"type":"Feature","properties":{"strength":0.3},"geometry":{"type":"LineString","coordinates":[[130.4055,25.0971],[133.7469,25.0971]]}},{"type":"Feature","properties":{"strength":0.181},"geometry":{"type":"LineString","coordinates":[[-152.0371,52.768],[-153.6199,52.768]]}},{"type":"Feature","properties":{"strength":0.703},"geometry":{"type":"LineString","coordinates":[[10.4641,41.5911],[9.9365,43.0217],[9.0572,43.6612]]}},{"type":"Feature","properties":{"strength":0.409},"geometry":{"type":"LineString","coordinates":[[-51.617,-31.5924],[-51.9687,-31.7421],[-51.9687,-32.0407],[-50.2101,-33.5193]]}},{"type":"Feature","properties":{"strength":0.244},"geometry":{"type":"LineString","coordinates":[[-130.2296,54.0263],[-130.9331,54.2324]]}},{"type":"Feature","properties":{"strength":0.174},"geometry":{"type":"LineString","coordinates":[[165.0513,-23.0095],[165.0513,-23.3328],[167.6893,-26.3645],[168.3928,-27.6181],[169.2721,-28.5491]]}},{"type":"Feature","properties":{"strength":0.56},"geometry":{"type":"LineString","coordinates":[[4.3087,58.4202],[4.8363,57.5815],[5.5398,57.0114]]}},{"type":"Feature","properties":{"strength":0.483},"geometry":{"type":"LineString","coordinates":[[-59.8828,9.7138],[-59.1793,10.4064]]}},{"type":"Feature","properties":{"strength":0.378},"geometry":{"type":"LineString","coordinates":[[128.2951,10.7522],[128.1192,11.4425]]}},{"type":"Feature","properties":{"strength":0.21},"geometry":{"type":"LineString","coordinates":[[56.893,2.7249],[57.0689,4.1293],[57.4206,4.6553]]}},{"type":"Feature","properties":{"strength":0.341},"geometry":{"type":"LineString","coordinates":[[-36.1407,-2.7249],[-36.1407,-3.0762],[-35.6131,-3.4274]]}},{"type":"Feature","properties":{"strength":0.024},"geometry":{"type":"LineString","coordinates":[[-145.1783,48.0666],[-144.6507,47.5944],[-144.299,47.5944]]}},{"type":"Feature","properties":{"strength":0.087},"geometry":{"type":"LineString","coordinates":[[-45.9893,37.5254],[-44.0547,39.0438]]}},{"type":"Feature","properties":{"strength":0.745},"geometry":{"type":"LineString","coordinates":[[119.15,37.5254],[119.6776,37.8039],[119.8534,38.3576],[120.2052,38.6329]]}},{"type":"Feature","properties":{"strength":0.737},"geometry":{"type":"LineString","coordinates":[[122.1397,34.9729],[123.7225,35.1169]]}},{"type":"Feature","properties":{"strength":0.211},"geometry":{"type":"LineString","coordinates":[[-73.7763,23.0095],[-74.4797,23.3328]]}},{"type":"Feature","properties":{"strength":0.224},"geometry":{"type":"LineString","coordinates":[[30.8647,43.2783],[29.9853,42.6348]]}},{"type":"Feature","properties":{"strength":0.139},"geometry":{"type":"LineString","coordinates":[[-24.1817,-30.6893],[-25.0611,-30.5379]]}},{"type":"Feature","properties":{"strength":0.307},"geometry":{"type":"LineString","coordinates":[[68.852,13.8447],[69.0278,13.1607]]}},{"type":"Feature","properties":{"strength":0.437},"geometry":{"type":"LineString","coordinates":[[20.1368,61.2463],[19.0816,61.1616]]}},{"type":"Feature","properties":{"strength":0.258},"geometry":{"type":"LineString","coordinates":[[-19.4333,30.5379],[-19.4333,29.7776],[-19.2574,29.6248]]}},{"type":"Feature","properties":{"strength":0.23},"geometry":{"type":"LineString","coordinates":[[48.979,-30.0824],[46.5169,-27.9293]]}},{"type":"Feature","properties":{"strength":0.043},"geometry":{"type":"LineString","coordinates":[[153.7958,30.2345],[153.7958,29.4719]]}},{"type":"Feature","properties":{"strength":0.087},"geometry":{"type":"LineString","coordinates":[[-125.6571,44.0417],[-126.3605,44.6704]]}},{"type":"Feature","properties":{"strength":0.45},"geometry":{"type":"LineString","coordinates":[[-125.6571,44.0417],[-125.3053,44.294],[-125.3053,45.7851],[-125.4812,45.9076],[-125.3053,46.1518]]}},{"type":"Feature","properties":{"strength":0.309},"geometry":{"type":"LineString","coordinates":[[-125.6571,44.0417],[-125.3053,39.7235]]}},{"type":"Feature","properties":{"strength":0.361},"geometry":{"type":"LineString","coordinates":[[-160.127,46.1518],[-158.3683,45.9076]]}},{"type":"Feature","properties":{"strength":0.24},"geometry":{"type":"LineString","coordinates":[[15.2125,33.2255],[15.3884,33.0783],[16.6194,33.0783]]}},{"type":"Feature","properties":{"strength":0.189},"geometry":{"type":"LineString","coordinates":[[140.7816,12.818],[142.0127,14.186]]}},{"type":"Feature","properties":{"strength":0.24},"geometry":{"type":"LineString","coordinates":[[-143.5955,50.4757],[-140.9575,52.2327]]}},{"type":"Feature","properties":{"strength":0.059},"geometry":{"type":"LineString","coordinates":[[-32.6234,15.0369],[-33.8544,14.0154],[-34.2062,13.3319]]}},{"type":"Feature","properties":{"strength":0.117},"geometry":{"type":"LineString","coordinates":[[-63.2242,27.306],[-63.4001,27.4622],[-63.4001,29.6248]]}},{"type":"Feature","properties":{"strength":0.073},"geometry":{"type":"LineString","coordinates":[[46.8686,-5.8812],[46.1651,-5.181],[45.2858,-5.181],[44.934,-5.5312]]}},{"type":"Feature","properties":{"strength":0.215},"geometry":{"type":"LineString","coordinates":[[49.5066,27.7738],[50.2101,27.9293]]}},{"type":"Feature","properties":{"strength":0.236},"geometry":{"type":"LineString","coordinates":[[-10.8158,-0.9672],[-10.1124,-0.0879]]}},{"type":"Feature","properties":{"strength":0.146},"geometry":{"type":"LineString","coordinates":[[9.9365,-16.7283],[9.4089,-17.2329],[9.0572,-17.2329]]}},{"type":"Feature","properties":{"strength":0.72},"geometry":{"type":"LineString","coordinates":[[62.3449,22.6853],[61.1138,23.8164],[60.4104,23.9772],[59.3552,24.6184],[58.6517,24.6184],[57.2447,25.0971],[56.7171,25.5739],[56.7171,26.3645],[56.3654,26.5219]]}},{"type":"Feature","properties":{"strength":0.211},"geometry":{"type":"LineString","coordinates":[[-10.8158,53.4018],[-10.8158,54.1294],[-10.2882,54.7431]]}},{"type":"Feature","properties":{"strength":0.078},"geometry":{"type":"LineString","coordinates":[[153.6199,-3.2518],[153.9717,-2.9006],[153.9717,-1.6705],[153.6199,-0.9672],[153.6199,-0.4397]]}},{"type":"Feature","properties":{"strength":0.645},"geometry":{"type":"LineString","coordinates":[[74.128,11.4425],[75.1832,10.2334],[75.3591,8.3242]]}},{"type":"Feature","properties":{"strength":0.709},"geometry":{"type":"LineString","coordinates":[[-80.1075,9.8871],[-79.5799,8.6721],[-79.5799,7.2788]]}},{"type":"Feature","properties":{"strength":0.098},"geometry":{"type":"LineString","coordinates":[[-18.9057,23.6554],[-19.4333,23.6554],[-20.1368,23.3328]]}},{"type":"Feature","properties":{"strength":0.565},"geometry":{"type":"LineString","coordinates":[[52.4963,26.2068],[51.7929,26.993],[50.9135,27.306],[50.3859,27.7738]]}},{"type":"Feature","properties":{"strength":0.06},"geometry":{"type":"LineString","coordinates":[[-47.5721,27.1496],[-47.5721,27.7738]]}},{"type":"Feature","properties":{"strength":0.172},"geometry":{"type":"LineString","coordinates":[[-45.8134,44.4197],[-45.2858,45.0444]]}},{"type":"Feature","properties":{"strength":0.146},"geometry":{"type":"LineString","coordinates":[[-45.8134,44.4197],[-45.8134,43.4062],[-46.5169,41.8536],[-46.5169,41.0628],[-45.9893,40.6638]]}},{"type":"Feature","properties":{"strength":0.069},"geometry":{"type":"LineString","coordinates":[[-109.829,25.0971],[-110.7084,26.3645]]}},{"type":"Feature","properties":{"strength":0.096},"geometry":{"type":"LineString","coordinates":[[64.2794,15.2066],[64.9829,15.2066],[65.5105,14.6969]]}},{"type":"Feature","properties":{"strength":0.165},"geometry":{"type":"LineString","coordinates":[[96.9907,9.1933],[97.5183,9.7138],[97.1666,10.9249]]}},{"type":"Feature","properties":{"strength":0.579},"geometry":{"type":"LineString","coordinates":[[108.7738,20.5601],[107.7186,20.0653]]}},{"type":"Feature","properties":{"strength":0.459},"geometry":{"type":"LineString","coordinates":[[-15.916,26.8362],[-17.3229,25.4152],[-17.4988,24.9377],[-18.3781,24.2982],[-18.7298,23.6554]]}},{"type":"Feature","properties":{"strength":0.34},"geometry":{"type":"LineString","coordinates":[[-77.2936,15.2066],[-77.4695,14.3564]]}},{"type":"Feature","properties":{"strength":0.521},"geometry":{"type":"LineString","coordinates":[[36.4924,-23.3328],[36.3166,-25.2562],[35.9648,-25.8908]]}},{"type":"Feature","properties":{"strength":0.117},"geometry":{"type":"LineString","coordinates":[[-84.3283,16.3912],[-84.3283,16.0534],[-83.9766,15.8844]]}},{"type":"Feature","properties":{"strength":0.022},"geometry":{"type":"LineString","coordinates":[[-155.7303,47.8311],[-156.0821,47.5944],[-156.6097,47.5944]]}},{"type":"Feature","properties":{"strength":0.075},"geometry":{"type":"LineString","coordinates":[[-62.6966,29.7776],[-61.8173,29.9301]]}},{"type":"Feature","properties":{"strength":0.09},"geometry":{"type":"LineString","coordinates":[[-62.6966,29.7776],[-61.8173,29.0115],[-61.8173,27.9293]]}},{"type":"Feature","properties":{"strength":0.143},"geometry":{"type":"LineString","coordinates":[[-29.106,48.5346],[-28.7543,48.767],[-27.8749,48.767]]}},{"type":"Feature","properties":{"strength":0.403},"geometry":{"type":"LineString","coordinates":[[133.3952,-6.9298],[134.2745,-7.6276],[135.6815,-9.3669]]}},{"type":"Feature","properties":{"strength":0.043},"geometry":{"type":"LineString","coordinates":[[-42.6478,28.8576],[-44.2306,28.0846],[-44.5823,28.0846],[-44.934,27.7738],[-45.2858,27.7738]]}},{"type":"Feature","properties":{"strength":0.458},"geometry":{"type":"LineString","coordinates":[[154.3234,-7.6276],[153.6199,-5.181]]}},{"type":"Feature","properties":{"strength":0.055},"geometry":{"type":"LineString","coordinates":[[52.1446,4.6553],[52.8481,5.8812],[52.8481,6.231],[53.1998,6.4058]]}},{"type":"Feature","properties":{"strength":0.043},"geometry":{"type":"LineString","coordinates":[[-170.679,44.92],[-169.7997,45.5393],[-169.448,45.5393]]}},{"type":"Feature","properties":{"strength":0.761},"geometry":{"type":"LineString","coordinates":[[-6.4191,51.6909],[-5.8915,52.0168],[-5.5398,53.7152],[-4.8363,53.9228]]}},{"type":"Feature","properties":{"strength":0.096},"geometry":{"type":"LineString","coordinates":[[66.0381,-0.0879],[70.4348,0.9672],[71.3141,0.9672],[71.49,0.7914]]}},{"type":"Feature","properties":{"strength":0.165},"geometry":{"type":"LineString","coordinates":[[-149.0474,54.335],[-148.1681,54.335]]}},{"type":"Feature","properties":{"strength":0.561},"geometry":{"type":"LineString","coordinates":[[125.4812,-7.1043],[125.4812,-6.231],[125.3053,-6.0561]]}},{"type":"Feature","properties":{"strength":0.097},"geometry":{"type":"LineString","coordinates":[[-140.7816,49.6858],[-140.7816,48.418],[-139.5506,47.4757],[-139.1988,47.4757]]}},{"type":"Feature","properties":{"strength":0.309},"geometry":{"type":"LineString","coordinates":[[-77.4695,14.3564],[-78.3488,14.3564],[-78.5247,14.186]]}},{"type":"Feature","properties":{"strength":0.279},"geometry":{"type":"LineString","coordinates":[[-77.4695,14.3564],[-76.0625,13.1607]]}},{"type":"Feature","properties":{"strength":0.276},"geometry":{"type":"LineString","coordinates":[[-116.3361,28.7034],[-115.6326,28.7034]]}},{"type":"Feature","properties":{"strength":0.108},"geometry":{"type":"LineString","coordinates":[[-109.3014,22.8475],[-108.5979,23.0095]]}},{"type":"Feature","properties":{"strength":0.044},"geometry":{"type":"LineString","coordinates":[[-25.0611,3.4274],[-25.2369,2.5492]]}},{"type":"Feature","properties":{"strength":0.34},"geometry":{"type":"LineString","coordinates":[[-125.3053,46.3949],[-124.2501,46.998]]}},{"type":"Feature","properties":{"strength":0.093},"geometry":{"type":"LineString","coordinates":[[-20.4885,41.8536],[-19.2574,42.2454],[-16.9712,43.6612],[-16.2677,43.7883]]}},{"type":"Feature","properties":{"strength":0.074},"geometry":{"type":"LineString","coordinates":[[5.7157,-5.0058],[5.3639,-5.3561],[5.0122,-5.3561]]}},{"type":"Feature","properties":{"strength":0.225},"geometry":{"type":"LineString","coordinates":[[142.892,39.4524],[142.892,38.9071],[144.1231,37.9427]]}},{"type":"Feature","properties":{"strength":0.073},"geometry":{"type":"LineString","coordinates":[[-136.0332,29.6248],[-135.3298,29.9301],[-134.6263,29.9301]]}},{"type":"Feature","properties":{"strength":0.266},"geometry":{"type":"LineString","coordinates":[[8.3537,0.9672],[8.7054,2.5492]]}},{"type":"Feature","properties":{"strength":0.098},"geometry":{"type":"LineString","coordinates":[[-41.2408,45.7851],[-40.5374,46.2735],[-39.8339,46.2735]]}},{"type":"Feature","properties":{"strength":0.476},"geometry":{"type":"LineString","coordinates":[[103.3219,9.0197],[104.2013,8.3242]]}},{"type":"Feature","properties":{"strength":0.569},"geometry":{"type":"LineString","coordinates":[[-18.3781,13.6739],[-18.554,13.8447],[-18.554,15.8844]]}},{"type":"Feature","properties":{"strength":0.333},"geometry":{"type":"LineString","coordinates":[[125.1295,-6.0561],[124.426,-6.7552],[124.426,-7.6276]]}},{"type":"Feature","properties":{"strength":0.049},"geometry":{"type":"LineString","coordinates":[[156.7855,26.6792],[156.6097,26.8362],[155.5545,26.8362]]}},{"type":"Feature","properties":{"strength":0.097},"geometry":{"type":"LineString","coordinates":[[-161.0064,47.2374],[-161.1822,47.8311]]}},{"type":"Feature","properties":{"strength":0.116},"geometry":{"type":"LineString","coordinates":[[55.8378,10.0603],[55.6619,9.1933]]}},{"type":"Feature","properties":{"strength":0.55},"geometry":{"type":"LineString","coordinates":[[66.5657,20.5601],[68.852,22.6853],[69.5554,22.6853],[70.2589,23.0095]]}},{"type":"Feature","properties":{"strength":0.132},"geometry":{"type":"LineString","coordinates":[[-87.8456,47.7129],[-90.8354,47.3567],[-91.8906,46.878]]}},{"type":"Feature","properties":{"strength":0.089},"geometry":{"type":"LineString","coordinates":[[-48.979,-33.812],[-48.2755,-34.3945],[-45.6375,-34.5395]]}},{"type":"Feature","properties":{"strength":0.54},"geometry":{"type":"LineString","coordinates":[[127.9433,4.6553],[127.9433,5.5312],[127.7675,5.7062]]}},{"type":"Feature","properties":{"strength":0.679},"geometry":{"type":"LineString","coordinates":[[149.9267,-38.0812],[150.2785,-37.6648],[150.8061,-36.1177],[151.3337,-35.4041],[151.3337,-34.9729],[152.3889,-33.6658]]}},{"type":"Feature","properties":{"strength":0.46},"geometry":{"type":"LineString","coordinates":[[-65.1588,18.238],[-65.5105,18.5717],[-66.214,18.7383],[-66.7416,19.2372]]}},{"type":"Feature","properties":{"strength":0.17},"geometry":{"type":"LineString","coordinates":[[-65.1588,18.238],[-65.5105,17.9036],[-66.5657,17.9036],[-67.2692,17.2329]]}},{"type":"Feature","properties":{"strength":0.039},"geometry":{"type":"LineString","coordinates":[[90.3078,-14.8669],[89.7802,-14.186],[90.4836,-14.0154],[90.8354,-14.3564]]}},{"type":"Feature","properties":{"strength":0.112},"geometry":{"type":"LineString","coordinates":[[51.7929,-18.9048],[49.8583,-18.238]]}},{"type":"Feature","properties":{"strength":0.161},"geometry":{"type":"LineString","coordinates":[[51.7929,-18.9048],[51.617,-19.569],[50.9135,-20.3954],[50.9135,-21.2173],[52.1446,-22.3604]]}},{"type":"Feature","properties":{"strength":0.564},"geometry":{"type":"LineString","coordinates":[[38.0752,-30.6893],[38.6028,-30.2345],[42.1202,-29.9301],[43.5271,-29.4719]]}},{"type":"Feature","properties":{"strength":0.016},"geometry":{"type":"LineString","coordinates":[[-100.8598,12.9894],[-100.8598,12.6464],[-100.1563,11.787]]}},{"type":"Feature","properties":{"strength":0.643},"geometry":{"type":"LineString","coordinates":[[91.363,20.8891],[91.8906,22.3604]]}},{"type":"Feature","properties":{"strength":0.231},"geometry":{"type":"LineString","coordinates":[[103.1461,9.5404],[103.4978,9.8871],[103.3219,10.5793],[102.7943,10.7522],[102.4426,10.4064]]}},{"type":"Feature","properties":{"strength":0.84},"geometry":{"type":"LineString","coordinates":[[26.468,60.0394],[24.7093,59.9514],[24.3576,59.7748],[23.6541,59.6862],[22.5989,59.6862]]}},{"type":"Feature","properties":{"strength":0.137},"geometry":{"type":"LineString","coordinates":[[-47.3962,24.6184],[-46.6927,24.9377]]}},{"type":"Feature","properties":{"strength":0.076},"geometry":{"type":"LineString","coordinates":[[-79.0523,-13.5029],[-79.0523,-12.6464]]}},{"type":"Feature","properties":{"strength":0.396},"geometry":{"type":"LineString","coordinates":[[125.8329,1.4947],[124.9536,0.7914],[124.0743,-0.6155]]}},{"type":"Feature","properties":{"strength":0.554},"geometry":{"type":"LineString","coordinates":[[5.0122,54.7431],[4.4846,54.335],[3.0777,53.8191]]}},{"type":"Feature","properties":{"strength":0.313},"geometry":{"type":"LineString","coordinates":[[-53.5515,46.0298],[-54.6067,46.0298],[-54.7826,46.1518]]}},{"type":"Feature","properties":{"strength":0.134},"geometry":{"type":"LineString","coordinates":[[48.4514,-4.48],[50.2101,-5.8812]]}},{"type":"Feature","properties":{"strength":0.012},"geometry":{"type":"LineString","coordinates":[[152.213,27.9293],[152.0371,27.306]]}},{"type":"Feature","properties":{"strength":0.523},"geometry":{"type":"LineString","coordinates":[[60.2345,-21.0533],[60.2345,-19.7346]]}},{"type":"Feature","properties":{"strength":0.22},"geometry":{"type":"LineString","coordinates":[[-72.3693,30.6893],[-73.4245,29.7776],[-74.4797,29.6248]]}},{"type":"Feature","properties":{"strength":0.33},"geometry":{"type":"LineString","coordinates":[[93.8251,14.6969],[94.1768,14.3564],[94.001,13.8447]]}},{"type":"Feature","properties":{"strength":0.283},"geometry":{"type":"LineString","coordinates":[[24.3576,58.4202],[23.6541,57.9567]]}},{"type":"Feature","properties":{"strength":0.373},"geometry":{"type":"LineString","coordinates":[[83.9766,11.9591],[84.68,12.6464],[84.8559,13.6739],[85.7352,14.3564]]}},{"type":"Feature","properties":{"strength":0.28},"geometry":{"type":"LineString","coordinates":[[33.6786,-35.5474],[33.8544,-32.9308]]}},{"type":"Feature","properties":{"strength":0.145},"geometry":{"type":"LineString","coordinates":[[-6.2433,57.0114],[-5.8915,57.2024],[-5.8915,57.6757],[-6.2433,57.8633]]}},{"type":"Feature","properties":{"strength":0.143},"geometry":{"type":"LineString","coordinates":[[78.8764,0.0879],[79.0523,-0.6155]]}},{"type":"Feature","properties":{"strength":0.307},"geometry":{"type":"LineString","coordinates":[[-72.7211,-29.6248],[-73.2487,-29.0115],[-73.7763,-27.1496]]}},{"type":"Feature","properties":{"strength":0.188},"geometry":{"type":"LineString","coordinates":[[-32.0957,35.6903],[-32.9751,35.833],[-33.3268,36.1177]]}},{"type":"Feature","properties":{"strength":0.047},"geometry":{"type":"LineString","coordinates":[[-93.4734,24.9377],[-94.1768,25.4152]]}},{"type":"Feature","properties":{"strength":0.127},"geometry":{"type":"LineString","coordinates":[[-175.6033,46.637],[-176.8344,47.4757]]}},{"type":"Feature","properties":{"strength":0.033},"geometry":{"type":"LineString","coordinates":[[-139.3747,54.9457],[-139.023,54.9457],[-138.6712,54.7431]]}},{"type":"Feature","properties":{"strength":0.063},"geometry":{"type":"LineString","coordinates":[[-19.2574,45.2924],[-18.554,45.5393]]}},{"type":"Feature","properties":{"strength":0.044},"geometry":{"type":"LineString","coordinates":[[145.0024,35.1169],[145.3542,34.8287],[146.0576,34.6842]]}},{"type":"Feature","properties":{"strength":0.12},"geometry":{"type":"LineString","coordinates":[[156.7855,44.168],[160.3029,41.5911],[160.3029,41.1953],[160.6546,41.0628]]}},{"type":"Feature","properties":{"strength":0.23},"geometry":{"type":"LineString","coordinates":[[160.6546,47.5944],[160.3029,47.8311],[160.3029,48.418],[160.8305,49.2285]]}},{"type":"Feature","properties":{"strength":0.333},"geometry":{"type":"LineString","coordinates":[[160.6546,47.5944],[163.8202,47.5944]]}},{"type":"Feature","properties":{"strength":0.467},"geometry":{"type":"LineString","coordinates":[[160.6546,47.5944],[159.5994,47.2374]]}},{"type":"Feature","properties":{"strength":0.411},"geometry":{"type":"LineString","coordinates":[[-78.5247,-12.1311],[-78.5247,-11.6148],[-79.2281,-11.0975]]}},{"type":"Feature","properties":{"strength":0.053},"geometry":{"type":"LineString","coordinates":[[-59.7069,-43.0217],[-59.1793,-42.3755]]}},{"type":"Feature","properties":{"strength":0.196},"geometry":{"type":"LineString","coordinates":[[68.6761,-19.569],[68.3244,-19.569],[66.7416,-18.0708]]}},{"type":"Feature","properties":{"strength":0.667},"geometry":{"type":"LineString","coordinates":[[25.2369,36.8248],[24.5335,36.8248]]}},{"type":"Feature","properties":{"strength":0.095},"geometry":{"type":"LineString","coordinates":[[173.317,45.0444],[173.317,45.5393],[171.2066,46.998]]}},{"type":"Feature","properties":{"strength":0.172},"geometry":{"type":"LineString","coordinates":[[150.8061,-6.231],[150.1026,-6.4058],[149.575,-6.9298]]}},{"type":"Feature","properties":{"strength":0.219},"geometry":{"type":"LineString","coordinates":[[7.2985,61.2463],[4.6605,61.1616]]}},{"type":"Feature","properties":{"strength":0.105},"geometry":{"type":"LineString","coordinates":[[58.8276,-5.5312],[58.6517,-6.4058],[59.1793,-6.9298]]}},{"type":"Feature","properties":{"strength":0.379},"geometry":{"type":"LineString","coordinates":[[-72.0176,36.6839],[-71.1383,36.2596]]}},{"type":"Feature","properties":{"strength":0.553},"geometry":{"type":"LineString","coordinates":[[-73.9521,19.569],[-73.9521,20.3954]]}},{"type":"Feature","properties":{"strength":0.025},"geometry":{"type":"LineString","coordinates":[[-174.8999,29.7776],[-173.8447,29.4719]]}},{"type":"Feature","properties":{"strength":0.136},"geometry":{"type":"LineString","coordinates":[[-42.296,43.5338],[-45.9893,40.6638]]}},{"type":"Feature","properties":{"strength":0.052},"geometry":{"type":"LineString","coordinates":[[-62.169,25.5739],[-61.2897,25.5739],[-61.1138,25.4152]]}},{"type":"Feature","properties":{"strength":0.063},"geometry":{"type":"LineString","coordinates":[[-19.4333,31.4425],[-20.1368,31.4425],[-21.0161,32.0407]]}},{"type":"Feature","properties":{"strength":0.045},"geometry":{"type":"LineString","coordinates":[[-17.6746,47.8311],[-18.0264,48.6509]]}},{"type":"Feature","properties":{"strength":0.12},"geometry":{"type":"LineString","coordinates":[[-17.6746,47.8311],[-16.9712,47.8311]]}},{"type":"Feature","properties":{"strength":0.117},"geometry":{"type":"LineString","coordinates":[[-17.6746,47.8311],[-18.0264,47.5944],[-19.4333,47.4757],[-20.4885,47.1178],[-21.192,47.1178]]}},{"type":"Feature","properties":{"strength":0.247},"geometry":{"type":"LineString","coordinates":[[-129.5261,35.9755],[-130.7572,35.9755]]}},{"type":"Feature","properties":{"strength":0.072},"geometry":{"type":"LineString","coordinates":[[-140.4299,28.3945],[-144.4748,26.8362],[-145.0024,26.8362],[-146.5852,26.0489],[-148.6957,25.4152],[-151.3337,24.2982]]}},{"type":"Feature","properties":{"strength":0.284},"geometry":{"type":"LineString","coordinates":[[-25.5887,39.0438],[-25.5887,39.5881],[-24.7093,40.2624]]}},{"type":"Feature","properties":{"strength":0.053},"geometry":{"type":"LineString","coordinates":[[-178.2413,45.5393],[-178.2413,46.878]]}},{"type":"Feature","properties":{"strength":0.048},"geometry":{"type":"LineString","coordinates":[[-27.5232,22.3604],[-29.2819,20.7247]]}},{"type":"Feature","properties":{"strength":0.042},"geometry":{"type":"LineString","coordinates":[[-14.8608,43.2783],[-14.509,43.2783],[-14.1573,43.0217]]}},{"type":"Feature","properties":{"strength":0.15},"geometry":{"type":"LineString","coordinates":[[-65.3346,15.5458],[-64.6312,16.2224],[-64.4553,16.8967]]}},{"type":"Feature","properties":{"strength":0.234},"geometry":{"type":"LineString","coordinates":[[68.3244,-6.9298],[67.2692,-7.4532]]}},{"type":"Feature","properties":{"strength":0.387},"geometry":{"type":"LineString","coordinates":[[19.6092,62.4899],[20.6644,62.1632],[20.4885,61.8329]]}},{"type":"Feature","properties":{"strength":0.142},"geometry":{"type":"LineString","coordinates":[[-164.3478,46.878],[-164.3478,45.6623],[-164.5237,45.416]]}},{"type":"Feature","properties":{"strength":0.355},"geometry":{"type":"LineString","coordinates":[[-19.7851,36.6839],[-19.6092,36.5427],[-13.6297,36.5427]]}},{"type":"Feature","properties":{"strength":0.428},"geometry":{"type":"LineString","coordinates":[[142.5403,-10.5793],[142.892,-10.9249],[142.892,-11.4425],[143.2438,-11.787],[143.7714,-13.1607],[145.3542,-14.8669],[145.53,-16.2224],[146.2335,-17.2329],[146.4094,-18.238],[146.7611,-18.4049]]}},{"type":"Feature","properties":{"strength":0.288},"geometry":{"type":"LineString","coordinates":[[21.7196,60.3018],[22.2472,60.0394],[22.4231,59.7748]]}},{"type":"Feature","properties":{"strength":0.227},"geometry":{"type":"LineString","coordinates":[[-130.9331,36.1177],[-131.4607,37.3858]]}},{"type":"Feature","properties":{"strength":0.156},"geometry":{"type":"LineString","coordinates":[[71.3141,-3.4274],[70.9624,-3.0762],[70.9624,-2.0221]]}},{"type":"Feature","properties":{"strength":0.183},"geometry":{"type":"LineString","coordinates":[[61.4656,-6.231],[62.6966,-6.0561],[64.1036,-5.3561],[64.9829,-5.3561]]}},{"type":"Feature","properties":{"strength":0.245},"geometry":{"type":"LineString","coordinates":[[9.9365,-15.7151],[10.1124,-16.5598]]}},{"type":"Feature","properties":{"strength":0.269},"geometry":{"type":"LineString","coordinates":[[10.8158,-7.8019],[12.2228,-8.1502]]}},{"type":"Feature","properties":{"strength":0.365},"geometry":{"type":"LineString","coordinates":[[127.4157,-2.3735],[127.5916,-2.1978],[128.4709,-2.1978],[128.8227,-1.8463]]}},{"type":"Feature","properties":{"strength":0.625},"geometry":{"type":"LineString","coordinates":[[25.5887,38.3576],[26.468,38.3576]]}},{"type":"Feature","properties":{"strength":0.631},"geometry":{"type":"LineString","coordinates":[[75.1832,8.1502],[73.4245,8.3242],[73.2487,8.4982]]}},{"type":"Feature","properties":{"strength":0.023},"geometry":{"type":"LineString","coordinates":[[-37.7235,9.5404],[-37.7235,10.2334]]}},{"type":"Feature","properties":{"strength":0.338},"geometry":{"type":"LineString","coordinates":[[-44.7582,5.5312],[-45.4617,4.6553]]}},{"type":"Feature","properties":{"strength":0.206},"geometry":{"type":"LineString","coordinates":[[119.5017,-7.8019],[119.5017,-8.4982],[120.0293,-9.0197],[121.2604,-9.1933]]}},{"type":"Feature","properties":{"strength":0.373},"geometry":{"type":"LineString","coordinates":[[13.278,35.5474],[12.9262,35.833],[12.9262,36.1177],[12.2228,36.5427]]}},{"type":"Feature","properties":{"strength":0.219},"geometry":{"type":"LineString","coordinates":[[-50.7377,30.0824],[-50.5618,29.9301],[-49.5066,29.9301],[-49.1549,29.6248]]}},{"type":"Feature","properties":{"strength":0.597},"geometry":{"type":"LineString","coordinates":[[-78.7005,31.7421],[-79.9316,32.7831]]}},{"type":"Feature","properties":{"strength":0.046},"geometry":{"type":"LineString","coordinates":[[-119.3258,26.5219],[-119.6776,26.2068],[-120.0293,26.2068]]}},{"type":"Feature","properties":{"strength":0.563},"geometry":{"type":"LineString","coordinates":[[14.3332,45.2924],[13.6297,44.6704]]}},{"type":"Feature","properties":{"strength":0.394},"geometry":{"type":"LineString","coordinates":[[5.3639,63.9939],[4.1329,63.1327],[4.1329,62.7326],[4.6605,62.4899]]}},{"type":"Feature","properties":{"strength":0.281},"geometry":{"type":"LineString","coordinates":[[-3.6053,54.7431],[-4.3087,54.4374]]}},{"type":"Feature","properties":{"strength":0.104},"geometry":{"type":"LineString","coordinates":[[66.9174,9.0197],[66.9174,7.9761],[67.2692,7.8019]]}},{"type":"Feature","properties":{"strength":0.57},"geometry":{"type":"LineString","coordinates":[[107.5427,-13.6739],[107.191,-13.1607],[106.4875,-10.7522],[105.9599,-10.0603],[105.4323,-8.3242],[105.4323,-7.4532]]}},{"type":"Feature","properties":{"strength":0.041},"geometry":{"type":"LineString","coordinates":[[150.9819,30.2345],[150.9819,29.1652]]}},{"type":"Feature","properties":{"strength":0.102},"geometry":{"type":"LineString","coordinates":[[162.765,24.4584],[161.534,24.9377],[160.6546,24.9377],[158.5442,25.4152],[158.0166,25.7325]]}},{"type":"Feature","properties":{"strength":0.074},"geometry":{"type":"LineString","coordinates":[[162.765,24.4584],[163.2926,24.4584],[163.8202,24.1378],[165.7548,23.9772],[166.4582,23.6554],[167.3376,23.6554],[170.679,22.6853],[171.7342,22.6853],[179.6483,20.8891]]}},{"type":"Feature","properties":{"strength":0.731},"geometry":{"type":"LineString","coordinates":[[10.9917,57.6757],[10.64,57.4871],[10.4641,57.1071]]}},{"type":"Feature","properties":{"strength":0.661},"geometry":{"type":"LineString","coordinates":[[152.7406,-16.2224],[152.7406,-15.2066],[152.3889,-13.8447]]}},{"type":"Feature","properties":{"strength":0.044},"geometry":{"type":"LineString","coordinates":[[-60.0586,24.1378],[-60.2345,24.7781]]}},{"type":"Feature","properties":{"strength":0.025},"geometry":{"type":"LineString","coordinates":[[-60.0586,24.1378],[-59.3552,24.7781]]}},{"type":"Feature","properties":{"strength":0.171},"geometry":{"type":"LineString","coordinates":[[70.7865,-1.8463],[69.7313,-2.3735],[69.0278,-3.2518]]}},{"type":"Feature","properties":{"strength":0.069},"geometry":{"type":"LineString","coordinates":[[-32.2716,43.5338],[-33.151,44.294]]}},{"type":"Feature","properties":{"strength":0.149},"geometry":{"type":"LineString","coordinates":[[-32.2716,43.5338],[-31.2164,43.5338]]}},{"type":"Feature","properties":{"strength":0.154},"geometry":{"type":"LineString","coordinates":[[-32.2716,43.5338],[-32.7992,43.0217]]}},{"type":"Feature","properties":{"strength":0.422},"geometry":{"type":"LineString","coordinates":[[52.6722,24.6184],[53.3757,25.0971]]}},{"type":"Feature","properties":{"strength":0.525},"geometry":{"type":"LineString","coordinates":[[133.0435,-4.8306],[131.6365,-3.2518]]}},{"type":"Feature","properties":{"strength":0.116},"geometry":{"type":"LineString","coordinates":[[133.0435,-4.8306],[132.8676,-5.0058],[130.9331,-5.0058],[130.5813,-5.3561]]}},{"type":"Feature","properties":{"strength":0.21},"geometry":{"type":"LineString","coordinates":[[133.9228,24.9377],[133.9228,23.6554]]}},{"type":"Feature","properties":{"strength":0.083},"geometry":{"type":"LineString","coordinates":[[-161.1822,48.3012],[-161.534,48.5346],[-161.7098,48.9983]]}},{"type":"Feature","properties":{"strength":0.037},"geometry":{"type":"LineString","coordinates":[[155.7303,31.4425],[155.7303,30.6893]]}},{"type":"Feature","properties":{"strength":0.059},"geometry":{"type":"LineString","coordinates":[[-168.2169,45.5393],[-168.041,45.416],[-166.81,45.416],[-166.6341,45.5393]]}},{"type":"Feature","properties":{"strength":0.621},"geometry":{"type":"LineString","coordinates":[[6.9468,57.3925],[7.4744,57.6757],[8.1778,57.6757]]}},{"type":"Feature","properties":{"strength":0.426},"geometry":{"type":"LineString","coordinates":[[6.9468,57.3925],[8.1778,56.7231],[8.5296,56.7231],[9.0572,57.0114]]}},{"type":"Feature","properties":{"strength":0.186},"geometry":{"type":"LineString","coordinates":[[-109.4773,23.0095],[-109.3014,23.6554]]}},{"type":"Feature","properties":{"strength":0.254},"geometry":{"type":"LineString","coordinates":[[-138.4954,54.6415],[-132.8676,54.5396],[-131.1089,54.335]]}},{"type":"Feature","properties":{"strength":0.241},"geometry":{"type":"LineString","coordinates":[[58.4758,-23.0095],[59.8828,-24.2982]]}},{"type":"Feature","properties":{"strength":0.044},"geometry":{"type":"LineString","coordinates":[[46.8686,-7.1043],[47.5721,-7.2788]]}},{"type":"Feature","properties":{"strength":0.29},"geometry":{"type":"LineString","coordinates":[[16.0918,34.5395],[16.0918,35.6903]]}},{"type":"Feature","properties":{"strength":0.52},"geometry":{"type":"LineString","coordinates":[[-82.042,17.7361],[-82.042,19.0711]]}},{"type":"Feature","properties":{"strength":0.183},"geometry":{"type":"LineString","coordinates":[[-168.3928,49.4577],[-164.5237,49.4577]]}},{"type":"Feature","properties":{"strength":0.302},"geometry":{"type":"LineString","coordinates":[[109.6532,4.3047],[109.4773,4.48],[109.4773,6.0561],[109.3014,6.231]]}},{"type":"Feature","properties":{"strength":0.35},"geometry":{"type":"LineString","coordinates":[[109.6532,4.3047],[110.5325,4.1293]]}},{"type":"Feature","properties":{"strength":0.588},"geometry":{"type":"LineString","coordinates":[[109.6532,4.3047],[107.8945,2.5492]]}},{"type":"Feature","properties":{"strength":0.688},"geometry":{"type":"LineString","coordinates":[[36.6683,-30.8404],[34.7338,-32.1897]]}},{"type":"Feature","properties":{"strength":0.237},"geometry":{"type":"LineString","coordinates":[[-15.0366,32.7831],[-15.916,32.0407],[-16.6194,32.0407]]}},{"type":"Feature","properties":{"strength":0.178},"geometry":{"type":"LineString","coordinates":[[-77.2936,8.8459],[-76.9419,8.1502]]}},{"type":"Feature","properties":{"strength":0.048},"geometry":{"type":"LineString","coordinates":[[151.3337,27.306],[150.4543,27.6181]]}},{"type":"Feature","properties":{"strength":0.333},"geometry":{"type":"LineString","coordinates":[[-136.7367,49.2285],[-137.616,49.2285],[-139.5506,49.7994],[-139.9023,50.0259]]}},{"type":"Feature","properties":{"strength":0.138},"geometry":{"type":"LineString","coordinates":[[-42.8236,42.2454],[-45.8134,40.1281]]}},{"type":"Feature","properties":{"strength":0.535},"geometry":{"type":"LineString","coordinates":[[58.3,-22.523],[56.5413,-20.7247]]}},{"type":"Feature","properties":{"strength":0.627},"geometry":{"type":"LineString","coordinates":[[118.7982,21.5449],[119.5017,22.1977],[119.5017,23.8164],[119.3258,23.9772]]}},{"type":"Feature","properties":{"strength":0.061},"geometry":{"type":"LineString","coordinates":[[40.5374,-20.3954],[40.0098,-21.5449]]}},{"type":"Feature","properties":{"strength":0.212},"geometry":{"type":"LineString","coordinates":[[63.9277,15.0369],[61.8173,12.9894]]}},{"type":"Feature","properties":{"strength":0.021},"geometry":{"type":"LineString","coordinates":[[-42.4719,-33.812],[-42.6478,-33.958],[-43.703,-33.958],[-43.8788,-33.812],[-44.5823,-33.958]]}},{"type":"Feature","properties":{"strength":0.463},"geometry":{"type":"LineString","coordinates":[[-82.2179,-5.0058],[-81.6903,-3.0762]]}},{"type":"Feature","properties":{"strength":0.11},"geometry":{"type":"LineString","coordinates":[[-61.6414,30.6893],[-63.4001,32.1897],[-64.1036,32.1897],[-64.6312,31.7421]]}},{"type":"Feature","properties":{"strength":0.191},"geometry":{"type":"LineString","coordinates":[[-131.8124,37.3858],[-134.4504,35.2607],[-134.4504,34.9729]]}},{"type":"Feature","properties":{"strength":0.588},"geometry":{"type":"LineString","coordinates":[[-6.4191,57.8633],[-6.9468,57.5815],[-6.9468,57.2024]]}},{"type":"Feature","properties":{"strength":0.017},"geometry":{"type":"LineString","coordinates":[[-28.0508,45.6623],[-27.8749,45.7851],[-27.3473,45.6623]]}},{"type":"Feature","properties":{"strength":0.093},"geometry":{"type":"LineString","coordinates":[[-15.3884,46.7576],[-11.5193,46.7576]]}},{"type":"Feature","properties":{"strength":0.546},"geometry":{"type":"LineString","coordinates":[[116.512,-14.5267],[116.512,-13.5029]]}},{"type":"Feature","properties":{"strength":0.489},"geometry":{"type":"LineString","coordinates":[[-13.278,34.2492],[-14.8608,32.9308]]}},{"type":"Feature","properties":{"strength":0.305},"geometry":{"type":"LineString","coordinates":[[67.9726,14.186],[68.6761,14.0154]]}},{"type":"Feature","properties":{"strength":0.422},"geometry":{"type":"LineString","coordinates":[[111.4118,12.6464],[112.6429,12.9894],[113.3464,13.6739]]}},{"type":"Feature","properties":{"strength":0.258},"geometry":{"type":"LineString","coordinates":[[-92.594,22.3604],[-91.8906,21.7084]]}},{"type":"Feature","properties":{"strength":0.408},"geometry":{"type":"LineString","coordinates":[[154.851,-11.27],[154.851,-11.9591]]}},{"type":"Feature","properties":{"strength":0.171},"geometry":{"type":"LineString","coordinates":[[111.4118,2.1978],[110.7084,2.3735]]}},{"type":"Feature","properties":{"strength":0.137},"geometry":{"type":"LineString","coordinates":[[24.0059,71.2888],[23.83,71.5688]]}},{"type":"Feature","properties":{"strength":0.083},"geometry":{"type":"LineString","coordinates":[[-10.2882,-21.3812],[-11.6952,-20.7247],[-12.5745,-19.9],[-12.7504,-19.2372]]}},{"type":"Feature","properties":{"strength":0.408},"geometry":{"type":"LineString","coordinates":[[135.1539,-5.0058],[136.2091,-7.4532],[136.385,-8.4982],[136.7367,-8.8459]]}},{"type":"Feature","properties":{"strength":0.598},"geometry":{"type":"LineString","coordinates":[[-79.7557,6.7552],[-80.1075,5.5312]]}},{"type":"Feature","properties":{"strength":0.277},"geometry":{"type":"LineString","coordinates":[[-76.9419,10.7522],[-76.5901,10.4064],[-76.5901,9.8871],[-77.1177,9.0197]]}},{"type":"Feature","properties":{"strength":0.029},"geometry":{"type":"LineString","coordinates":[[54.9585,7.4532],[54.7826,6.7552]]}},{"type":"Feature","properties":{"strength":0.198},"geometry":{"type":"LineString","coordinates":[[151.6854,-3.7784],[152.3889,-4.3047],[152.3889,-4.6553]]}},{"type":"Feature","properties":{"strength":0.34},"geometry":{"type":"LineString","coordinates":[[-87.6698,28.8576],[-87.6698,29.4719],[-88.1974,29.9301]]}},{"type":"Feature","properties":{"strength":0.066},"geometry":{"type":"LineString","coordinates":[[-47.0445,7.2788],[-47.0445,6.231]]}},{"type":"Feature","properties":{"strength":0.411},"geometry":{"type":"LineString","coordinates":[[61.4656,12.9894],[61.1138,13.3319],[59.7069,13.5029],[58.8276,14.3564]]}},{"type":"Feature","properties":{"strength":0.417},"geometry":{"type":"LineString","coordinates":[[-81.1627,12.1311],[-80.4592,12.6464]]}},{"type":"Feature","properties":{"strength":0.092},"geometry":{"type":"LineString","coordinates":[[-80.1075,-10.4064],[-80.2833,-10.5793],[-81.6903,-10.5793]]}},{"type":"Feature","properties":{"strength":0.278},"geometry":{"type":"LineString","coordinates":[[-89.956,26.5219],[-89.0767,27.306],[-88.9008,28.0846]]}},{"type":"Feature","properties":{"strength":0.104},"geometry":{"type":"LineString","coordinates":[[-39.4822,7.4532],[-37.7235,9.1933]]}},{"type":"Feature","properties":{"strength":0.462},"geometry":{"type":"LineString","coordinates":[[114.0498,-16.5598],[113.3464,-20.5601]]}},{"type":"Feature","properties":{"strength":0.414},"geometry":{"type":"LineString","coordinates":[[-77.2936,27.9293],[-76.4143,28.2396]]}},{"type":"Feature","properties":{"strength":0.236},"geometry":{"type":"LineString","coordinates":[[-88.0215,12.818],[-87.1422,11.9591],[-86.9663,11.0975],[-87.318,10.7522]]}},{"type":"Feature","properties":{"strength":0.018},"geometry":{"type":"LineString","coordinates":[[-58.3,26.2068],[-57.4206,26.3645]]}},{"type":"Feature","properties":{"strength":0.237},"geometry":{"type":"LineString","coordinates":[[-46.341,2.9006],[-45.9893,3.2518],[-45.9893,4.3047],[-45.8134,4.48]]}},{"type":"Feature","properties":{"strength":0.46},"geometry":{"type":"LineString","coordinates":[[80.1075,-6.0561],[77.9971,-8.1502],[77.1177,-8.3242],[76.5901,-8.6721]]}},{"type":"Feature","properties":{"strength":0.263},"geometry":{"type":"LineString","coordinates":[[-123.8984,30.3863],[-123.5467,30.3863],[-123.0191,29.9301]]}},{"type":"Feature","properties":{"strength":0.479},"geometry":{"type":"LineString","coordinates":[[-71.49,20.3954],[-68.5002,19.569]]}},{"type":"Feature","properties":{"strength":0.134},"geometry":{"type":"LineString","coordinates":[[-51.617,35.1169],[-51.7929,34.9729],[-56.893,34.9729]]}},{"type":"Feature","properties":{"strength":0.03},"geometry":{"type":"LineString","coordinates":[[-9.0572,62.327],[-8.002,62.081],[-6.9468,62.081]]}},{"type":"Feature","properties":{"strength":0.106},"geometry":{"type":"LineString","coordinates":[[133.7469,-33.0783],[133.7469,-33.5193],[134.4504,-35.1169]]}},{"type":"Feature","properties":{"strength":0.423},"geometry":{"type":"LineString","coordinates":[[12.5745,66.3551],[11.871,66.7053]]}},{"type":"Feature","properties":{"strength":0.096},"geometry":{"type":"LineString","coordinates":[[-109.1255,23.9772],[-109.6532,24.9377]]}},{"type":"Feature","properties":{"strength":0.3},"geometry":{"type":"LineString","coordinates":[[4.6605,2.5492],[3.957,2.3735]]}},{"type":"Feature","properties":{"strength":0.197},"geometry":{"type":"LineString","coordinates":[[177.1861,-18.0708],[177.8896,-18.4049]]}},{"type":"Feature","properties":{"strength":0.253},"geometry":{"type":"LineString","coordinates":[[-144.1231,52.768],[-144.1231,50.9213]]}},{"type":"Feature","properties":{"strength":0.785},"geometry":{"type":"LineString","coordinates":[[-79.7557,26.0489],[-79.9316,24.7781]]}},{"type":"Feature","properties":{"strength":0.273},"geometry":{"type":"LineString","coordinates":[[10.64,-7.6276],[10.64,-6.9298]]}},{"type":"Feature","properties":{"strength":0.096},"geometry":{"type":"LineString","coordinates":[[9.5848,-13.6739],[10.4641,-12.818],[10.4641,-12.4748]]}},{"type":"Feature","properties":{"strength":0.813},"geometry":{"type":"LineString","coordinates":[[154.1475,-26.5219],[154.1475,-25.8908]]}},{"type":"Feature","properties":{"strength":0.297},"geometry":{"type":"LineString","coordinates":[[125.1295,14.186],[124.426,13.5029],[124.426,13.1607]]}},{"type":"Feature","properties":{"strength":0.776},"geometry":{"type":"LineString","coordinates":[[128.9985,34.2492],[130.2296,34.6842]]}},{"type":"Feature","properties":{"strength":0.412},"geometry":{"type":"LineString","coordinates":[[5.3639,55.9431],[2.5501,55.9431]]}},{"type":"Feature","properties":{"strength":0.121},"geometry":{"type":"LineString","coordinates":[[-64.1036,48.5346],[-64.807,48.184]]}},{"type":"Feature","properties":{"strength":0.12},"geometry":{"type":"LineString","coordinates":[[-125.4812,39.5881],[-126.5364,39.7235]]}},{"type":"Feature","properties":{"strength":0.567},"geometry":{"type":"LineString","coordinates":[[120.0293,7.6276],[120.381,7.2788],[121.4362,7.2788]]}},{"type":"Feature","properties":{"strength":0.282},"geometry":{"type":"LineString","coordinates":[[-122.6673,34.3945],[-124.7777,35.2607],[-125.3053,35.6903]]}},{"type":"Feature","properties":{"strength":0.047},"geometry":{"type":"LineString","coordinates":[[45.9893,-33.2255],[46.1651,-32.9308],[49.1549,-32.4869],[54.7826,-30.9913]]}},{"type":"Feature","properties":{"strength":0.535},"geometry":{"type":"LineString","coordinates":[[19.9609,58.7867],[18.7298,59.4188]]}},{"type":"Feature","properties":{"strength":0.127},"geometry":{"type":"LineString","coordinates":[[-32.2716,-3.2518],[-32.9751,-2.5492],[-34.2062,-2.1978]]}},{"type":"Feature","properties":{"strength":0.112},"geometry":{"type":"LineString","coordinates":[[-42.296,42.6348],[-41.5926,43.1501],[-41.065,43.1501]]}},{"type":"Feature","properties":{"strength":0.584},"geometry":{"type":"LineString","coordinates":[[142.0127,2.5492],[143.5955,1.4947],[144.299,0.7914],[145.0024,-0.4397]]}},{"type":"Feature","properties":{"strength":0.357},"geometry":{"type":"LineString","coordinates":[[-72.0176,36.8248],[-71.6659,37.3858],[-71.6659,38.9071]]}},{"type":"Feature","properties":{"strength":0.077},"geometry":{"type":"LineString","coordinates":[[-40.3615,3.7784],[-38.6028,6.4058]]}},{"type":"Feature","properties":{"strength":0.358},"geometry":{"type":"LineString","coordinates":[[72.5452,-2.9006],[71.8417,-3.4274],[71.49,-3.4274]]}},{"type":"Feature","properties":{"strength":0.046},"geometry":{"type":"LineString","coordinates":[[-57.2447,43.4062],[-58.3,43.4062],[-58.4758,43.5338]]}},{"type":"Feature","properties":{"strength":0.686},"geometry":{"type":"LineString","coordinates":[[-14.8608,27.4622],[-15.2125,27.7738],[-15.2125,28.5491],[-15.3884,28.7034]]}},{"type":"Feature","properties":{"strength":0.661},"geometry":{"type":"LineString","coordinates":[[-14.8608,27.4622],[-14.1573,27.6181],[-13.6297,28.0846],[-13.6297,28.5491]]}},{"type":"Feature","properties":{"strength":0.536},"geometry":{"type":"LineString","coordinates":[[-14.8608,27.4622],[-15.7401,26.993]]}},{"type":"Feature","properties":{"strength":0.091},"geometry":{"type":"LineString","coordinates":[[-27.5232,16.2224],[-27.1715,15.8844],[-26.8197,15.8844]]}},{"type":"Feature","properties":{"strength":0.3},"geometry":{"type":"LineString","coordinates":[[-67.0933,16.3912],[-67.2692,17.0649]]}},{"type":"Feature","properties":{"strength":0.147},"geometry":{"type":"LineString","coordinates":[[65.5105,-6.9298],[66.5657,-8.1502]]}},{"type":"Feature","properties":{"strength":0.39},"geometry":{"type":"LineString","coordinates":[[137.7919,9.1933],[138.3195,8.4982],[139.1988,8.1502]]}},{"type":"Feature","properties":{"strength":0.255},"geometry":{"type":"LineString","coordinates":[[-35.6131,32.1897],[-34.7338,32.1897]]}},{"type":"Feature","properties":{"strength":0.148},"geometry":{"type":"LineString","coordinates":[[4.1329,-2.1978],[4.8363,-3.0762]]}},{"type":"Feature","properties":{"strength":0.711},"geometry":{"type":"LineString","coordinates":[[15.916,35.833],[14.1573,35.833],[13.8056,35.5474]]}},{"type":"Feature","properties":{"strength":0.097},"geometry":{"type":"LineString","coordinates":[[-26.468,32.6351],[-27.8749,31.8915]]}},{"type":"Feature","properties":{"strength":0.02},"geometry":{"type":"LineString","coordinates":[[-76.9419,-19.9],[-76.2384,-21.0533]]}},{"type":"Feature","properties":{"strength":0.051},"geometry":{"type":"LineString","coordinates":[[-165.403,45.416],[-166.4582,45.416],[-166.6341,45.5393]]}},{"type":"Feature","properties":{"strength":0.241},"geometry":{"type":"LineString","coordinates":[[-54.4309,47.2374],[-54.7826,46.878],[-54.7826,46.2735]]}},{"type":"Feature","properties":{"strength":0.105},"geometry":{"type":"LineString","coordinates":[[59.531,7.1043],[58.1241,8.4982],[58.3,9.8871]]}},{"type":"Feature","properties":{"strength":0.559},"geometry":{"type":"LineString","coordinates":[[19.7851,35.5474],[21.192,35.4041],[21.5437,35.1169]]}},{"type":"Feature","properties":{"strength":0.084},"geometry":{"type":"LineString","coordinates":[[-59.531,33.0783],[-59.531,34.6842]]}},{"type":"Feature","properties":{"strength":0.063},"geometry":{"type":"LineString","coordinates":[[-51.2653,-38.7701],[-51.4411,-38.9071],[-52.3205,-38.9071],[-52.6722,-38.6329]]}},{"type":"Feature","properties":{"strength":0.126},"geometry":{"type":"LineString","coordinates":[[-27.8749,41.1953],[-27.6991,41.7225]]}},{"type":"Feature","properties":{"strength":0.209},"geometry":{"type":"LineString","coordinates":[[145.3542,-1.1431],[145.7059,-0.6155],[145.1783,-0.4397]]}},{"type":"Feature","properties":{"strength":0.205},"geometry":{"type":"LineString","coordinates":[[2.0225,-36.9654],[2.3742,-36.9654],[5.1881,-34.6842]]}},{"type":"Feature","properties":{"strength":0.204},"geometry":{"type":"LineString","coordinates":[[146.4094,41.5911],[146.937,41.5911],[148.1681,40.6638]]}},{"type":"Feature","properties":{"strength":0.479},"geometry":{"type":"LineString","coordinates":[[-87.318,17.9036],[-86.9663,18.4049],[-86.9663,18.9048],[-86.2628,20.5601]]}},{"type":"Feature","properties":{"strength":0.204},"geometry":{"type":"LineString","coordinates":[[3.7811,-1.1431],[2.9018,-0.9672],[2.1983,-0.4397]]}},{"type":"Feature","properties":{"strength":0.355},"geometry":{"type":"LineString","coordinates":[[129.3503,22.0348],[126.5364,24.7781]]}},{"type":"Feature","properties":{"strength":0.441},"geometry":{"type":"LineString","coordinates":[[85.9111,12.4748],[85.2076,11.787]]}},{"type":"Feature","properties":{"strength":0.512},"geometry":{"type":"LineString","coordinates":[[96.9907,9.0197],[97.3425,8.6721],[97.3425,7.8019],[97.6942,7.1043],[97.5183,6.4058]]}},{"type":"Feature","properties":{"strength":0.095},"geometry":{"type":"LineString","coordinates":[[117.743,-6.9298],[118.0948,-7.6276]]}},{"type":"Feature","properties":{"strength":0.185},"geometry":{"type":"LineString","coordinates":[[-1.319,58.4202],[-0.9673,58.1428],[-0.9673,57.4871],[-0.7914,57.3925]]}},{"type":"Feature","properties":{"strength":0.221},"geometry":{"type":"LineString","coordinates":[[-94.3527,20.3954],[-94.001,20.0653],[-94.001,19.2372],[-94.5286,18.4049]]}},{"type":"Feature","properties":{"strength":0.599},"geometry":{"type":"LineString","coordinates":[[20.3127,37.8039],[21.0161,38.3576],[22.2472,38.4954],[23.1265,38.0812],[24.3576,36.9654]]}},{"type":"Feature","properties":{"strength":0.031},"geometry":{"type":"LineString","coordinates":[[-52.6722,-38.6329],[-52.3205,-38.3576],[-51.2653,-38.3576]]}},{"type":"Feature","properties":{"strength":0.087},"geometry":{"type":"LineString","coordinates":[[-52.6722,-38.6329],[-55.1343,-38.7701],[-55.6619,-38.3576]]}},{"type":"Feature","properties":{"strength":0.074},"geometry":{"type":"LineString","coordinates":[[6.7709,-2.9006],[6.9468,-3.0762],[8.3537,-3.0762]]}},{"type":"Feature","properties":{"strength":0.583},"geometry":{"type":"LineString","coordinates":[[130.4055,28.8576],[127.9433,28.8576],[127.064,28.0846]]}},{"type":"Feature","properties":{"strength":0.018},"geometry":{"type":"LineString","coordinates":[[50.2101,1.8463],[49.8583,1.4947],[50.0342,1.1431]]}},{"type":"Feature","properties":{"strength":0.081},"geometry":{"type":"LineString","coordinates":[[-19.0816,27.4622],[-19.0816,28.2396],[-19.6092,28.7034]]}},{"type":"Feature","properties":{"strength":0.194},"geometry":{"type":"LineString","coordinates":[[164.172,-21.7084],[162.4133,-19.9],[159.5994,-15.3763]]}},{"type":"Feature","properties":{"strength":0.758},"geometry":{"type":"LineString","coordinates":[[1.4949,51.6909],[0.4397,51.5817]]}},{"type":"Feature","properties":{"strength":0.479},"geometry":{"type":"LineString","coordinates":[[-41.7684,-25.4152],[-44.2306,-25.8908]]}},{"type":"Feature","properties":{"strength":0.515},"geometry":{"type":"LineString","coordinates":[[114.4016,-15.5458],[114.4016,-14.5267],[114.5774,-14.3564]]}},{"type":"Feature","properties":{"strength":0.177},"geometry":{"type":"LineString","coordinates":[[-4.4846,59.5973],[-5.0122,59.9514],[-5.0122,60.3888],[-5.1881,60.4756]]}},{"type":"Feature","properties":{"strength":0.174},"geometry":{"type":"LineString","coordinates":[[-17.147,40.3965],[-20.8403,37.6648]]}},{"type":"Feature","properties":{"strength":0.395},"geometry":{"type":"LineString","coordinates":[[-75.7108,33.6658],[-76.766,34.6842]]}},{"type":"Feature","properties":{"strength":0.095},"geometry":{"type":"LineString","coordinates":[[-15.2125,32.9308],[-16.4436,32.9308],[-16.7953,32.6351],[-16.7953,32.1897]]}},{"type":"Feature","properties":{"strength":0.195},"geometry":{"type":"LineString","coordinates":[[38.0752,-30.8404],[41.5926,-33.812],[45.6375,-33.5193]]}},{"type":"Feature","properties":{"strength":0.196},"geometry":{"type":"LineString","coordinates":[[169.9756,-29.1652],[169.448,-28.7034]]}},{"type":"Feature","properties":{"strength":0.525},"geometry":{"type":"LineString","coordinates":[[91.363,20.7247],[91.8906,20.3954],[92.594,18.4049],[92.594,17.7361]]}},{"type":"Feature","properties":{"strength":0.251},"geometry":{"type":"LineString","coordinates":[[148.1681,2.9006],[148.1681,3.4274],[147.8163,3.9539],[143.9472,9.0197],[143.0679,9.5404],[142.1886,9.5404]]}},{"type":"Feature","properties":{"strength":0.667},"geometry":{"type":"LineString","coordinates":[[66.0381,-15.8844],[65.6864,-16.2224],[62.5208,-17.2329],[60.5862,-18.9048],[60.5862,-19.2372],[60.2345,-19.569]]}},{"type":"Feature","properties":{"strength":0.237},"geometry":{"type":"LineString","coordinates":[[-73.7763,15.7151],[-74.3039,16.2224],[-75.0073,16.2224]]}},{"type":"Feature","properties":{"strength":0.244},"geometry":{"type":"LineString","coordinates":[[-53.9033,9.0197],[-55.8378,9.0197],[-56.7171,9.3669]]}},{"type":"Feature","properties":{"strength":0.071},"geometry":{"type":"LineString","coordinates":[[-54.9585,25.5739],[-54.0791,24.6184]]}},{"type":"Feature","properties":{"strength":0.883},"geometry":{"type":"LineString","coordinates":[[119.5017,1.4947],[119.3258,2.1978]]}},{"type":"Feature","properties":{"strength":0.364},"geometry":{"type":"LineString","coordinates":[[8.3537,0.7914],[8.3537,-0.0879],[8.1778,-0.2638]]}},{"type":"Feature","properties":{"strength":0.362},"geometry":{"type":"LineString","coordinates":[[174.724,-41.9845],[174.5481,-42.3755],[173.317,-43.5338],[173.317,-43.7883],[172.6136,-44.294]]}},{"type":"Feature","properties":{"strength":0.095},"geometry":{"type":"LineString","coordinates":[[145.7059,34.1037],[143.0679,34.1037]]}},{"type":"Feature","properties":{"strength":0.333},"geometry":{"type":"LineString","coordinates":[[10.2882,-18.7383],[13.1021,-23.9772],[13.4538,-27.4622],[12.5745,-28.2396]]}},{"type":"Feature","properties":{"strength":0.136},"geometry":{"type":"LineString","coordinates":[[145.7059,29.6248],[144.299,29.9301]]}},{"type":"Feature","properties":{"strength":0.18},"geometry":{"type":"LineString","coordinates":[[-8.5296,-32.9308],[-11.871,-35.833],[-12.3986,-35.833]]}},{"type":"Feature","properties":{"strength":0.259},"geometry":{"type":"LineString","coordinates":[[54.7826,-30.2345],[47.7479,-31.7421]]}},{"type":"Feature","properties":{"strength":0.039},"geometry":{"type":"LineString","coordinates":[[-34.5579,44.5452],[-33.8544,45.0444],[-33.5027,45.0444]]}},{"type":"Feature","properties":{"strength":0.09},"geometry":{"type":"LineString","coordinates":[[-34.5579,44.5452],[-36.8442,44.4197]]}},{"type":"Feature","properties":{"strength":0.076},"geometry":{"type":"LineString","coordinates":[[-34.5579,44.5452],[-34.2062,44.294],[-33.5027,44.294]]}},{"type":"Feature","properties":{"strength":0.186},"geometry":{"type":"LineString","coordinates":[[87.318,10.0603],[85.7352,10.7522],[85.0318,11.4425]]}},{"type":"Feature","properties":{"strength":0.349},"geometry":{"type":"LineString","coordinates":[[-58.1241,10.4064],[-56.893,9.5404]]}},{"type":"Feature","properties":{"strength":0.106},"geometry":{"type":"LineString","coordinates":[[-6.7709,58.9685],[-6.7709,59.4188]]}},{"type":"Feature","properties":{"strength":0.059},"geometry":{"type":"LineString","coordinates":[[-15.5642,46.878],[-15.5642,48.0666]]}},{"type":"Feature","properties":{"strength":0.109},"geometry":{"type":"LineString","coordinates":[[-159.0718,21.2173],[-157.489,21.3812],[-157.1373,21.7084],[-154.6751,22.6853]]}},{"type":"Feature","properties":{"strength":0.143},"geometry":{"type":"LineString","coordinates":[[-15.7401,48.184],[-16.7953,47.8311]]}},{"type":"Feature","properties":{"strength":0.187},"geometry":{"type":"LineString","coordinates":[[-33.5027,41.3275],[-33.3268,41.1953],[-29.4577,41.1953],[-29.106,41.4594]]}},{"type":"Feature","properties":{"strength":0.158},"geometry":{"type":"LineString","coordinates":[[-67.0933,35.6903],[-66.9174,35.833],[-64.1036,35.833],[-62.8725,36.2596]]}},{"type":"Feature","properties":{"strength":0.259},"geometry":{"type":"LineString","coordinates":[[48.6273,-10.4064],[48.4514,-11.27]]}},{"type":"Feature","properties":{"strength":0.214},"geometry":{"type":"LineString","coordinates":[[-94.8803,26.6792],[-95.0562,25.8908]]}},{"type":"Feature","properties":{"strength":0.022},"geometry":{"type":"LineString","coordinates":[[-168.2169,45.6623],[-168.2169,45.9076],[-168.7445,46.2735]]}},{"type":"Feature","properties":{"strength":0.651},"geometry":{"type":"LineString","coordinates":[[7.1226,53.4018],[6.7709,53.8191],[5.1881,54.7431]]}},{"type":"Feature","properties":{"strength":0.244},"geometry":{"type":"LineString","coordinates":[[17.8505,59.4188],[18.554,59.4188]]}},{"type":"Feature","properties":{"strength":0.033},"geometry":{"type":"LineString","coordinates":[[149.7509,28.8576],[149.7509,28.3945],[149.2233,27.9293]]}},{"type":"Feature","properties":{"strength":0.055},"geometry":{"type":"LineString","coordinates":[[-62.3449,41.7225],[-62.6966,41.9845],[-62.8725,42.893],[-63.576,43.5338]]}},{"type":"Feature","properties":{"strength":0.042},"geometry":{"type":"LineString","coordinates":[[-33.3268,-23.9772],[-34.382,-23.9772]]}},{"type":"Feature","properties":{"strength":0.374},"geometry":{"type":"LineString","coordinates":[[-62.3449,16.8967],[-61.4656,16.8967],[-60.938,17.4008]]}},{"type":"Feature","properties":{"strength":0.165},"geometry":{"type":"LineString","coordinates":[[-140.7816,52.3403],[-140.0782,52.3403],[-139.5506,52.0168]]}},{"type":"Feature","properties":{"strength":0.039},"geometry":{"type":"LineString","coordinates":[[-39.4822,29.3186],[-39.4822,28.7034],[-39.1304,28.3945]]}},{"type":"Feature","properties":{"strength":0.294},"geometry":{"type":"LineString","coordinates":[[-80.1075,19.0711],[-81.8661,19.2372]]}},{"type":"Feature","properties":{"strength":0.136},"geometry":{"type":"LineString","coordinates":[[-127.7675,31.2923],[-126.7123,32.1897]]}},{"type":"Feature","properties":{"strength":0.615},"geometry":{"type":"LineString","coordinates":[[11.1676,-33.812],[11.5193,-33.812],[12.2228,-33.2255]]}},{"type":"Feature","properties":{"strength":0.119},"geometry":{"type":"LineString","coordinates":[[-46.5169,31.5924],[-45.4617,30.6893],[-45.2858,30.2345]]}},{"type":"Feature","properties":{"strength":0.041},"geometry":{"type":"LineString","coordinates":[[-65.5105,23.9772],[-67.445,23.0095],[-67.7968,23.0095],[-68.1485,22.6853],[-68.852,22.6853]]}},{"type":"Feature","properties":{"strength":0.153},"geometry":{"type":"LineString","coordinates":[[98.0459,-9.1933],[98.2218,-9.0197],[99.1011,-9.1933]]}},{"type":"Feature","properties":{"strength":0.473},"geometry":{"type":"LineString","coordinates":[[-63.576,48.8828],[-63.0484,48.8828],[-61.2897,48.3012],[-58.8276,46.637],[-58.4758,46.1518]]}},{"type":"Feature","properties":{"strength":0.05},"geometry":{"type":"LineString","coordinates":[[158.5442,-15.2066],[158.8959,-15.5458],[159.4235,-15.3763]]}},{"type":"Feature","properties":{"strength":0.48},"geometry":{"type":"LineString","coordinates":[[36.6683,-30.6893],[34.9096,-29.1652],[34.9096,-27.306]]}},{"type":"Feature","properties":{"strength":0.095},"geometry":{"type":"LineString","coordinates":[[-32.7992,43.0217],[-33.5027,43.6612]]}},{"type":"Feature","properties":{"strength":0.069},"geometry":{"type":"LineString","coordinates":[[-32.7992,43.0217],[-32.7992,42.5052]]}},{"type":"Feature","properties":{"strength":0.16},"geometry":{"type":"LineString","coordinates":[[-81.3385,12.303],[-82.042,12.4748]]}},{"type":"Feature","properties":{"strength":0.104},"geometry":{"type":"LineString","coordinates":[[163.1168,-23.3328],[163.8202,-23.1713],[164.3478,-22.6853]]}},{"type":"Feature","properties":{"strength":0.08},"geometry":{"type":"LineString","coordinates":[[-69.5554,23.4942],[-69.5554,22.6853]]}},{"type":"Feature","properties":{"strength":0.173},"geometry":{"type":"LineString","coordinates":[[135.3298,27.6181],[134.6263,28.2396]]}},{"type":"Feature","properties":{"strength":0.36},"geometry":{"type":"LineString","coordinates":[[-68.6761,40.3965],[-69.0278,40.6638],[-69.7313,41.9845],[-70.2589,42.3755],[-70.7865,42.5052],[-70.9624,42.3755]]}},{"type":"Feature","properties":{"strength":0.339},"geometry":{"type":"LineString","coordinates":[[-68.6761,40.3965],[-67.6209,40.3965],[-66.3898,40.6638]]}},{"type":"Feature","properties":{"strength":0.312},"geometry":{"type":"LineString","coordinates":[[-68.6761,40.3965],[-69.0278,40.1281],[-70.083,39.9935],[-71.3141,39.1803]]}},{"type":"Feature","properties":{"strength":0.266},"geometry":{"type":"LineString","coordinates":[[17.147,69.826],[16.6194,69.7043],[16.4436,69.5205]]}},{"type":"Feature","properties":{"strength":0.187},"geometry":{"type":"LineString","coordinates":[[-119.15,33.3725],[-119.6776,32.7831]]}},{"type":"Feature","properties":{"strength":0.195},"geometry":{"type":"LineString","coordinates":[[139.1988,-38.0812],[139.023,-37.3858]]}},{"type":"Feature","properties":{"strength":0.102},"geometry":{"type":"LineString","coordinates":[[5.5398,-0.2638],[4.4846,0.7914]]}},{"type":"Feature","properties":{"strength":0.569},"geometry":{"type":"LineString","coordinates":[[5.5398,56.8194],[5.5398,56.0415]]}},{"type":"Feature","properties":{"strength":0.301},"geometry":{"type":"LineString","coordinates":[[140.254,5.7062],[141.1334,6.5805],[141.661,6.7552]]}},{"type":"Feature","properties":{"strength":0.475},"geometry":{"type":"LineString","coordinates":[[129.3503,-8.4982],[134.0987,-9.5404],[135.5056,-9.5404],[135.6815,-9.3669]]}},{"type":"Feature","properties":{"strength":0.523},"geometry":{"type":"LineString","coordinates":[[152.0371,-11.27],[152.0371,-10.2334],[151.8613,-10.0603]]}},{"type":"Feature","properties":{"strength":0.286},"geometry":{"type":"LineString","coordinates":[[11.1676,64.071],[10.9917,63.8393],[10.1124,63.6057]]}},{"type":"Feature","properties":{"strength":0.364},"geometry":{"type":"LineString","coordinates":[[-71.6659,15.5458],[-71.8417,15.7151],[-73.6004,15.7151]]}},{"type":"Feature","properties":{"strength":0.13},"geometry":{"type":"LineString","coordinates":[[173.8447,30.0824],[173.1412,30.2345]]}},{"type":"Feature","properties":{"strength":0.158},"geometry":{"type":"LineString","coordinates":[[-58.1241,24.6184],[-57.0689,24.7781],[-56.1895,25.5739]]}},{"type":"Feature","properties":{"strength":0.235},"geometry":{"type":"LineString","coordinates":[[-58.1241,24.6184],[-59.1793,23.6554]]}},{"type":"Feature","properties":{"strength":0.035},"geometry":{"type":"LineString","coordinates":[[-19.2574,45.1685],[-19.4333,44.6704],[-19.7851,44.4197]]}},{"type":"Feature","properties":{"strength":0.433},"geometry":{"type":"LineString","coordinates":[[74.6556,-10.5793],[73.2487,-11.6148],[72.8969,-11.6148],[71.8417,-12.818],[69.9072,-13.8447],[68.1485,-15.3763]]}},{"type":"Feature","properties":{"strength":0.112},"geometry":{"type":"LineString","coordinates":[[-58.8276,-42.1151],[-58.8276,-41.5911],[-57.5965,-40.1281],[-57.5965,-39.5881],[-57.2447,-39.0438]]}},{"type":"Feature","properties":{"strength":0.421},"geometry":{"type":"LineString","coordinates":[[-47.0445,-28.2396],[-48.6273,-30.3863],[-49.1549,-32.6351],[-49.6825,-33.0783]]}},{"type":"Feature","properties":{"strength":0.252},"geometry":{"type":"LineString","coordinates":[[128.9985,19.9],[131.6365,19.9]]}},{"type":"Feature","properties":{"strength":0.513},"geometry":{"type":"LineString","coordinates":[[-78.7005,18.0708],[-78.1729,17.7361],[-77.1177,17.5686],[-75.7108,16.2224]]}},{"type":"Feature","properties":{"strength":0.123},"geometry":{"type":"LineString","coordinates":[[4.3087,-0.6155],[5.3639,-0.6155],[5.5398,-0.4397]]}},{"type":"Feature","properties":{"strength":0.429},"geometry":{"type":"LineString","coordinates":[[107.3669,-4.8306],[109.3014,-4.8306],[109.6532,-5.0058]]}},{"type":"Feature","properties":{"strength":0.159},"geometry":{"type":"LineString","coordinates":[[110.0049,6.4058],[110.3566,6.0561],[111.236,5.8812]]}},{"type":"Feature","properties":{"strength":0.132},"geometry":{"type":"LineString","coordinates":[[-23.4783,16.3912],[-22.9507,17.7361]]}},{"type":"Feature","properties":{"strength":0.023},"geometry":{"type":"LineString","coordinates":[[-24.3576,3.2518],[-24.5335,2.7249],[-25.0611,2.3735]]}},{"type":"Feature","properties":{"strength":0.726},"geometry":{"type":"LineString","coordinates":[[9.9365,58.1428],[9.4089,58.1428],[8.3537,57.6757]]}},{"type":"Feature","properties":{"strength":0.058},"geometry":{"type":"LineString","coordinates":[[9.0572,-11.0975],[9.0572,-11.4425],[8.3537,-12.1311]]}},{"type":"Feature","properties":{"strength":0.623},"geometry":{"type":"LineString","coordinates":[[109.3014,-2.1978],[109.4773,-2.3735],[109.6532,-4.1293],[110.3566,-4.8306]]}},{"type":"Feature","properties":{"strength":0.341},"geometry":{"type":"LineString","coordinates":[[-0.7914,58.6954],[0.6155,58.6954],[1.319,58.5122]]}},{"type":"Feature","properties":{"strength":0.043},"geometry":{"type":"LineString","coordinates":[[49.8583,-0.4397],[49.6825,-1.1431]]}},{"type":"Feature","properties":{"strength":0.289},"geometry":{"type":"LineString","coordinates":[[-42.296,2.1978],[-43.5271,3.7784]]}},{"type":"Feature","properties":{"strength":0.289},"geometry":{"type":"LineString","coordinates":[[164.5237,48.184],[163.9961,47.7129]]}},{"type":"Feature","properties":{"strength":0.375},"geometry":{"type":"LineString","coordinates":[[-79.9316,11.27],[-80.9868,11.27]]}},{"type":"Feature","properties":{"strength":0.142},"geometry":{"type":"LineString","coordinates":[[177.362,44.294],[179.4724,44.294]]}},{"type":"Feature","properties":{"strength":0.016},"geometry":{"type":"LineString","coordinates":[[-58.3,25.0971],[-58.1241,25.2562],[-58.3,25.8908]]}},{"type":"Feature","properties":{"strength":0.206},"geometry":{"type":"LineString","coordinates":[[2.1983,1.4947],[2.9018,2.3735]]}},{"type":"Feature","properties":{"strength":0.276},"geometry":{"type":"LineString","coordinates":[[64.4553,21.5449],[62.169,19.4032],[60.4104,19.0711]]}},{"type":"Feature","properties":{"strength":0.138},"geometry":{"type":"LineString","coordinates":[[66.3898,12.6464],[65.8622,13.1607],[65.8622,14.5267]]}},{"type":"Feature","properties":{"strength":0.429},"geometry":{"type":"LineString","coordinates":[[-46.341,1.6705],[-48.0997,-0.0879],[-48.8031,-1.4947]]}},{"type":"Feature","properties":{"strength":0.717},"geometry":{"type":"LineString","coordinates":[[18.7298,58.4202],[18.0264,58.328]]}},{"type":"Feature","properties":{"strength":0.43},"geometry":{"type":"LineString","coordinates":[[-45.2858,-25.4152],[-45.9893,-25.4152],[-47.7479,-25.8908]]}},{"type":"Feature","properties":{"strength":0.401},"geometry":{"type":"LineString","coordinates":[[10.64,35.9755],[10.9917,35.9755],[12.0469,36.5427]]}},{"type":"Feature","properties":{"strength":0.075},"geometry":{"type":"LineString","coordinates":[[92.9458,-0.9672],[98.7494,-3.9539],[99.1011,-4.3047],[101.5633,-5.3561],[101.915,-5.7062],[103.4978,-5.8812]]}},{"type":"Feature","properties":{"strength":0.16},"geometry":{"type":"LineString","coordinates":[[152.3889,-7.9761],[152.9165,-6.4058],[152.9165,-5.7062],[153.4441,-5.181]]}},{"type":"Feature","properties":{"strength":0.253},"geometry":{"type":"LineString","coordinates":[[-10.9917,51.032],[-10.9917,47.949]]}},{"type":"Feature","properties":{"strength":0.303},"geometry":{"type":"LineString","coordinates":[[8.8813,-36.6839],[8.8813,-34.2492]]}},{"type":"Feature","properties":{"strength":0.152},"geometry":{"type":"LineString","coordinates":[[-50.5618,8.3242],[-51.2653,7.6276]]}},{"type":"Feature","properties":{"strength":0.253},"geometry":{"type":"LineString","coordinates":[[39.658,-18.7383],[39.3063,-18.4049],[37.7235,-18.5717],[35.6131,-19.9]]}},{"type":"Feature","properties":{"strength":0.356},"geometry":{"type":"LineString","coordinates":[[39.658,-18.7383],[41.2408,-17.2329]]}},{"type":"Feature","properties":{"strength":0.232},"geometry":{"type":"LineString","coordinates":[[-19.9609,33.812],[-19.9609,34.3945],[-21.0161,35.2607]]}},{"type":"Feature","properties":{"strength":0.385},"geometry":{"type":"LineString","coordinates":[[-68.5002,17.5686],[-69.7313,17.5686],[-70.083,16.8967],[-71.49,15.5458]]}},{"type":"Feature","properties":{"strength":0.288},"geometry":{"type":"LineString","coordinates":[[127.4157,-2.5492],[127.5916,-3.6029]]}},{"type":"Feature","properties":{"strength":0.329},"geometry":{"type":"LineString","coordinates":[[-118.9741,30.9913],[-120.381,30.6893],[-121.6121,29.6248]]}},{"type":"Feature","properties":{"strength":0.147},"geometry":{"type":"LineString","coordinates":[[-96.2872,23.8164],[-96.1114,23.1713]]}},{"type":"Feature","properties":{"strength":0.56},"geometry":{"type":"LineString","coordinates":[[130.2296,34.6842],[130.9331,36.5427],[131.9883,37.6648]]}},{"type":"Feature","properties":{"strength":0.892},"geometry":{"type":"LineString","coordinates":[[130.2296,34.6842],[131.1089,33.958],[131.8124,33.812]]}},{"type":"Feature","properties":{"strength":0.034},"geometry":{"type":"LineString","coordinates":[[-127.9433,30.0824],[-127.5916,30.0824],[-127.064,30.5379]]}},{"type":"Feature","properties":{"strength":0.349},"geometry":{"type":"LineString","coordinates":[[143.9472,36.6839],[144.1231,37.8039]]}},{"type":"Feature","properties":{"strength":0.087},"geometry":{"type":"LineString","coordinates":[[141.1334,28.8576],[141.1334,27.7738],[141.4851,26.8362]]}},{"type":"Feature","properties":{"strength":0.237},"geometry":{"type":"LineString","coordinates":[[51.0894,-28.5491],[51.0894,-28.0846],[49.6825,-26.8362]]}},{"type":"Feature","properties":{"strength":0.207},"geometry":{"type":"LineString","coordinates":[[147.9922,-7.4532],[148.1681,-8.1502],[149.575,-9.1933]]}},{"type":"Feature","properties":{"strength":0.124},"geometry":{"type":"LineString","coordinates":[[139.023,19.9],[138.3195,19.7346],[137.7919,19.2372]]}},{"type":"Feature","properties":{"strength":0.186},"geometry":{"type":"LineString","coordinates":[[-75.8867,30.5379],[-75.5349,30.5379],[-74.4797,29.6248]]}},{"type":"Feature","properties":{"strength":0.763},"geometry":{"type":"LineString","coordinates":[[18.0264,56.1396],[17.147,56.6264],[17.4988,57.8633],[18.0264,58.328]]}},{"type":"Feature","properties":{"strength":0.438},"geometry":{"type":"LineString","coordinates":[[-2.7259,48.9983],[-2.7259,49.2285],[-3.4294,49.6858]]}},{"type":"Feature","properties":{"strength":0.082},"geometry":{"type":"LineString","coordinates":[[-42.296,45.5393],[-42.296,43.7883]]}},{"type":"Feature","properties":{"strength":0.513},"geometry":{"type":"LineString","coordinates":[[-76.766,-15.2066],[-77.2936,-13.8447]]}},{"type":"Feature","properties":{"strength":0.297},"geometry":{"type":"LineString","coordinates":[[91.363,5.0058],[91.7147,5.3561],[92.7699,5.7062]]}},{"type":"Feature","properties":{"strength":0.196},"geometry":{"type":"LineString","coordinates":[[18.0264,69.6432],[17.3229,69.826]]}},{"type":"Feature","properties":{"strength":0.103},"geometry":{"type":"LineString","coordinates":[[140.0782,26.8362],[141.3092,26.6792]]}},{"type":"Feature","properties":{"strength":0.221},"geometry":{"type":"LineString","coordinates":[[142.892,30.3863],[142.892,30.9913]]}},{"type":"Feature","properties":{"strength":0.042},"geometry":{"type":"LineString","coordinates":[[-51.2653,26.6792],[-51.0894,26.8362],[-50.3859,26.2068],[-49.6825,26.5219]]}},{"type":"Feature","properties":{"strength":0.237},"geometry":{"type":"LineString","coordinates":[[40.8891,-9.0197],[40.7132,-8.1502]]}},{"type":"Feature","properties":{"strength":0.602},"geometry":{"type":"LineString","coordinates":[[152.7406,-16.3912],[153.2682,-17.0649]]}},{"type":"Feature","properties":{"strength":0.453},"geometry":{"type":"LineString","coordinates":[[112.9946,14.186],[112.6429,14.5267],[112.6429,15.0369]]}},{"type":"Feature","properties":{"strength":0.275},"geometry":{"type":"LineString","coordinates":[[172.7894,-33.812],[172.6136,-33.6658],[171.7342,-33.6658]]}},{"type":"Feature","properties":{"strength":0.566},"geometry":{"type":"LineString","coordinates":[[12.9262,45.2924],[13.6297,45.9076]]}},{"type":"Feature","properties":{"strength":0.625},"geometry":{"type":"LineString","coordinates":[[12.9262,45.2924],[12.9262,44.92],[13.4538,44.6704]]}},{"type":"Feature","properties":{"strength":0.169},"geometry":{"type":"LineString","coordinates":[[168.3928,-32.1897],[171.5584,-33.5193]]}},{"type":"Feature","properties":{"strength":0.638},"geometry":{"type":"LineString","coordinates":[[13.1021,-34.2492],[13.1021,-33.6658]]}},{"type":"Feature","properties":{"strength":0.11},"geometry":{"type":"LineString","coordinates":[[46.6927,-6.7552],[45.6375,-5.7062],[44.934,-5.5312]]}},{"type":"Feature","properties":{"strength":0.152},"geometry":{"type":"LineString","coordinates":[[46.6927,-6.7552],[46.8686,-6.0561]]}},{"type":"Feature","properties":{"strength":0.079},"geometry":{"type":"LineString","coordinates":[[-14.6849,44.92],[-15.0366,45.1685],[-16.6194,44.92]]}},{"type":"Feature","properties":{"strength":0.1},"geometry":{"type":"LineString","coordinates":[[-14.6849,44.92],[-12.3986,45.0444]]}},{"type":"Feature","properties":{"strength":0.076},"geometry":{"type":"LineString","coordinates":[[44.7582,-2.7249],[45.4617,-2.3735],[46.341,-2.3735]]}},{"type":"Feature","properties":{"strength":0.226},"geometry":{"type":"LineString","coordinates":[[118.9741,4.1293],[118.9741,4.8306],[119.3258,5.181]]}},{"type":"Feature","properties":{"strength":0.445},"geometry":{"type":"LineString","coordinates":[[142.3644,41.3275],[142.5403,39.7235],[142.7162,39.5881]]}},{"type":"Feature","properties":{"strength":0.473},"geometry":{"type":"LineString","coordinates":[[3.4294,-32.6351],[3.4294,-31.8915]]}},{"type":"Feature","properties":{"strength":0.828},"geometry":{"type":"LineString","coordinates":[[87.318,5.8812],[82.5696,5.7062]]}},{"type":"Feature","properties":{"strength":0.388},"geometry":{"type":"LineString","coordinates":[[-115.6326,26.5219],[-115.6326,27.306],[-116.512,28.5491]]}},{"type":"Feature","properties":{"strength":0.36},"geometry":{"type":"LineString","coordinates":[[59.531,-22.3604],[58.6517,-22.3604],[58.4758,-22.523]]}},{"type":"Feature","properties":{"strength":0.657},"geometry":{"type":"LineString","coordinates":[[118.0948,-19.4032],[118.4465,-19.7346],[118.4465,-20.0653]]}},{"type":"Feature","properties":{"strength":0.109},"geometry":{"type":"LineString","coordinates":[[173.1412,30.2345],[172.9653,30.0824],[171.3825,30.2345]]}},{"type":"Feature","properties":{"strength":0.509},"geometry":{"type":"LineString","coordinates":[[20.6644,59.3292],[21.3679,59.5082]]}},{"type":"Feature","properties":{"strength":0.113},"geometry":{"type":"LineString","coordinates":[[23.4783,70.7743],[23.83,71.1188]]}},{"type":"Feature","properties":{"strength":0.274},"geometry":{"type":"LineString","coordinates":[[-40.5374,3.0762],[-41.4167,2.1978]]}},{"type":"Feature","properties":{"strength":0.069},"geometry":{"type":"LineString","coordinates":[[115.8085,-16.8967],[115.8085,-18.0708]]}},{"type":"Feature","properties":{"strength":0.011},"geometry":{"type":"LineString","coordinates":[[-25.0611,44.294],[-24.8852,44.7953]]}},{"type":"Feature","properties":{"strength":0.036},"geometry":{"type":"LineString","coordinates":[[-6.0674,60.4756],[-6.595,60.1271],[-6.595,59.8633]]}},{"type":"Feature","properties":{"strength":0.122},"geometry":{"type":"LineString","coordinates":[[-24.8852,34.6842],[-25.0611,34.8287],[-28.2267,34.8287],[-28.4025,34.9729]]}},{"type":"Feature","properties":{"strength":0.25},"geometry":{"type":"LineString","coordinates":[[-24.8852,34.6842],[-21.8955,34.6842],[-21.192,35.2607]]}},{"type":"Feature","properties":{"strength":0.209},"geometry":{"type":"LineString","coordinates":[[-83.4489,27.4622],[-83.4489,26.3645]]}},{"type":"Feature","properties":{"strength":0.36},"geometry":{"type":"LineString","coordinates":[[121.4362,20.7247],[122.3156,19.9],[122.4915,19.0711]]}},{"type":"Feature","properties":{"strength":0.354},"geometry":{"type":"LineString","coordinates":[[-74.4797,29.6248],[-75.3591,28.8576],[-76.0625,28.8576]]}},{"type":"Feature","properties":{"strength":0.412},"geometry":{"type":"LineString","coordinates":[[151.3337,-22.523],[151.6854,-22.523],[152.0371,-22.8475]]}},{"type":"Feature","properties":{"strength":0.16},"geometry":{"type":"LineString","coordinates":[[-134.8021,38.6329],[-137.2643,36.6839],[-137.0884,35.9755],[-136.5608,36.1177],[-136.5608,36.5427],[-134.2745,38.3576]]}},{"type":"Feature","properties":{"strength":0.206},"geometry":{"type":"LineString","coordinates":[[-39.1304,46.998],[-38.2511,46.998],[-37.8994,47.2374],[-37.02,47.2374],[-36.8442,47.3567]]}},{"type":"Feature","properties":{"strength":0.298},"geometry":{"type":"LineString","coordinates":[[134.2745,16.7283],[135.5056,16.7283],[136.5608,16.0534]]}},{"type":"Feature","properties":{"strength":0.303},"geometry":{"type":"LineString","coordinates":[[113.5222,5.181],[113.5222,4.8306],[112.9946,4.3047],[112.1153,3.9539],[111.4118,4.1293]]}},{"type":"Feature","properties":{"strength":0.193},"geometry":{"type":"LineString","coordinates":[[-177.7137,49.3432],[-177.5379,49.6858],[-177.0103,50.0259],[-174.3723,50.1388],[-174.1964,50.2514],[-172.9653,50.2514],[-171.5584,49.3432]]}},{"type":"Feature","properties":{"strength":0.02},"geometry":{"type":"LineString","coordinates":[[-33.3268,44.92],[-33.3268,44.4197]]}},{"type":"Feature","properties":{"strength":0.07},"geometry":{"type":"LineString","coordinates":[[47.0445,-3.4274],[47.9238,-4.3047]]}},{"type":"Feature","properties":{"strength":0.142},"geometry":{"type":"LineString","coordinates":[[-83.8007,-4.48],[-84.68,-3.6029],[-85.7352,-2.0221]]}},{"type":"Feature","properties":{"strength":0.314},"geometry":{"type":"LineString","coordinates":[[-65.8622,40.2624],[-65.5105,39.9935],[-64.807,39.9935]]}},{"type":"Feature","properties":{"strength":0.104},"geometry":{"type":"LineString","coordinates":[[66.9174,13.1607],[67.6209,14.0154]]}},{"type":"Feature","properties":{"strength":0.918},"geometry":{"type":"LineString","coordinates":[[-3.4294,49.6858],[-2.7259,50.1388],[-1.8466,50.1388],[-1.6707,50.2514]]}},{"type":"Feature","properties":{"strength":0.79},"geometry":{"type":"LineString","coordinates":[[-3.4294,49.6858],[-5.5398,49.5719],[-7.1226,48.767]]}},{"type":"Feature","properties":{"strength":0.775},"geometry":{"type":"LineString","coordinates":[[19.0816,36.5427],[17.3229,36.5427]]}},{"type":"Feature","properties":{"strength":0.184},"geometry":{"type":"LineString","coordinates":[[120.381,-35.2607],[120.5569,-34.6842],[121.9638,-33.958]]}},{"type":"Feature","properties":{"strength":0.301},"geometry":{"type":"LineString","coordinates":[[19.0816,62.2452],[19.7851,61.9158],[20.3127,61.8329]]}},{"type":"Feature","properties":{"strength":0.036},"geometry":{"type":"LineString","coordinates":[[161.0064,30.0824],[161.0064,29.4719],[161.1822,29.3186],[161.7098,29.4719]]}},{"type":"Feature","properties":{"strength":0.124},"geometry":{"type":"LineString","coordinates":[[131.1089,13.8447],[131.8124,14.5267],[132.1641,14.5267]]}},{"type":"Feature","properties":{"strength":0.173},"geometry":{"type":"LineString","coordinates":[[83.6248,2.0221],[84.1524,2.3735],[84.8559,2.3735],[85.2076,2.7249]]}},{"type":"Feature","properties":{"strength":0.658},"geometry":{"type":"LineString","coordinates":[[125.1295,31.5924],[124.0743,32.4869],[123.8984,34.9729]]}},{"type":"Feature","properties":{"strength":0.053},"geometry":{"type":"LineString","coordinates":[[-29.2819,20.2304],[-29.2819,19.9],[-30.6888,18.238]]}},{"type":"Feature","properties":{"strength":0.462},"geometry":{"type":"LineString","coordinates":[[115.105,14.0154],[113.3464,13.6739]]}},{"type":"Feature","properties":{"strength":0.573},"geometry":{"type":"LineString","coordinates":[[-5.7157,58.7867],[-5.7157,58.5122],[-6.2433,57.9567]]}},{"type":"Feature","properties":{"strength":0.441},"geometry":{"type":"LineString","coordinates":[[136.0332,-35.4041],[134.6263,-35.2607]]}},{"type":"Feature","properties":{"strength":0.527},"geometry":{"type":"LineString","coordinates":[[169.448,53.4018],[170.5032,53.8191],[171.0308,53.8191],[172.2618,54.1294],[174.3723,54.1294],[174.5481,54.0263]]}},{"type":"Feature","properties":{"strength":0.436},"geometry":{"type":"LineString","coordinates":[[96.2872,10.2334],[95.0562,11.9591],[94.5286,13.1607],[94.001,13.6739]]}},{"type":"Feature","properties":{"strength":0.081},"geometry":{"type":"LineString","coordinates":[[-21.7196,21.3812],[-22.4231,20.5601]]}},{"type":"Feature","properties":{"strength":0.101},"geometry":{"type":"LineString","coordinates":[[-8.8813,52.768],[-9.9365,52.768]]}},{"type":"Feature","properties":{"strength":0.068},"geometry":{"type":"LineString","coordinates":[[49.6825,-4.1293],[49.5066,-4.3047],[48.6273,-4.3047]]}},{"type":"Feature","properties":{"strength":0.297},"geometry":{"type":"LineString","coordinates":[[69.5554,12.4748],[69.0278,12.9894]]}},{"type":"Feature","properties":{"strength":0.163},"geometry":{"type":"LineString","coordinates":[[0.0879,0.4397],[0.2638,0.6155],[0.2638,1.4947],[1.8466,3.0762]]}},{"type":"Feature","properties":{"strength":0.166},"geometry":{"type":"LineString","coordinates":[[-89.956,26.3645],[-89.7802,26.2068],[-88.9008,26.2068]]}},{"type":"Feature","properties":{"strength":0.44},"geometry":{"type":"LineString","coordinates":[[5.7157,61.9985],[4.8363,62.327]]}},{"type":"Feature","properties":{"strength":0.57},"geometry":{"type":"LineString","coordinates":[[9.5848,59.2394],[10.1124,58.8777]]}},{"type":"Feature","properties":{"strength":0.029},"geometry":{"type":"LineString","coordinates":[[142.3644,14.186],[142.5403,13.3319]]}},{"type":"Feature","properties":{"strength":0.179},"geometry":{"type":"LineString","coordinates":[[-173.4929,47.8311],[-173.4929,46.2735]]}},{"type":"Feature","properties":{"strength":0.062},"geometry":{"type":"LineString","coordinates":[[-17.147,50.0259],[-18.0264,50.5875]]}},{"type":"Feature","properties":{"strength":0.408},"geometry":{"type":"LineString","coordinates":[[-79.404,30.5379],[-79.2281,28.5491]]}},{"type":"Feature","properties":{"strength":0.055},"geometry":{"type":"LineString","coordinates":[[156.0821,-11.9591],[155.3786,-11.0975],[155.0269,-11.0975]]}},{"type":"Feature","properties":{"strength":0.476},"geometry":{"type":"LineString","coordinates":[[112.8188,-28.0846],[112.9946,-29.1652],[113.3464,-29.4719]]}},{"type":"Feature","properties":{"strength":0.081},"geometry":{"type":"LineString","coordinates":[[145.1783,24.2982],[145.7059,22.3604]]}},{"type":"Feature","properties":{"strength":0.526},"geometry":{"type":"LineString","coordinates":[[-58.6517,-34.1037],[-57.9482,-34.6842],[-57.4206,-34.6842],[-57.0689,-34.9729],[-55.4861,-35.1169],[-54.6067,-35.833]]}},{"type":"Feature","properties":{"strength":0.1},"geometry":{"type":"LineString","coordinates":[[112.8188,-32.6351],[113.3464,-33.0783],[114.0498,-33.0783]]}},{"type":"Feature","properties":{"strength":0.152},"geometry":{"type":"LineString","coordinates":[[66.0381,14.6969],[66.5657,14.8669],[67.2692,15.5458]]}},{"type":"Feature","properties":{"strength":0.183},"geometry":{"type":"LineString","coordinates":[[20.1368,70.5998],[20.3127,70.5413],[20.3127,70.1868]]}},{"type":"Feature","properties":{"strength":0.284},"geometry":{"type":"LineString","coordinates":[[-54.9585,46.1518],[-56.7171,46.1518],[-56.893,46.0298]]}},{"type":"Feature","properties":{"strength":0.371},"geometry":{"type":"LineString","coordinates":[[133.2193,7.1043],[138.6712,2.0221],[139.023,1.8463],[139.5506,2.0221]]}},{"type":"Feature","properties":{"strength":0.29},"geometry":{"type":"LineString","coordinates":[[60.0586,-21.8717],[61.6414,-23.3328]]}},{"type":"Feature","properties":{"strength":0.234},"geometry":{"type":"LineString","coordinates":[[-49.1549,34.8287],[-50.9135,34.8287]]}},{"type":"Feature","properties":{"strength":0.091},"geometry":{"type":"LineString","coordinates":[[19.4333,-36.2596],[20.1368,-36.8248],[21.3679,-36.8248],[21.5437,-36.9654],[25.7645,-36.8248]]}},{"type":"Feature","properties":{"strength":0.383},"geometry":{"type":"LineString","coordinates":[[146.0576,-9.0197],[147.9922,-10.4064],[150.4543,-10.7522]]}},{"type":"Feature","properties":{"strength":0.308},"geometry":{"type":"LineString","coordinates":[[44.934,-14.0154],[44.0547,-14.8669],[43.3512,-15.0369],[42.6478,-14.8669]]}},{"type":"Feature","properties":{"strength":0.296},"geometry":{"type":"LineString","coordinates":[[-36.3166,-2.5492],[-36.8442,-2.5492],[-38.0752,-1.3189]]}},{"type":"Feature","properties":{"strength":0.326},"geometry":{"type":"LineString","coordinates":[[75.7108,0.9672],[75.1832,-0.2638]]}},{"type":"Feature","properties":{"strength":0.491},"geometry":{"type":"LineString","coordinates":[[-26.2921,6.0561],[-24.8852,9.0197],[-24.5335,9.3669]]}},{"type":"Feature","properties":{"strength":0.368},"geometry":{"type":"LineString","coordinates":[[139.9023,-11.27],[140.9575,-12.303],[141.3092,-12.303]]}},{"type":"Feature","properties":{"strength":0.301},"geometry":{"type":"LineString","coordinates":[[-83.9766,45.9076],[-83.2731,45.416],[-82.3937,43.9151],[-82.5696,42.764],[-83.2731,42.2454],[-83.0972,41.9845],[-82.3937,41.8536],[-79.5799,42.764],[-79.2281,43.5338],[-78.1729,43.7883],[-77.2936,43.7883],[-75.8867,44.5452]]}},{"type":"Feature","properties":{"strength":0.213},"geometry":{"type":"LineString","coordinates":[[140.9575,29.0115],[139.3747,29.1652],[138.6712,29.7776]]}},{"type":"Feature","properties":{"strength":0.37},"geometry":{"type":"LineString","coordinates":[[151.8613,-11.9591],[149.7509,-14.0154]]}},{"type":"Feature","properties":{"strength":0.048},"geometry":{"type":"LineString","coordinates":[[153.6199,30.3863],[151.1578,30.3863]]}},{"type":"Feature","properties":{"strength":0.106},"geometry":{"type":"LineString","coordinates":[[-22.4231,22.3604],[-22.0713,23.1713]]}},{"type":"Feature","properties":{"strength":0.316},"geometry":{"type":"LineString","coordinates":[[-32.2716,-3.4274],[-31.5681,-4.1293]]}},{"type":"Feature","properties":{"strength":0.357},"geometry":{"type":"LineString","coordinates":[[-11.5193,-19.0711],[-10.8158,-18.9048],[-3.4294,-23.1713],[-1.6707,-23.9772],[-1.1431,-24.4584],[0.6155,-25.0971]]}},{"type":"Feature","properties":{"strength":0.017},"geometry":{"type":"LineString","coordinates":[[-13.4538,-36.2596],[-13.8056,-36.5427],[-15.2125,-36.6839]]}},{"type":"Feature","properties":{"strength":0.13},"geometry":{"type":"LineString","coordinates":[[-41.4167,30.0824],[-41.4167,30.6893]]}},{"type":"Feature","properties":{"strength":0.107},"geometry":{"type":"LineString","coordinates":[[-61.1138,25.0971],[-61.8173,24.6184],[-62.169,23.3328]]}},{"type":"Feature","properties":{"strength":0.054},"geometry":{"type":"LineString","coordinates":[[40.8891,-7.9761],[41.2408,-7.9761],[41.5926,-8.3242],[41.5926,-8.6721],[41.2408,-9.0197]]}},{"type":"Feature","properties":{"strength":0.356},"geometry":{"type":"LineString","coordinates":[[-160.3029,46.2735],[-161.1822,46.2735],[-161.3581,46.3949]]}},{"type":"Feature","properties":{"strength":0.527},"geometry":{"type":"LineString","coordinates":[[105.0806,-2.0221],[105.0806,-1.1431]]}},{"type":"Feature","properties":{"strength":0.316},"geometry":{"type":"LineString","coordinates":[[-77.1177,15.3763],[-76.5901,15.3763],[-75.7108,16.0534]]}},{"type":"Feature","properties":{"strength":0.252},"geometry":{"type":"LineString","coordinates":[[130.5813,12.1311],[130.7572,12.303],[132.6917,10.7522],[133.0435,10.7522],[133.7469,10.2334]]}},{"type":"Feature","properties":{"strength":0.484},"geometry":{"type":"LineString","coordinates":[[139.7264,-10.7522],[138.3195,-9.8871],[137.4402,-9.7138]]}},{"type":"Feature","properties":{"strength":0.601},"geometry":{"type":"LineString","coordinates":[[124.426,36.1177],[126.0088,37.2459],[126.7123,37.1058]]}},{"type":"Feature","properties":{"strength":0.05},"geometry":{"type":"LineString","coordinates":[[-173.317,45.9076],[-173.317,45.0444]]}},{"type":"Feature","properties":{"strength":0.024},"geometry":{"type":"LineString","coordinates":[[-130.9331,30.5379],[-130.9331,30.2345],[-130.5813,30.0824]]}},{"type":"Feature","properties":{"strength":0.314},"geometry":{"type":"LineString","coordinates":[[54.255,-26.993],[52.1446,-24.9377]]}},{"type":"Feature","properties":{"strength":0.124},"geometry":{"type":"LineString","coordinates":[[-29.8095,3.0762],[-29.2819,4.3047]]}},{"type":"Feature","properties":{"strength":0.42},"geometry":{"type":"LineString","coordinates":[[-67.445,17.2329],[-68.3244,17.5686]]}},{"type":"Feature","properties":{"strength":0.508},"geometry":{"type":"LineString","coordinates":[[114.7533,6.5805],[115.9844,7.6276]]}},{"type":"Feature","properties":{"strength":0.119},"geometry":{"type":"LineString","coordinates":[[-179.4724,44.294],[-177.8896,44.4197]]}},{"type":"Feature","properties":{"strength":0.504},"geometry":{"type":"LineString","coordinates":[[107.7186,7.8019],[107.7186,7.1043]]}},{"type":"Feature","properties":{"strength":0.617},"geometry":{"type":"LineString","coordinates":[[65.1588,11.0975],[64.9829,11.27],[61.8173,11.27]]}},{"type":"Feature","properties":{"strength":0.424},"geometry":{"type":"LineString","coordinates":[[-73.7763,45.5393],[-72.5452,46.5161],[-72.0176,46.7576],[-71.1383,46.878],[-69.7313,48.184]]}},{"type":"Feature","properties":{"strength":0.369},"geometry":{"type":"LineString","coordinates":[[37.3718,42.2454],[36.4924,43.4062]]}},{"type":"Feature","properties":{"strength":0.314},"geometry":{"type":"LineString","coordinates":[[89.7802,11.9591],[91.1871,11.27]]}},{"type":"Feature","properties":{"strength":0.358},"geometry":{"type":"LineString","coordinates":[[90.6595,19.7346],[90.6595,20.5601]]}},{"type":"Feature","properties":{"strength":0.112},"geometry":{"type":"LineString","coordinates":[[-94.1768,8.1502],[-95.0562,8.8459]]}},{"type":"Feature","properties":{"strength":0.082},"geometry":{"type":"LineString","coordinates":[[-60.7621,-46.2735],[-60.5862,-45.5393]]}},{"type":"Feature","properties":{"strength":0.549},"geometry":{"type":"LineString","coordinates":[[-82.3937,19.569],[-84.1524,20.7247],[-85.9111,21.2173]]}},{"type":"Feature","properties":{"strength":0.483},"geometry":{"type":"LineString","coordinates":[[72.0176,9.0197],[72.7211,9.7138]]}},{"type":"Feature","properties":{"strength":0.255},"geometry":{"type":"LineString","coordinates":[[-171.7342,48.418],[-172.6136,47.949],[-173.317,47.949]]}},{"type":"Feature","properties":{"strength":0.152},"geometry":{"type":"LineString","coordinates":[[144.1231,26.2068],[145.1783,24.4584]]}},{"type":"Feature","properties":{"strength":0.015},"geometry":{"type":"LineString","coordinates":[[-128.2951,29.9301],[-127.2399,29.3186]]}},{"type":"Feature","properties":{"strength":0.153},"geometry":{"type":"LineString","coordinates":[[-87.6698,47.8311],[-88.3732,48.3012],[-89.2526,48.418]]}},{"type":"Feature","properties":{"strength":0.238},"geometry":{"type":"LineString","coordinates":[[-126.3605,32.1897],[-125.8329,31.5924]]}},{"type":"Feature","properties":{"strength":0.34},"geometry":{"type":"LineString","coordinates":[[57.7723,19.7346],[58.1241,19.7346],[59.7069,18.238]]}},{"type":"Feature","properties":{"strength":0.252},"geometry":{"type":"LineString","coordinates":[[150.9819,-10.4064],[151.6854,-10.0603]]}},{"type":"Feature","properties":{"strength":0.269},"geometry":{"type":"LineString","coordinates":[[98.5735,-9.8871],[99.1011,-9.3669]]}},{"type":"Feature","properties":{"strength":0.287},"geometry":{"type":"LineString","coordinates":[[98.5735,-9.8871],[98.0459,-10.4064],[94.7044,-12.1311]]}},{"type":"Feature","properties":{"strength":0.236},"geometry":{"type":"LineString","coordinates":[[-32.2716,-26.8362],[-32.2716,-25.2562]]}},{"type":"Feature","properties":{"strength":0.71},"geometry":{"type":"LineString","coordinates":[[102.4426,1.6705],[103.8495,0.9672]]}},{"type":"Feature","properties":{"strength":0.162},"geometry":{"type":"LineString","coordinates":[[-37.3718,31.8915],[-37.1959,30.9913]]}},{"type":"Feature","properties":{"strength":0.171},"geometry":{"type":"LineString","coordinates":[[-50.2101,-33.5193],[-50.9135,-34.2492]]}},{"type":"Feature","properties":{"strength":0.139},"geometry":{"type":"LineString","coordinates":[[144.8266,22.1977],[145.53,22.1977]]}},{"type":"Feature","properties":{"strength":0.196},"geometry":{"type":"LineString","coordinates":[[-29.2819,4.48],[-29.6336,4.8306],[-29.6336,5.7062],[-29.2819,6.4058]]}},{"type":"Feature","properties":{"strength":0.022},"geometry":{"type":"LineString","coordinates":[[162.2374,30.5379],[162.765,30.9913],[163.1168,30.9913],[163.2926,30.5379]]}},{"type":"Feature","properties":{"strength":0.075},"geometry":{"type":"LineString","coordinates":[[170.3273,30.2345],[168.2169,30.2345],[168.041,30.0824],[167.1617,30.2345]]}},{"type":"Feature","properties":{"strength":0.767},"geometry":{"type":"LineString","coordinates":[[128.8227,33.812],[129.3503,33.3725],[129.3503,32.4869]]}},{"type":"Feature","properties":{"strength":0.237},"geometry":{"type":"LineString","coordinates":[[-62.3449,41.5911],[-62.5208,39.9935],[-60.7621,38.6329]]}},{"type":"Feature","properties":{"strength":0.223},"geometry":{"type":"LineString","coordinates":[[79.404,4.48],[78.7005,5.0058]]}},{"type":"Feature","properties":{"strength":0.214},"geometry":{"type":"LineString","coordinates":[[79.404,4.48],[78.8764,3.6029]]}},{"type":"Feature","properties":{"strength":0.234},"geometry":{"type":"LineString","coordinates":[[144.4748,46.5161],[145.0024,46.5161],[146.5852,47.1178],[154.1475,50.1388],[155.5545,49.9128],[159.5994,47.2374]]}},{"type":"Feature","properties":{"strength":0.109},"geometry":{"type":"LineString","coordinates":[[-164.3478,45.2924],[-163.2926,45.1685],[-161.534,46.3949]]}},{"type":"Feature","properties":{"strength":0.084},"geometry":{"type":"LineString","coordinates":[[175.0757,45.6623],[175.0757,46.878]]}},{"type":"Feature","properties":{"strength":0.219},"geometry":{"type":"LineString","coordinates":[[114.7533,21.0533],[114.7533,20.2304]]}},{"type":"Feature","properties":{"strength":0.418},"geometry":{"type":"LineString","coordinates":[[113.874,30.2345],[114.5774,30.6893],[115.6326,29.9301],[116.3361,29.9301],[118.2706,31.4425],[118.4465,31.8915],[118.9741,32.3384],[119.6776,32.3384],[120.0293,32.0407],[121.4362,31.8915],[122.1397,31.2923]]}},{"type":"Feature","properties":{"strength":0.202},"geometry":{"type":"LineString","coordinates":[[-48.6273,35.2607],[-48.4514,35.9755],[-46.6927,37.3858]]}},{"type":"Feature","properties":{"strength":0.14},"geometry":{"type":"LineString","coordinates":[[-48.6273,35.2607],[-45.2858,32.4869]]}},{"type":"Feature","properties":{"strength":0.357},"geometry":{"type":"LineString","coordinates":[[-89.956,11.0975],[-89.6043,11.787],[-89.6043,12.303]]}},{"type":"Feature","properties":{"strength":0.614},"geometry":{"type":"LineString","coordinates":[[25.5887,36.5427],[26.2921,36.4013],[26.8197,35.9755]]}},{"type":"Feature","properties":{"strength":0.521},"geometry":{"type":"LineString","coordinates":[[115.8085,-11.6148],[115.6326,-11.4425],[115.8085,-10.0603]]}},{"type":"Feature","properties":{"strength":0.033},"geometry":{"type":"LineString","coordinates":[[-167.5134,50.3637],[-166.6341,50.3637]]}},{"type":"Feature","properties":{"strength":0.133},"geometry":{"type":"LineString","coordinates":[[-165.5789,44.0417],[-166.2824,44.0417]]}},{"type":"Feature","properties":{"strength":0.293},"geometry":{"type":"LineString","coordinates":[[66.214,-17.4008],[64.807,-18.7383]]}},{"type":"Feature","properties":{"strength":0.214},"geometry":{"type":"LineString","coordinates":[[47.3962,-31.7421],[46.6927,-31.8915],[43.703,-29.3186]]}},{"type":"Feature","properties":{"strength":0.249},"geometry":{"type":"LineString","coordinates":[[-52.6722,47.7129],[-52.8481,46.7576],[-52.1446,46.2735]]}},{"type":"Feature","properties":{"strength":0.389},"geometry":{"type":"LineString","coordinates":[[134.2745,40.6638],[136.5608,38.7701]]}},{"type":"Feature","properties":{"strength":0.413},"geometry":{"type":"LineString","coordinates":[[121.4362,20.8891],[122.6673,21.5449]]}},{"type":"Feature","properties":{"strength":0.37},"geometry":{"type":"LineString","coordinates":[[39.3063,43.5338],[38.6028,43.7883],[37.02,43.7883],[36.6683,43.5338]]}},{"type":"Feature","properties":{"strength":0.239},"geometry":{"type":"LineString","coordinates":[[49.3307,-7.2788],[47.9238,-7.2788]]}},{"type":"Feature","properties":{"strength":0.343},"geometry":{"type":"LineString","coordinates":[[40.3615,-19.9],[39.658,-19.0711]]}},{"type":"Feature","properties":{"strength":0.678},"geometry":{"type":"LineString","coordinates":[[115.4568,-5.3561],[115.8085,-5.7062],[116.8637,-6.0561]]}},{"type":"Feature","properties":{"strength":0.104},"geometry":{"type":"LineString","coordinates":[[25.2369,71.4013],[25.2369,71.6797]]}},{"type":"Feature","properties":{"strength":0.309},"geometry":{"type":"LineString","coordinates":[[119.3258,6.231],[119.8534,7.6276]]}},{"type":"Feature","properties":{"strength":0.499},"geometry":{"type":"LineString","coordinates":[[129.1744,3.7784],[128.6468,4.3047],[128.1192,4.48]]}},{"type":"Feature","properties":{"strength":0.181},"geometry":{"type":"LineString","coordinates":[[142.892,33.0783],[142.892,31.2923]]}},{"type":"Feature","properties":{"strength":0.249},"geometry":{"type":"LineString","coordinates":[[129.1744,-1.4947],[132.1641,-0.0879],[133.5711,-0.2638],[134.4504,-0.9672]]}},{"type":"Feature","properties":{"strength":0.049},"geometry":{"type":"LineString","coordinates":[[-142.1886,48.0666],[-142.3644,48.6509]]}},{"type":"Feature","properties":{"strength":0.055},"geometry":{"type":"LineString","coordinates":[[-27.5232,41.8536],[-26.1163,42.893],[-25.7645,42.893]]}},{"type":"Feature","properties":{"strength":0.138},"geometry":{"type":"LineString","coordinates":[[-93.4734,25.5739],[-94.1768,25.4152]]}},{"type":"Feature","properties":{"strength":0.16},"geometry":{"type":"LineString","coordinates":[[-91.7147,23.6554],[-92.0664,23.0095]]}},{"type":"Feature","properties":{"strength":0.717},"geometry":{"type":"LineString","coordinates":[[118.0948,-0.7914],[118.6224,-0.0879]]}},{"type":"Feature","properties":{"strength":0.232},"geometry":{"type":"LineString","coordinates":[[88.3732,20.0653],[89.0767,20.7247],[89.6043,20.7247]]}},{"type":"Feature","properties":{"strength":0.056},"geometry":{"type":"LineString","coordinates":[[-37.1959,30.6893],[-37.5476,30.0824]]}},{"type":"Feature","properties":{"strength":0.077},"geometry":{"type":"LineString","coordinates":[[96.4631,-13.8447],[95.5838,-14.5267]]}},{"type":"Feature","properties":{"strength":0.337},"geometry":{"type":"LineString","coordinates":[[19.0816,-35.6903],[18.0264,-35.5474]]}},{"type":"Feature","properties":{"strength":0.367},"geometry":{"type":"LineString","coordinates":[[-75.0073,24.2982],[-74.3039,25.0971]]}},{"type":"Feature","properties":{"strength":0.236},"geometry":{"type":"LineString","coordinates":[[-164.172,46.998],[-162.0616,46.998],[-161.534,46.637]]}},{"type":"Feature","properties":{"strength":0.049},"geometry":{"type":"LineString","coordinates":[[29.9853,-36.9654],[25.9404,-36.9654],[25.7645,-36.8248]]}},{"type":"Feature","properties":{"strength":0.405},"geometry":{"type":"LineString","coordinates":[[-18.7298,23.4942],[-18.7298,22.523]]}},{"type":"Feature","properties":{"strength":0.019},"geometry":{"type":"LineString","coordinates":[[-143.4196,47.8311],[-144.299,48.418]]}},{"type":"Feature","properties":{"strength":0.217},"geometry":{"type":"LineString","coordinates":[[61.6414,11.0975],[61.2897,10.7522],[61.1138,9.7138],[60.7621,9.1933]]}},{"type":"Feature","properties":{"strength":0.296},"geometry":{"type":"LineString","coordinates":[[72.3693,21.5449],[72.3693,21.0533],[72.0176,20.5601]]}},{"type":"Feature","properties":{"strength":0.455},"geometry":{"type":"LineString","coordinates":[[-4.1329,46.0298],[-4.8363,45.5393]]}},{"type":"Feature","properties":{"strength":0.094},"geometry":{"type":"LineString","coordinates":[[167.3376,-20.7247],[167.5134,-20.8891],[167.5134,-21.7084]]}},{"type":"Feature","properties":{"strength":0.317},"geometry":{"type":"LineString","coordinates":[[-15.7401,11.787],[-17.8505,11.787]]}},{"type":"Feature","properties":{"strength":0.113},"geometry":{"type":"LineString","coordinates":[[-24.8852,46.1518],[-26.2921,45.6623]]}},{"type":"Feature","properties":{"strength":0.127},"geometry":{"type":"LineString","coordinates":[[-11.1676,47.8311],[-12.9262,48.9983],[-13.9814,48.9983]]}},{"type":"Feature","properties":{"strength":0.309},"geometry":{"type":"LineString","coordinates":[[121.6121,-5.0058],[123.0191,-4.3047]]}},{"type":"Feature","properties":{"strength":0.518},"geometry":{"type":"LineString","coordinates":[[123.5467,9.1933],[122.6673,8.8459],[121.9638,8.8459]]}},{"type":"Feature","properties":{"strength":0.253},"geometry":{"type":"LineString","coordinates":[[153.2682,-17.0649],[152.7406,-17.5686],[152.213,-17.5686],[150.9819,-18.7383]]}},{"type":"Feature","properties":{"strength":0.065},"geometry":{"type":"LineString","coordinates":[[175.9551,44.294],[175.9551,46.2735]]}},{"type":"Feature","properties":{"strength":0.318},"geometry":{"type":"LineString","coordinates":[[-8.1778,-32.1897],[-6.595,-30.8404]]}},{"type":"Feature","properties":{"strength":0.091},"geometry":{"type":"LineString","coordinates":[[-130.9331,49.2285],[-129.8779,49.2285]]}},{"type":"Feature","properties":{"strength":0.237},"geometry":{"type":"LineString","coordinates":[[-119.15,26.6792],[-119.6776,28.0846],[-120.2052,28.5491],[-121.4362,29.0115]]}},{"type":"Feature","properties":{"strength":0.594},"geometry":{"type":"LineString","coordinates":[[-15.2125,7.9761],[-14.8608,6.5805],[-13.8056,5.8812],[-10.9917,2.9006]]}},{"type":"Feature","properties":{"strength":0.153},"geometry":{"type":"LineString","coordinates":[[126.3605,19.569],[128.6468,19.569],[128.8227,19.7346]]}},{"type":"Feature","properties":{"strength":0.142},"geometry":{"type":"LineString","coordinates":[[5.5398,64.071],[6.9468,64.071],[7.2985,63.9167]]}},{"type":"Feature","properties":{"strength":0.705},"geometry":{"type":"LineString","coordinates":[[4.4846,61.2463],[4.4846,62.2452],[4.6605,62.327]]}},{"type":"Feature","properties":{"strength":0.279},"geometry":{"type":"LineString","coordinates":[[99.4529,-0.7914],[100.1563,-0.9672],[100.5081,-2.0221],[102.2667,-4.3047]]}},{"type":"Feature","properties":{"strength":0.322},"geometry":{"type":"LineString","coordinates":[[28.2267,60.3018],[28.5784,60.9915]]}},{"type":"Feature","properties":{"strength":0.473},"geometry":{"type":"LineString","coordinates":[[127.4157,-7.9761],[127.2399,-8.1502],[125.6571,-8.1502],[125.4812,-7.9761]]}},{"type":"Feature","properties":{"strength":0.23},"geometry":{"type":"LineString","coordinates":[[69.7313,15.0369],[68.852,14.0154]]}},{"type":"Feature","properties":{"strength":0.372},"geometry":{"type":"LineString","coordinates":[[-54.6067,-35.833],[-52.1446,-34.6842],[-51.0894,-34.3945]]}},{"type":"Feature","properties":{"strength":0.236},"geometry":{"type":"LineString","coordinates":[[-54.6067,-35.833],[-55.4861,-37.5254],[-55.6619,-38.3576]]}},{"type":"Feature","properties":{"strength":0.203},"geometry":{"type":"LineString","coordinates":[[20.1368,70.6582],[22.5989,71.1188],[23.6541,71.1756]]}},{"type":"Feature","properties":{"strength":0.227},"geometry":{"type":"LineString","coordinates":[[-72.7211,18.7383],[-73.6004,19.0711]]}},{"type":"Feature","properties":{"strength":0.103},"geometry":{"type":"LineString","coordinates":[[-163.8202,49.2285],[-163.8202,47.8311]]}},{"type":"Feature","properties":{"strength":0.305},"geometry":{"type":"LineString","coordinates":[[81.8661,-4.3047],[80.2833,-2.7249],[80.2833,-1.6705]]}},{"type":"Feature","properties":{"strength":0.061},"geometry":{"type":"LineString","coordinates":[[-57.0689,37.9427],[-56.893,38.0812],[-56.893,39.3165]]}},{"type":"Feature","properties":{"strength":0.431},"geometry":{"type":"LineString","coordinates":[[127.9433,11.6148],[126.3605,10.2334],[125.8329,10.2334]]}},{"type":"Feature","properties":{"strength":0.347},"geometry":{"type":"LineString","coordinates":[[3.4294,-32.7831],[5.1881,-34.1037]]}},{"type":"Feature","properties":{"strength":0.093},"geometry":{"type":"LineString","coordinates":[[-7.4744,58.2355],[-7.4744,58.6954]]}},{"type":"Feature","properties":{"strength":0.049},"geometry":{"type":"LineString","coordinates":[[-47.2203,31.5924],[-47.5721,31.4425],[-47.7479,30.9913]]}},{"type":"Feature","properties":{"strength":0.204},"geometry":{"type":"LineString","coordinates":[[-88.5491,24.2982],[-89.6043,23.3328],[-90.4836,23.1713]]}},{"type":"Feature","properties":{"strength":0.153},"geometry":{"type":"LineString","coordinates":[[44.934,-13.8447],[44.5823,-13.5029],[44.2306,-13.5029]]}},{"type":"Feature","properties":{"strength":0.507},"geometry":{"type":"LineString","coordinates":[[140.7816,34.1037],[139.5506,33.812],[138.3195,33.812]]}},{"type":"Feature","properties":{"strength":0.651},"geometry":{"type":"LineString","coordinates":[[19.9609,58.0499],[19.6092,56.4324],[19.2574,56.2375],[18.3781,56.1396]]}},{"type":"Feature","properties":{"strength":0.139},"geometry":{"type":"LineString","coordinates":[[-30.5129,32.1897],[-30.5129,32.4869],[-31.9199,33.6658]]}},{"type":"Feature","properties":{"strength":0.748},"geometry":{"type":"LineString","coordinates":[[95.0562,6.4058],[96.1114,6.4058],[96.2872,6.5805]]}},{"type":"Feature","properties":{"strength":0.316},"geometry":{"type":"LineString","coordinates":[[154.6751,-7.8019],[155.9062,-9.0197],[156.0821,-9.7138],[159.0718,-14.186],[159.4235,-15.2066]]}},{"type":"Feature","properties":{"strength":0.245},"geometry":{"type":"LineString","coordinates":[[-57.4206,7.9761],[-58.3,7.1043],[-58.3,6.4058]]}},{"type":"Feature","properties":{"strength":0.166},"geometry":{"type":"LineString","coordinates":[[-91.8906,10.9249],[-90.3078,10.9249]]}},{"type":"Feature","properties":{"strength":0.131},"geometry":{"type":"LineString","coordinates":[[-88.9008,7.8019],[-88.5491,7.8019],[-88.0215,8.3242]]}},{"type":"Feature","properties":{"strength":0.132},"geometry":{"type":"LineString","coordinates":[[73.6004,-3.4274],[73.2487,-3.4274],[72.7211,-2.9006]]}},{"type":"Feature","properties":{"strength":0.511},"geometry":{"type":"LineString","coordinates":[[126.8881,-1.1431],[126.3605,0.2638],[126.3605,1.1431],[126.5364,1.3189],[126.3605,1.4947]]}},{"type":"Feature","properties":{"strength":0.155},"geometry":{"type":"LineString","coordinates":[[128.8227,-10.4064],[130.2296,-12.1311],[130.5813,-11.9591]]}},{"type":"Feature","properties":{"strength":0.237},"geometry":{"type":"LineString","coordinates":[[13.1021,-34.3945],[16.0918,-36.8248],[17.147,-36.8248],[17.3229,-36.9654],[17.6746,-36.8248]]}},{"type":"Feature","properties":{"strength":0.368},"geometry":{"type":"LineString","coordinates":[[-23.83,21.3812],[-24.0059,20.8891],[-24.7093,20.2304]]}},{"type":"Feature","properties":{"strength":0.049},"geometry":{"type":"LineString","coordinates":[[44.7582,-2.9006],[44.934,-3.0762],[47.5721,-2.9006],[48.0997,-3.4274]]}},{"type":"Feature","properties":{"strength":0.104},"geometry":{"type":"LineString","coordinates":[[161.3581,43.6612],[162.0616,43.0217],[163.2926,43.0217]]}},{"type":"Feature","properties":{"strength":0.069},"geometry":{"type":"LineString","coordinates":[[-24.7093,-24.7781],[-25.2369,-24.9377],[-25.5887,-24.6184]]}},{"type":"Feature","properties":{"strength":0.699},"geometry":{"type":"LineString","coordinates":[[-12.9262,35.1169],[-13.1021,34.3945]]}},{"type":"Feature","properties":{"strength":0.245},"geometry":{"type":"LineString","coordinates":[[49.5066,-18.4049],[48.2755,-23.0095],[50.7377,-25.2562]]}},{"type":"Feature","properties":{"strength":0.5},"geometry":{"type":"LineString","coordinates":[[112.6429,15.0369],[113.1705,15.7151],[113.874,17.7361],[114.9292,18.7383]]}},{"type":"Feature","properties":{"strength":0.089},"geometry":{"type":"LineString","coordinates":[[-31.744,16.2224],[-32.6234,15.2066]]}},{"type":"Feature","properties":{"strength":0.231},"geometry":{"type":"LineString","coordinates":[[62.3449,-28.3945],[62.169,-28.2396],[61.2897,-28.3945]]}},{"type":"Feature","properties":{"strength":0.148},"geometry":{"type":"LineString","coordinates":[[-174.1964,47.7129],[-174.1964,46.2735]]}},{"type":"Feature","properties":{"strength":0.16},"geometry":{"type":"LineString","coordinates":[[-140.7816,41.1953],[-142.1886,40.1281],[-142.1886,39.5881]]}},{"type":"Feature","properties":{"strength":0.599},"geometry":{"type":"LineString","coordinates":[[14.509,54.9457],[14.8608,54.9457],[15.916,55.5472],[17.147,55.5472],[18.0264,55.8445]]}},{"type":"Feature","properties":{"strength":0.043},"geometry":{"type":"LineString","coordinates":[[6.595,-3.7784],[6.9468,-4.48],[6.9468,-5.0058]]}},{"type":"Feature","properties":{"strength":0.158},"geometry":{"type":"LineString","coordinates":[[-66.5657,29.6248],[-66.214,29.7776],[-63.576,29.7776]]}},{"type":"Feature","properties":{"strength":0.566},"geometry":{"type":"LineString","coordinates":[[-127.064,47.7129],[-125.8329,48.5346],[-123.5467,48.418]]}},{"type":"Feature","properties":{"strength":0.352},"geometry":{"type":"LineString","coordinates":[[38.2511,23.9772],[37.7235,24.1378],[37.1959,23.6554]]}},{"type":"Feature","properties":{"strength":0.126},"geometry":{"type":"LineString","coordinates":[[-14.1573,43.0217],[-13.6297,43.0217],[-12.3986,43.9151]]}},{"type":"Feature","properties":{"strength":0.238},"geometry":{"type":"LineString","coordinates":[[-3.2535,59.7748],[-4.3087,59.5973]]}},{"type":"Feature","properties":{"strength":0.139},"geometry":{"type":"LineString","coordinates":[[-153.7958,52.5547],[-153.7958,50.5875],[-154.3234,50.1388]]}},{"type":"Feature","properties":{"strength":0.495},"geometry":{"type":"LineString","coordinates":[[153.9717,-17.0649],[154.4993,-16.5598],[154.3234,-15.0369],[154.4993,-14.8669],[154.4993,-13.6739],[154.851,-12.1311]]}},{"type":"Feature","properties":{"strength":0.315},"geometry":{"type":"LineString","coordinates":[[24.0059,65.3479],[24.3576,65.6397],[24.1817,65.8564]]}},{"type":"Feature","properties":{"strength":0.056},"geometry":{"type":"LineString","coordinates":[[-50.9135,29.4719],[-50.2101,28.8576]]}},{"type":"Feature","properties":{"strength":0.248},"geometry":{"type":"LineString","coordinates":[[54.0791,-27.6181],[51.4411,-25.4152]]}},{"type":"Feature","properties":{"strength":0.24},"geometry":{"type":"LineString","coordinates":[[-29.106,35.6903],[-26.9956,37.3858]]}},{"type":"Feature","properties":{"strength":0.309},"geometry":{"type":"LineString","coordinates":[[67.7968,14.3564],[67.7968,15.2066],[67.445,15.5458]]}},{"type":"Feature","properties":{"strength":0.125},"geometry":{"type":"LineString","coordinates":[[27.1715,-35.1169],[27.1715,-36.1177],[25.7645,-36.8248]]}},{"type":"Feature","properties":{"strength":0.641},"geometry":{"type":"LineString","coordinates":[[35.0855,36.2596],[36.1407,36.9654]]}},{"type":"Feature","properties":{"strength":0.716},"geometry":{"type":"LineString","coordinates":[[-15.3884,28.8576],[-14.8608,29.4719]]}},{"type":"Feature","properties":{"strength":0.285},"geometry":{"type":"LineString","coordinates":[[-118.2706,26.2068],[-117.9189,26.5219],[-116.6878,26.3645]]}},{"type":"Feature","properties":{"strength":0.306},"geometry":{"type":"LineString","coordinates":[[-22.5989,64.3007],[-22.2472,64.3007],[-21.8955,64.4528]]}},{"type":"Feature","properties":{"strength":0.867},"geometry":{"type":"LineString","coordinates":[[37.02,23.6554],[35.6131,25.4152],[34.7338,26.993]]}},{"type":"Feature","properties":{"strength":0.602},"geometry":{"type":"LineString","coordinates":[[9.233,38.3576],[10.2882,38.3576]]}},{"type":"Feature","properties":{"strength":0.174},"geometry":{"type":"LineString","coordinates":[[-29.4577,-24.2982],[-29.4577,-24.6184],[-32.0957,-26.993]]}},{"type":"Feature","properties":{"strength":0.602},"geometry":{"type":"LineString","coordinates":[[31.0405,35.833],[30.6888,36.6839]]}},{"type":"Feature","properties":{"strength":0.33},"geometry":{"type":"LineString","coordinates":[[64.6312,-11.9591],[65.5105,-11.0975],[65.8622,-10.0603]]}},{"type":"Feature","properties":{"strength":0.31},"geometry":{"type":"LineString","coordinates":[[116.1602,14.6969],[115.2809,14.186]]}},{"type":"Feature","properties":{"strength":0.351},"geometry":{"type":"LineString","coordinates":[[140.6058,45.9076],[139.3747,45.6623]]}},{"type":"Feature","properties":{"strength":0.147},"geometry":{"type":"LineString","coordinates":[[-75.0073,-25.7325],[-75.7108,-23.4942],[-76.0625,-21.2173]]}},{"type":"Feature","properties":{"strength":0.13},"geometry":{"type":"LineString","coordinates":[[-53.1998,10.9249],[-53.1998,9.7138],[-53.7274,9.1933]]}},{"type":"Feature","properties":{"strength":0.178},"geometry":{"type":"LineString","coordinates":[[-60.4104,38.6329],[-59.531,39.3165],[-57.0689,39.4524]]}},{"type":"Feature","properties":{"strength":0.147},"geometry":{"type":"LineString","coordinates":[[10.9917,-6.5805],[11.3434,-6.5805],[11.6952,-6.231]]}},{"type":"Feature","properties":{"strength":0.313},"geometry":{"type":"LineString","coordinates":[[17.6746,39.5881],[17.147,39.9935],[16.9712,40.5303]]}},{"type":"Feature","properties":{"strength":0.052},"geometry":{"type":"LineString","coordinates":[[149.3991,0.9672],[149.0474,0.6155],[149.2233,-0.0879]]}},{"type":"Feature","properties":{"strength":0.069},"geometry":{"type":"LineString","coordinates":[[-32.9751,34.1037],[-33.8544,33.3725]]}},{"type":"Feature","properties":{"strength":0.112},"geometry":{"type":"LineString","coordinates":[[-0.4397,63.7617],[-1.6707,63.2913],[-4.6605,61.7498]]}},{"type":"Feature","properties":{"strength":0.408},"geometry":{"type":"LineString","coordinates":[[-76.2384,18.7383],[-75.5349,18.0708]]}},{"type":"Feature","properties":{"strength":0.798},"geometry":{"type":"LineString","coordinates":[[120.5569,11.9591],[120.2052,12.9894],[119.6776,13.5029]]}},{"type":"Feature","properties":{"strength":0.142},"geometry":{"type":"LineString","coordinates":[[-151.8613,52.768],[-150.9819,52.2327],[-150.1026,52.2327]]}},{"type":"Feature","properties":{"strength":0.023},"geometry":{"type":"LineString","coordinates":[[-144.8266,48.6509],[-145.1783,48.5346],[-145.1783,48.3012]]}},{"type":"Feature","properties":{"strength":0.395},"geometry":{"type":"LineString","coordinates":[[-132.8676,48.184],[-132.8676,47.949],[-131.6365,46.998],[-130.5813,46.878]]}},{"type":"Feature","properties":{"strength":0.131},"geometry":{"type":"LineString","coordinates":[[-90.3078,27.1496],[-90.4836,27.306],[-90.3078,27.4622],[-90.1319,27.306],[-90.3078,27.1496]]}},{"type":"Feature","properties":{"strength":0.287},"geometry":{"type":"LineString","coordinates":[[-90.3078,27.1496],[-90.3078,26.5219]]}},{"type":"Feature","properties":{"strength":0.412},"geometry":{"type":"LineString","coordinates":[[14.3332,67.8596],[13.1021,67.1873],[12.0469,66.9819]]}},{"type":"Feature","properties":{"strength":0.053},"geometry":{"type":"LineString","coordinates":[[66.0381,-2.5492],[65.8622,-2.3735],[66.0381,-0.2638]]}},{"type":"Feature","properties":{"strength":0.103},"geometry":{"type":"LineString","coordinates":[[66.0381,-2.5492],[67.0933,-2.1978],[67.9726,-1.4947],[68.6761,-1.3189],[69.2037,-0.7914],[70.4348,-0.2638],[71.49,0.7914]]}},{"type":"Feature","properties":{"strength":0.027},"geometry":{"type":"LineString","coordinates":[[5.5398,-37.9427],[6.9468,-37.9427],[7.1226,-37.8039],[8.002,-37.9427],[14.3332,-37.9427]]}},{"type":"Feature","properties":{"strength":0.338},"geometry":{"type":"LineString","coordinates":[[109.4773,8.8459],[110.1808,8.1502],[110.1808,7.6276],[110.5325,7.2788]]}},{"type":"Feature","properties":{"strength":0.343},"geometry":{"type":"LineString","coordinates":[[-73.6004,23.0095],[-73.0728,23.6554]]}},{"type":"Feature","properties":{"strength":0.102},"geometry":{"type":"LineString","coordinates":[[-24.0059,-30.6893],[-19.9609,-30.9913],[-19.0816,-31.5924]]}},{"type":"Feature","properties":{"strength":0.118},"geometry":{"type":"LineString","coordinates":[[9.5848,-29.9301],[9.5848,-28.3945]]}},{"type":"Feature","properties":{"strength":0.07},"geometry":{"type":"LineString","coordinates":[[74.6556,-6.7552],[75.0073,-5.0058],[76.2384,-3.0762],[76.4143,-2.3735],[77.4695,-0.9672]]}},{"type":"Feature","properties":{"strength":0.091},"geometry":{"type":"LineString","coordinates":[[-172.7894,21.7084],[-171.0308,21.2173],[-170.1514,20.7247],[-167.5134,20.0653],[-165.2272,18.9048],[-163.9961,18.5717],[-163.4685,18.0708]]}},{"type":"Feature","properties":{"strength":0.14},"geometry":{"type":"LineString","coordinates":[[-82.5696,-5.181],[-83.2731,-5.181],[-83.6248,-4.6553]]}},{"type":"Feature","properties":{"strength":0.431},"geometry":{"type":"LineString","coordinates":[[45.9893,-13.3319],[45.4617,-13.8447],[45.1099,-13.8447]]}},{"type":"Feature","properties":{"strength":0.526},"geometry":{"type":"LineString","coordinates":[[177.5379,-39.5881],[178.2413,-39.1803],[178.2413,-38.9071],[178.5931,-38.6329],[178.7689,-37.5254],[177.0103,-36.8248]]}},{"type":"Feature","properties":{"strength":0.483},"geometry":{"type":"LineString","coordinates":[[177.5379,-39.5881],[177.362,-40.1281],[176.3068,-41.3275],[175.9551,-41.5911],[174.8999,-41.8536]]}},{"type":"Feature","properties":{"strength":0.553},"geometry":{"type":"LineString","coordinates":[[117.2154,-3.4274],[117.0396,-2.5492]]}},{"type":"Feature","properties":{"strength":0.707},"geometry":{"type":"LineString","coordinates":[[117.2154,-3.4274],[115.4568,-5.0058]]}},{"type":"Feature","properties":{"strength":0.148},"geometry":{"type":"LineString","coordinates":[[-2.7259,-28.3945],[-0.6155,-30.2345]]}},{"type":"Feature","properties":{"strength":0.154},"geometry":{"type":"LineString","coordinates":[[-137.2643,40.2624],[-136.5608,40.7971]]}},{"type":"Feature","properties":{"strength":0.646},"geometry":{"type":"LineString","coordinates":[[-63.2242,11.9591],[-64.4553,12.1311]]}},{"type":"Feature","properties":{"strength":0.758},"geometry":{"type":"LineString","coordinates":[[28.9301,40.9301],[27.1715,40.6638],[25.2369,39.8586]]}},{"type":"Feature","properties":{"strength":0.264},"geometry":{"type":"LineString","coordinates":[[10.1124,-16.7283],[10.2882,-16.8967],[10.2882,-18.4049]]}},{"type":"Feature","properties":{"strength":0.09},"geometry":{"type":"LineString","coordinates":[[60.5862,9.0197],[60.5862,8.3242]]}},{"type":"Feature","properties":{"strength":0.554},"geometry":{"type":"LineString","coordinates":[[1.1431,49.3432],[0.7914,49.5719],[0.2638,49.5719],[-0.4397,50.1388]]}},{"type":"Feature","properties":{"strength":0.164},"geometry":{"type":"LineString","coordinates":[[134.8021,-11.787],[134.2745,-11.787],[132.1641,-10.9249],[131.1089,-11.9591],[130.7572,-11.9591]]}},{"type":"Feature","properties":{"strength":0.623},"geometry":{"type":"LineString","coordinates":[[82.3937,5.8812],[82.5696,9.7138]]}},{"type":"Feature","properties":{"strength":0.072},"geometry":{"type":"LineString","coordinates":[[-77.1177,-19.7346],[-77.4695,-17.5686],[-77.2936,-17.4008],[-77.2936,-15.7151],[-76.9419,-15.3763]]}},{"type":"Feature","properties":{"strength":0.659},"geometry":{"type":"LineString","coordinates":[[-3.0777,53.5065],[-3.7811,53.8191],[-4.4846,53.9228]]}},{"type":"Feature","properties":{"strength":0.771},"geometry":{"type":"LineString","coordinates":[[120.5569,26.0489],[119.6776,26.993]]}},{"type":"Feature","properties":{"strength":0.88},"geometry":{"type":"LineString","coordinates":[[120.5569,26.0489],[121.4362,26.2068],[121.9638,26.6792]]}},{"type":"Feature","properties":{"strength":0.126},"geometry":{"type":"LineString","coordinates":[[-85.3835,45.9076],[-84.3283,45.9076]]}},{"type":"Feature","properties":{"strength":0.05},"geometry":{"type":"LineString","coordinates":[[-33.6786,29.3186],[-34.5579,29.9301]]}},{"type":"Feature","properties":{"strength":0.394},"geometry":{"type":"LineString","coordinates":[[-4.1329,46.1518],[-2.5501,47.2374],[-1.8466,47.3567]]}},{"type":"Feature","properties":{"strength":0.197},"geometry":{"type":"LineString","coordinates":[[-73.4245,-18.238],[-72.3693,-18.4049]]}},{"type":"Feature","properties":{"strength":0.082},"geometry":{"type":"LineString","coordinates":[[150.4543,27.6181],[149.3991,27.6181],[149.2233,27.7738]]}},{"type":"Feature","properties":{"strength":0.073},"geometry":{"type":"LineString","coordinates":[[48.6273,-2.1978],[48.2755,-1.8463],[47.2203,-2.0221]]}},{"type":"Feature","properties":{"strength":0.086},"geometry":{"type":"LineString","coordinates":[[48.6273,-2.1978],[49.1549,-1.3189]]}},{"type":"Feature","properties":{"strength":0.115},"geometry":{"type":"LineString","coordinates":[[-40.7132,31.5924],[-39.3063,30.2345],[-39.3063,29.9301]]}},{"type":"Feature","properties":{"strength":0.112},"geometry":{"type":"LineString","coordinates":[[-140.9575,54.4374],[-142.1886,54.4374],[-142.3644,54.5396],[-143.7714,54.4374]]}},{"type":"Feature","properties":{"strength":0.636},"geometry":{"type":"LineString","coordinates":[[-41.5926,-25.2562],[-41.5926,-23.3328],[-41.2408,-22.523],[-39.8339,-21.0533],[-38.427,-20.5601]]}},{"type":"Feature","properties":{"strength":0.237},"geometry":{"type":"LineString","coordinates":[[-92.0664,11.0975],[-92.4182,11.6148],[-93.4734,11.787],[-94.001,12.303]]}},{"type":"Feature","properties":{"strength":0.527},"geometry":{"type":"LineString","coordinates":[[0.7914,54.1294],[0.2638,53.8191],[-0.7914,53.8191]]}},{"type":"Feature","properties":{"strength":0.02},"geometry":{"type":"LineString","coordinates":[[-18.2022,48.767],[-19.4333,48.5346],[-20.3127,48.5346]]}},{"type":"Feature","properties":{"strength":0.444},"geometry":{"type":"LineString","coordinates":[[138.1436,33.6658],[137.7919,32.3384]]}},{"type":"Feature","properties":{"strength":0.059},"geometry":{"type":"LineString","coordinates":[[-69.5554,32.0407],[-69.7313,32.1897],[-69.9072,32.0407],[-69.7313,31.8915],[-69.5554,32.0407]]}},{"type":"Feature","properties":{"strength":0.485},"geometry":{"type":"LineString","coordinates":[[-80.2833,17.4008],[-81.8661,17.5686]]}},{"type":"Feature","properties":{"strength":0.327},"geometry":{"type":"LineString","coordinates":[[78.7005,3.4274],[77.4695,2.0221],[76.0625,1.6705]]}},{"type":"Feature","properties":{"strength":0.875},"geometry":{"type":"LineString","coordinates":[[117.5672,22.8475],[118.4465,23.9772],[119.15,24.1378]]}},{"type":"Feature","properties":{"strength":0.086},"geometry":{"type":"LineString","coordinates":[[-53.0239,28.5491],[-51.7929,27.6181]]}},{"type":"Feature","properties":{"strength":0.125},"geometry":{"type":"LineString","coordinates":[[-25.9404,-30.0824],[-26.2921,-29.7776],[-26.6439,-29.7776]]}},{"type":"Feature","properties":{"strength":0.108},"geometry":{"type":"LineString","coordinates":[[-121.2604,33.2255],[-122.1397,32.7831]]}},{"type":"Feature","properties":{"strength":0.466},"geometry":{"type":"LineString","coordinates":[[174.8999,-36.6839],[175.2516,-36.1177]]}},{"type":"Feature","properties":{"strength":0.088},"geometry":{"type":"LineString","coordinates":[[-58.1241,22.523],[-59.1793,23.6554]]}},{"type":"Feature","properties":{"strength":0.109},"geometry":{"type":"LineString","coordinates":[[2.3742,56.2375],[1.8466,56.5296]]}},{"type":"Feature","properties":{"strength":0.112},"geometry":{"type":"LineString","coordinates":[[-35.2614,29.9301],[-34.5579,29.9301]]}},{"type":"Feature","properties":{"strength":0.294},"geometry":{"type":"LineString","coordinates":[[75.7108,5.181],[77.2936,6.5805]]}},{"type":"Feature","properties":{"strength":0.503},"geometry":{"type":"LineString","coordinates":[[-67.7968,19.4032],[-66.9174,19.4032]]}},{"type":"Feature","properties":{"strength":0.563},"geometry":{"type":"LineString","coordinates":[[-67.7968,19.4032],[-68.3244,17.7361]]}},{"type":"Feature","properties":{"strength":0.05},"geometry":{"type":"LineString","coordinates":[[-30.5129,31.1419],[-29.6336,31.2923]]}},{"type":"Feature","properties":{"strength":0.038},"geometry":{"type":"LineString","coordinates":[[62.5208,-1.1431],[60.7621,-1.6705]]}},{"type":"Feature","properties":{"strength":0.228},"geometry":{"type":"LineString","coordinates":[[-60.0586,12.6464],[-59.531,12.4748],[-58.3,11.0975]]}},{"type":"Feature","properties":{"strength":0.287},"geometry":{"type":"LineString","coordinates":[[41.065,-10.9249],[40.8891,-10.0603]]}},{"type":"Feature","properties":{"strength":0.561},"geometry":{"type":"LineString","coordinates":[[126.8881,-2.3735],[125.6571,-2.9006]]}},{"type":"Feature","properties":{"strength":0.418},"geometry":{"type":"LineString","coordinates":[[-3.0777,58.8777],[-3.957,58.8777],[-4.6605,59.2394]]}},{"type":"Feature","properties":{"strength":0.062},"geometry":{"type":"LineString","coordinates":[[-36.4924,29.6248],[-36.8442,29.9301],[-37.3718,29.9301]]}},{"type":"Feature","properties":{"strength":0.036},"geometry":{"type":"LineString","coordinates":[[-36.4924,29.6248],[-35.789,29.9301]]}},{"type":"Feature","properties":{"strength":0.101},"geometry":{"type":"LineString","coordinates":[[47.5721,-5.3561],[47.5721,-4.6553],[47.9238,-4.3047]]}},{"type":"Feature","properties":{"strength":0.045},"geometry":{"type":"LineString","coordinates":[[65.5105,-2.9006],[65.3346,-2.0221]]}},{"type":"Feature","properties":{"strength":0.037},"geometry":{"type":"LineString","coordinates":[[149.575,29.0115],[148.6957,28.2396]]}},{"type":"Feature","properties":{"strength":0.035},"geometry":{"type":"LineString","coordinates":[[47.5721,-10.5793],[46.8686,-11.0975],[46.5169,-11.0975]]}},{"type":"Feature","properties":{"strength":0.105},"geometry":{"type":"LineString","coordinates":[[-31.744,30.8404],[-32.6234,30.3863],[-33.8544,30.0824]]}},{"type":"Feature","properties":{"strength":0.363},"geometry":{"type":"LineString","coordinates":[[-81.1627,23.8164],[-80.8109,23.4942],[-79.404,23.3328]]}},{"type":"Feature","properties":{"strength":0.188},"geometry":{"type":"LineString","coordinates":[[-72.1935,30.6893],[-71.8417,30.6893],[-71.1383,30.0824]]}},{"type":"Feature","properties":{"strength":0.095},"geometry":{"type":"LineString","coordinates":[[168.041,46.3949],[167.8652,45.9076]]}},{"type":"Feature","properties":{"strength":0.265},"geometry":{"type":"LineString","coordinates":[[-131.6365,49.1135],[-132.34,48.767]]}},{"type":"Feature","properties":{"strength":0.174},"geometry":{"type":"LineString","coordinates":[[-36.6683,-21.7084],[-33.6786,-22.6853]]}},{"type":"Feature","properties":{"strength":0.071},"geometry":{"type":"LineString","coordinates":[[127.4157,-4.8306],[128.1192,-4.6553]]}},{"type":"Feature","properties":{"strength":0.149},"geometry":{"type":"LineString","coordinates":[[127.4157,-4.8306],[126.7123,-5.181],[125.6571,-5.0058]]}},{"type":"Feature","properties":{"strength":0.018},"geometry":{"type":"LineString","coordinates":[[-32.9751,29.3186],[-32.2716,29.3186],[-31.0405,29.7776]]}},{"type":"Feature","properties":{"strength":0.276},"geometry":{"type":"LineString","coordinates":[[128.4709,13.1607],[128.4709,14.3564],[128.1192,15.5458]]}},{"type":"Feature","properties":{"strength":0.051},"geometry":{"type":"LineString","coordinates":[[-25.0611,30.6893],[-25.4128,30.3863],[-25.7645,30.3863]]}},{"type":"Feature","properties":{"strength":0.171},"geometry":{"type":"LineString","coordinates":[[50.2101,-6.0561],[50.0342,-6.7552],[49.5066,-7.2788]]}},{"type":"Feature","properties":{"strength":0.067},"geometry":{"type":"LineString","coordinates":[[-84.3283,-2.0221],[-85.2076,-1.6705],[-85.5594,-1.8463]]}},{"type":"Feature","properties":{"strength":0.453},"geometry":{"type":"LineString","coordinates":[[21.3679,59.5973],[21.3679,60.1271],[21.5437,60.2146]]}},{"type":"Feature","properties":{"strength":0.28},"geometry":{"type":"LineString","coordinates":[[-21.0161,38.6329],[-22.2472,39.5881],[-22.2472,39.9935]]}},{"type":"Feature","properties":{"strength":0.21},"geometry":{"type":"LineString","coordinates":[[-21.0161,38.6329],[-18.9057,40.3965]]}},{"type":"Feature","properties":{"strength":0.2},"geometry":{"type":"LineString","coordinates":[[-21.0161,38.6329],[-21.0161,37.8039],[-20.8403,37.6648]]}},{"type":"Feature","properties":{"strength":0.277},"geometry":{"type":"LineString","coordinates":[[-69.7313,13.6739],[-70.6106,14.3564]]}},{"type":"Feature","properties":{"strength":0.403},"geometry":{"type":"LineString","coordinates":[[-69.7313,13.6739],[-68.852,13.6739]]}},{"type":"Feature","properties":{"strength":0.342},"geometry":{"type":"LineString","coordinates":[[-69.7313,13.6739],[-70.6106,12.818],[-70.6106,11.787],[-71.3141,11.4425],[-71.6659,11.0975],[-71.6659,10.7522]]}},{"type":"Feature","properties":{"strength":0.749},"geometry":{"type":"LineString","coordinates":[[23.3024,34.2492],[22.4231,34.2492],[21.7196,34.8287]]}},{"type":"Feature","properties":{"strength":0.082},"geometry":{"type":"LineString","coordinates":[[-101.2115,13.5029],[-101.915,14.186],[-101.915,14.5267],[-102.4426,15.2066],[-102.4426,15.5458],[-101.7391,16.2224]]}},{"type":"Feature","properties":{"strength":0.564},"geometry":{"type":"LineString","coordinates":[[124.2501,39.8586],[123.7225,39.3165],[123.5467,38.7701]]}},{"type":"Feature","properties":{"strength":0.169},"geometry":{"type":"LineString","coordinates":[[-127.4157,47.5944],[-129.5261,47.5944],[-130.4055,46.998]]}},{"type":"Feature","properties":{"strength":0.502},"geometry":{"type":"LineString","coordinates":[[125.3053,-7.9761],[124.426,-8.8459],[123.8984,-8.8459]]}},{"type":"Feature","properties":{"strength":0.48},"geometry":{"type":"LineString","coordinates":[[-85.7352,8.6721],[-84.8559,9.5404],[-84.8559,9.8871]]}},{"type":"Feature","properties":{"strength":0.475},"geometry":{"type":"LineString","coordinates":[[-42.9995,-0.4397],[-44.0547,-1.4947],[-44.4064,-2.3735]]}},{"type":"Feature","properties":{"strength":0.532},"geometry":{"type":"LineString","coordinates":[[19.2574,55.0465],[20.1368,54.7431]]}},{"type":"Feature","properties":{"strength":0.172},"geometry":{"type":"LineString","coordinates":[[8.3537,-12.303],[8.7054,-13.1607],[9.4089,-13.6739]]}},{"type":"Feature","properties":{"strength":0.229},"geometry":{"type":"LineString","coordinates":[[-129.3503,35.9755],[-126.5364,38.2195],[-125.8329,38.2195],[-125.1295,38.6329]]}},{"type":"Feature","properties":{"strength":0.052},"geometry":{"type":"LineString","coordinates":[[176.6585,-35.9755],[176.3068,-35.1169],[175.7792,-34.6842],[175.2516,-34.6842]]}},{"type":"Feature","properties":{"strength":0.086},"geometry":{"type":"LineString","coordinates":[[4.1329,-0.4397],[4.1329,0.6155]]}},{"type":"Feature","properties":{"strength":0.778},"geometry":{"type":"LineString","coordinates":[[107.191,-4.6553],[107.0151,-3.9539]]}},{"type":"Feature","properties":{"strength":0.076},"geometry":{"type":"LineString","coordinates":[[147.6404,24.9377],[147.6404,25.8908],[147.1128,26.993],[147.1128,27.6181],[147.6404,28.0846]]}},{"type":"Feature","properties":{"strength":0.145},"geometry":{"type":"LineString","coordinates":[[-34.5579,29.9301],[-33.8544,30.0824]]}},{"type":"Feature","properties":{"strength":0.198},"geometry":{"type":"LineString","coordinates":[[76.5901,3.2518],[75.8867,2.3735]]}},{"type":"Feature","properties":{"strength":0.265},"geometry":{"type":"LineString","coordinates":[[117.0396,-12.303],[117.2154,-12.818],[116.512,-13.5029]]}},{"type":"Feature","properties":{"strength":0.384},"geometry":{"type":"LineString","coordinates":[[141.661,-0.9672],[141.3092,-1.3189],[140.0782,-1.3189],[138.4954,-0.6155]]}},{"type":"Feature","properties":{"strength":0.29},"geometry":{"type":"LineString","coordinates":[[-73.0728,-33.6658],[-73.6004,-36.4013],[-74.128,-36.8248],[-74.128,-37.3858],[-74.4797,-38.0812],[-74.3039,-39.1803],[-74.4797,-39.3165],[-74.6556,-41.4594]]}},{"type":"Feature","properties":{"strength":0.028},"geometry":{"type":"LineString","coordinates":[[67.2692,3.2518],[67.9726,3.2518],[69.3796,3.7784]]}},{"type":"Feature","properties":{"strength":0.527},"geometry":{"type":"LineString","coordinates":[[-117.9189,32.6351],[-118.2706,33.3725],[-118.7982,33.5193]]}},{"type":"Feature","properties":{"strength":0.367},"geometry":{"type":"LineString","coordinates":[[-1.319,56.5296],[-1.319,56.9155],[-0.9673,57.2024]]}},{"type":"Feature","properties":{"strength":0.125},"geometry":{"type":"LineString","coordinates":[[-165.5789,46.998],[-166.4582,46.3949],[-166.4582,45.6623],[-166.6341,45.5393]]}},{"type":"Feature","properties":{"strength":0.253},"geometry":{"type":"LineString","coordinates":[[-63.576,19.0711],[-62.5208,19.0711],[-62.3449,18.7383]]}},{"type":"Feature","properties":{"strength":0.576},"geometry":{"type":"LineString","coordinates":[[50.3859,13.5029],[51.617,14.0154],[52.4963,14.0154],[55.3102,14.6969],[55.8378,15.0369],[56.893,15.0369],[57.9482,14.3564]]}},{"type":"Feature","properties":{"strength":0.195},"geometry":{"type":"LineString","coordinates":[[0.6155,57.9567],[0.6155,58.1428],[1.319,58.5122]]}},{"type":"Feature","properties":{"strength":0.428},"geometry":{"type":"LineString","coordinates":[[142.3644,7.6276],[142.0127,9.3669]]}},{"type":"Feature","properties":{"strength":0.363},"geometry":{"type":"LineString","coordinates":[[-71.49,39.3165],[-71.49,41.5911]]}},{"type":"Feature","properties":{"strength":0.18},"geometry":{"type":"LineString","coordinates":[[91.0112,-14.3564],[94.5286,-12.303]]}},{"type":"Feature","properties":{"strength":0.265},"geometry":{"type":"LineString","coordinates":[[-151.8613,52.8743],[-149.3991,54.335]]}},{"type":"Feature","properties":{"strength":0.279},"geometry":{"type":"LineString","coordinates":[[139.1988,20.0653],[137.616,24.4584],[137.4402,25.7325],[137.0884,26.0489]]}},{"type":"Feature","properties":{"strength":0.407},"geometry":{"type":"LineString","coordinates":[[5.5398,-34.6842],[6.2433,-35.2607]]}},{"type":"Feature","properties":{"strength":0.178},"geometry":{"type":"LineString","coordinates":[[-55.8378,51.9084],[-57.4206,51.2527],[-59.3552,50.0259],[-59.7069,50.1388],[-59.8828,50.0259],[-64.6312,50.1388],[-65.1588,49.7994]]}},{"type":"Feature","properties":{"strength":0.51},"geometry":{"type":"LineString","coordinates":[[40.0098,-4.48],[40.5374,-3.9539]]}},{"type":"Feature","properties":{"strength":0.845},"geometry":{"type":"LineString","coordinates":[[121.2604,38.6329],[121.4362,38.4954],[123.1949,38.3576]]}},{"type":"Feature","properties":{"strength":0.144},"geometry":{"type":"LineString","coordinates":[[5.7157,-13.8447],[7.6502,-16.3912],[8.8813,-17.2329]]}},{"type":"Feature","properties":{"strength":0.865},"geometry":{"type":"LineString","coordinates":[[11.1676,57.6757],[11.6952,57.2024],[11.5193,56.7231]]}},{"type":"Feature","properties":{"strength":0.243},"geometry":{"type":"LineString","coordinates":[[-94.3527,26.8362],[-94.001,26.8362],[-92.9458,26.0489]]}},{"type":"Feature","properties":{"strength":0.269},"geometry":{"type":"LineString","coordinates":[[70.7865,-17.9036],[68.1485,-15.5458]]}},{"type":"Feature","properties":{"strength":0.103},"geometry":{"type":"LineString","coordinates":[[-29.2819,6.4058],[-28.2267,6.0561]]}},{"type":"Feature","properties":{"strength":0.314},"geometry":{"type":"LineString","coordinates":[[-6.595,58.8777],[-5.8915,58.8777]]}},{"type":"Feature","properties":{"strength":0.076},"geometry":{"type":"LineString","coordinates":[[45.8134,-7.4532],[45.1099,-6.7552],[44.0547,-6.7552]]}},{"type":"Feature","properties":{"strength":0.035},"geometry":{"type":"LineString","coordinates":[[-169.0962,44.92],[-168.5686,45.416]]}},{"type":"Feature","properties":{"strength":0.049},"geometry":{"type":"LineString","coordinates":[[-37.3718,13.3319],[-37.7235,13.1607],[-38.6028,11.9591]]}},{"type":"Feature","properties":{"strength":0.235},"geometry":{"type":"LineString","coordinates":[[16.9712,69.0854],[17.8505,69.3351],[18.0264,69.5205]]}},{"type":"Feature","properties":{"strength":0.282},"geometry":{"type":"LineString","coordinates":[[128.1192,-0.9672],[127.2399,-0.9672],[127.064,-1.1431]]}},{"type":"Feature","properties":{"strength":0.446},"geometry":{"type":"LineString","coordinates":[[138.8471,9.8871],[139.1988,9.3669],[139.3747,8.3242]]}},{"type":"Feature","properties":{"strength":0.219},"geometry":{"type":"LineString","coordinates":[[-35.4372,40.9301],[-36.1407,40.2624]]}},{"type":"Feature","properties":{"strength":0.216},"geometry":{"type":"LineString","coordinates":[[25.0611,40.2624],[25.7645,40.7971]]}},{"type":"Feature","properties":{"strength":0.112},"geometry":{"type":"LineString","coordinates":[[130.0537,24.4584],[129.5261,23.9772],[129.5261,22.1977]]}},{"type":"Feature","properties":{"strength":0.08},"geometry":{"type":"LineString","coordinates":[[-135.5056,33.3725],[-134.4504,33.958],[-133.9228,34.1037],[-133.7469,33.958]]}},{"type":"Feature","properties":{"strength":0.431},"geometry":{"type":"LineString","coordinates":[[82.3937,9.8871],[81.1627,11.0975],[80.9868,12.818]]}},{"type":"Feature","properties":{"strength":0.614},"geometry":{"type":"LineString","coordinates":[[-9.7606,38.2195],[-12.5745,36.1177]]}},{"type":"Feature","properties":{"strength":0.035},"geometry":{"type":"LineString","coordinates":[[-28.7543,48.3012],[-27.8749,47.949],[-27.6991,48.0666]]}},{"type":"Feature","properties":{"strength":0.611},"geometry":{"type":"LineString","coordinates":[[126.8881,-1.3189],[126.8881,-2.1978]]}},{"type":"Feature","properties":{"strength":0.239},"geometry":{"type":"LineString","coordinates":[[-124.7777,31.2923],[-124.6019,30.9913],[-124.0743,30.8404],[-124.0743,30.5379]]}},{"type":"Feature","properties":{"strength":0.274},"geometry":{"type":"LineString","coordinates":[[-82.2179,12.6464],[-82.042,13.3319]]}},{"type":"Feature","properties":{"strength":0.156},"geometry":{"type":"LineString","coordinates":[[-83.2731,6.5805],[-83.8007,6.7552],[-83.8007,7.2788]]}},{"type":"Feature","properties":{"strength":0.116},"geometry":{"type":"LineString","coordinates":[[-83.2731,6.5805],[-82.9213,6.231],[-82.5696,6.231],[-82.2179,6.7552]]}},{"type":"Feature","properties":{"strength":0.621},"geometry":{"type":"LineString","coordinates":[[146.4094,-39.1803],[146.937,-39.0438],[147.2887,-39.1803]]}},{"type":"Feature","properties":{"strength":0.048},"geometry":{"type":"LineString","coordinates":[[-39.8339,6.0561],[-39.3063,6.9298],[-39.4822,7.2788]]}},{"type":"Feature","properties":{"strength":0.354},"geometry":{"type":"LineString","coordinates":[[-56.7171,45.0444],[-56.0137,44.294],[-55.8378,43.7883]]}},{"type":"Feature","properties":{"strength":0.782},"geometry":{"type":"LineString","coordinates":[[56.0137,26.5219],[53.9033,25.7325]]}},{"type":"Feature","properties":{"strength":0.387},"geometry":{"type":"LineString","coordinates":[[5.5398,38.9071],[4.6605,38.2195],[1.8466,38.2195],[1.6707,38.0812]]}},{"type":"Feature","properties":{"strength":0.033},"geometry":{"type":"LineString","coordinates":[[55.1343,8.8459],[54.255,8.6721],[54.0791,8.1502]]}},{"type":"Feature","properties":{"strength":0.127},"geometry":{"type":"LineString","coordinates":[[58.1241,5.7062],[59.0034,5.8812]]}},{"type":"Feature","properties":{"strength":0.515},"geometry":{"type":"LineString","coordinates":[[151.1578,-22.3604],[149.9267,-21.0533]]}},{"type":"Feature","properties":{"strength":0.109},"geometry":{"type":"LineString","coordinates":[[77.9971,-27.7738],[78.3488,-27.7738],[79.9316,-26.993],[80.9868,-26.0489],[88.3732,-20.8891],[94.1768,-16.2224],[95.0562,-15.0369]]}},{"type":"Feature","properties":{"strength":0.667},"geometry":{"type":"LineString","coordinates":[[109.6532,21.5449],[108.9497,20.8891]]}},{"type":"Feature","properties":{"strength":0.454},"geometry":{"type":"LineString","coordinates":[[103.4978,7.8019],[103.1461,8.3242],[103.1461,8.8459]]}},{"type":"Feature","properties":{"strength":0.261},"geometry":{"type":"LineString","coordinates":[[-21.192,35.6903],[-24.0059,37.9427],[-24.5335,37.9427]]}},{"type":"Feature","properties":{"strength":0.356},"geometry":{"type":"LineString","coordinates":[[82.7455,13.1607],[82.7455,15.0369],[82.5696,15.2066]]}},{"type":"Feature","properties":{"strength":0.294},"geometry":{"type":"LineString","coordinates":[[126.1847,17.7361],[126.1847,19.4032]]}},{"type":"Feature","properties":{"strength":0.101},"geometry":{"type":"LineString","coordinates":[[-47.0445,29.0115],[-47.0445,31.4425]]}},{"type":"Feature","properties":{"strength":0.169},"geometry":{"type":"LineString","coordinates":[[64.807,-27.4622],[64.2794,-27.4622],[63.9277,-27.7738]]}},{"type":"Feature","properties":{"strength":0.665},"geometry":{"type":"LineString","coordinates":[[77.6453,6.5805],[78.1729,5.8812]]}},{"type":"Feature","properties":{"strength":0.439},"geometry":{"type":"LineString","coordinates":[[152.7406,-23.8164],[153.9717,-24.4584]]}},{"type":"Feature","properties":{"strength":0.148},"geometry":{"type":"LineString","coordinates":[[-19.6092,28.7034],[-19.2574,29.4719]]}},{"type":"Feature","properties":{"strength":0.28},"geometry":{"type":"LineString","coordinates":[[-19.6092,28.7034],[-20.6644,27.7738],[-21.0161,26.993],[-21.7196,26.3645],[-21.7196,26.0489],[-22.4231,25.2562]]}},{"type":"Feature","properties":{"strength":0.193},"geometry":{"type":"LineString","coordinates":[[-170.1514,46.3949],[-170.1514,48.767]]}},{"type":"Feature","properties":{"strength":0.429},"geometry":{"type":"LineString","coordinates":[[128.8227,-0.9672],[129.1744,-0.4397],[128.9985,0.2638]]}},{"type":"Feature","properties":{"strength":0.286},"geometry":{"type":"LineString","coordinates":[[-77.9971,10.4064],[-77.9971,9.8871],[-77.2936,9.0197]]}},{"type":"Feature","properties":{"strength":0.2},"geometry":{"type":"LineString","coordinates":[[-139.3747,40.2624],[-140.4299,41.1953]]}},{"type":"Feature","properties":{"strength":0.189},"geometry":{"type":"LineString","coordinates":[[-139.3747,40.2624],[-137.4402,40.1281]]}},{"type":"Feature","properties":{"strength":0.276},"geometry":{"type":"LineString","coordinates":[[-135.6815,48.8828],[-134.2745,49.7994],[-134.4504,50.0259],[-135.3298,50.0259],[-136.5608,49.2285]]}},{"type":"Feature","properties":{"strength":0.086},"geometry":{"type":"LineString","coordinates":[[-75.0073,-25.8908],[-75.1832,-26.3645],[-74.8315,-27.306],[-74.6556,-29.6248],[-74.128,-31.4425],[-74.128,-33.0783]]}},{"type":"Feature","properties":{"strength":0.23},"geometry":{"type":"LineString","coordinates":[[142.5403,30.2345],[139.1988,30.2345]]}},{"type":"Feature","properties":{"strength":0.29},"geometry":{"type":"LineString","coordinates":[[22.4231,65.5671],[23.1265,65.2008]]}},{"type":"Feature","properties":{"strength":0.407},"geometry":{"type":"LineString","coordinates":[[115.6326,-12.4748],[114.9292,-12.9894],[114.7533,-14.0154]]}},{"type":"Feature","properties":{"strength":0.165},"geometry":{"type":"LineString","coordinates":[[154.3234,39.8586],[151.5095,41.9845]]}},{"type":"Feature","properties":{"strength":0.455},"geometry":{"type":"LineString","coordinates":[[112.9946,-27.9293],[113.5222,-27.9293],[114.4016,-28.8576]]}},{"type":"Feature","properties":{"strength":0.15},"geometry":{"type":"LineString","coordinates":[[-48.6273,29.6248],[-48.4514,29.7776],[-48.4514,30.6893],[-48.0997,30.8404]]}},{"type":"Feature","properties":{"strength":0.632},"geometry":{"type":"LineString","coordinates":[[148.3439,-6.7552],[149.2233,-6.7552],[149.3991,-6.9298]]}},{"type":"Feature","properties":{"strength":0.063},"geometry":{"type":"LineString","coordinates":[[-178.4172,46.998],[-178.9448,46.637]]}},{"type":"Feature","properties":{"strength":0.284},"geometry":{"type":"LineString","coordinates":[[4.8363,2.5492],[5.3639,3.0762],[6.7709,3.0762]]}},{"type":"Feature","properties":{"strength":0.35},"geometry":{"type":"LineString","coordinates":[[16.4436,68.9595],[16.4436,68.6415]]}},{"type":"Feature","properties":{"strength":0.495},"geometry":{"type":"LineString","coordinates":[[16.4436,58.6954],[17.3229,58.6954],[18.0264,58.328]]}},{"type":"Feature","properties":{"strength":0.075},"geometry":{"type":"LineString","coordinates":[[-44.7582,7.1043],[-44.7582,5.8812]]}},{"type":"Feature","properties":{"strength":0.527},"geometry":{"type":"LineString","coordinates":[[-87.318,10.4064],[-86.4387,9.5404],[-86.6146,9.0197]]}},{"type":"Feature","properties":{"strength":0.331},"geometry":{"type":"LineString","coordinates":[[-25.9404,17.4008],[-25.5887,18.4049]]}},{"type":"Feature","properties":{"strength":0.286},"geometry":{"type":"LineString","coordinates":[[-2.3742,45.9076],[-3.957,46.0298]]}},{"type":"Feature","properties":{"strength":0.586},"geometry":{"type":"LineString","coordinates":[[121.6121,7.4532],[121.788,8.6721]]}},{"type":"Feature","properties":{"strength":0.314},"geometry":{"type":"LineString","coordinates":[[33.151,69.2106],[33.5027,69.4589]]}},{"type":"Feature","properties":{"strength":0.055},"geometry":{"type":"LineString","coordinates":[[-18.3781,63.2121],[-16.6194,63.1327]]}},{"type":"Feature","properties":{"strength":0.358},"geometry":{"type":"LineString","coordinates":[[-76.5901,-15.3763],[-76.0625,-16.0534]]}},{"type":"Feature","properties":{"strength":0.119},"geometry":{"type":"LineString","coordinates":[[-4.4846,2.5492],[-5.5398,1.6705],[-5.7157,1.1431]]}},{"type":"Feature","properties":{"strength":0.178},"geometry":{"type":"LineString","coordinates":[[158.8959,45.1685],[157.3131,44.5452],[156.9614,44.5452],[156.7855,44.294]]}},{"type":"Feature","properties":{"strength":0.138},"geometry":{"type":"LineString","coordinates":[[-45.9893,6.7552],[-46.6927,6.0561]]}},{"type":"Feature","properties":{"strength":0.415},"geometry":{"type":"LineString","coordinates":[[-122.4915,34.3945],[-121.4362,34.1037]]}},{"type":"Feature","properties":{"strength":0.549},"geometry":{"type":"LineString","coordinates":[[20.1368,58.7867],[20.4885,58.9685],[20.4885,59.2394]]}},{"type":"Feature","properties":{"strength":0.621},"geometry":{"type":"LineString","coordinates":[[52.6722,26.0489],[53.3757,26.0489],[53.7274,25.7325]]}},{"type":"Feature","properties":{"strength":0.103},"geometry":{"type":"LineString","coordinates":[[-38.427,37.9427],[-36.4924,39.4524],[-36.4924,39.9935]]}},{"type":"Feature","properties":{"strength":0.624},"geometry":{"type":"LineString","coordinates":[[29.9853,42.5052],[29.9853,42.2454],[29.106,41.4594],[29.106,41.0628]]}},{"type":"Feature","properties":{"strength":0.663},"geometry":{"type":"LineString","coordinates":[[100.5081,13.8447],[100.6839,12.303]]}},{"type":"Feature","properties":{"strength":0.292},"geometry":{"type":"LineString","coordinates":[[63.7518,17.9036],[66.214,20.2304]]}},{"type":"Feature","properties":{"strength":0.218},"geometry":{"type":"LineString","coordinates":[[50.9135,-5.0058],[50.0342,-4.1293]]}},{"type":"Feature","properties":{"strength":0.338},"geometry":{"type":"LineString","coordinates":[[122.3156,-2.1978],[122.4915,-1.4947],[123.0191,-0.9672],[123.3708,-0.9672]]}},{"type":"Feature","properties":{"strength":0.072},"geometry":{"type":"LineString","coordinates":[[-90.6595,23.1713],[-91.5388,23.8164]]}},{"type":"Feature","properties":{"strength":0.381},"geometry":{"type":"LineString","coordinates":[[123.1949,5.8812],[123.1949,5.3561],[123.8984,4.48]]}},{"type":"Feature","properties":{"strength":0.131},"geometry":{"type":"LineString","coordinates":[[-57.0689,19.0711],[-58.1241,18.4049],[-59.1793,18.0708],[-59.8828,17.4008]]}},{"type":"Feature","properties":{"strength":0.265},"geometry":{"type":"LineString","coordinates":[[171.2066,46.998],[171.7342,47.3567],[174.724,47.3567]]}},{"type":"Feature","properties":{"strength":0.22},"geometry":{"type":"LineString","coordinates":[[171.2066,46.998],[168.3928,46.998]]}},{"type":"Feature","properties":{"strength":0.281},"geometry":{"type":"LineString","coordinates":[[-84.1524,46.0298],[-84.1524,46.2735],[-85.2076,46.998],[-87.4939,47.7129]]}},{"type":"Feature","properties":{"strength":0.044},"geometry":{"type":"LineString","coordinates":[[-143.4196,46.878],[-140.6058,45.416]]}},{"type":"Feature","properties":{"strength":0.073},"geometry":{"type":"LineString","coordinates":[[134.6263,0.4397],[135.5056,0.2638]]}},{"type":"Feature","properties":{"strength":0.129},"geometry":{"type":"LineString","coordinates":[[134.6263,42.1151],[133.7469,41.8536]]}},{"type":"Feature","properties":{"strength":0.026},"geometry":{"type":"LineString","coordinates":[[-25.9404,30.9913],[-25.0611,30.8404]]}},{"type":"Feature","properties":{"strength":0.711},"geometry":{"type":"LineString","coordinates":[[5.7157,55.1472],[7.1226,54.335],[8.002,54.2324]]}},{"type":"Feature","properties":{"strength":0.24},"geometry":{"type":"LineString","coordinates":[[127.5916,3.0762],[128.6468,3.0762],[128.8227,3.2518]]}},{"type":"Feature","properties":{"strength":0.152},"geometry":{"type":"LineString","coordinates":[[151.3337,38.6329],[148.6957,40.6638]]}},{"type":"Feature","properties":{"strength":0.023},"geometry":{"type":"LineString","coordinates":[[-144.8266,54.5396],[-144.8266,54.9457]]}},{"type":"Feature","properties":{"strength":0.369},"geometry":{"type":"LineString","coordinates":[[117.3913,18.238],[116.8637,18.7383],[114.9292,18.7383]]}},{"type":"Feature","properties":{"strength":0.59},"geometry":{"type":"LineString","coordinates":[[-13.278,31.1419],[-12.9262,30.8404],[-13.1021,29.7776]]}},{"type":"Feature","properties":{"strength":0.752},"geometry":{"type":"LineString","coordinates":[[119.3258,3.9539],[119.6776,4.3047],[119.5017,5.181]]}},{"type":"Feature","properties":{"strength":0.436},"geometry":{"type":"LineString","coordinates":[[-64.807,12.4748],[-65.1588,12.818],[-66.0381,12.818],[-66.5657,13.1607]]}},{"type":"Feature","properties":{"strength":0.437},"geometry":{"type":"LineString","coordinates":[[-61.9932,11.27],[-61.9932,10.4064],[-61.6414,10.0603],[-60.2345,9.7138]]}},{"type":"Feature","properties":{"strength":0.121},"geometry":{"type":"LineString","coordinates":[[-42.1202,26.993],[-42.8236,26.8362],[-46.6927,24.9377]]}},{"type":"Feature","properties":{"strength":0.586},"geometry":{"type":"LineString","coordinates":[[32.9751,43.4062],[36.1407,43.4062]]}},{"type":"Feature","properties":{"strength":0.183},"geometry":{"type":"LineString","coordinates":[[121.4362,-5.8812],[119.8534,-7.2788]]}},{"type":"Feature","properties":{"strength":0.281},"geometry":{"type":"LineString","coordinates":[[-8.3537,-32.9308],[-5.8915,-34.8287],[-3.4294,-34.8287]]}},{"type":"Feature","properties":{"strength":0.255},"geometry":{"type":"LineString","coordinates":[[54.9585,-30.2345],[55.6619,-30.0824]]}},{"type":"Feature","properties":{"strength":0.339},"geometry":{"type":"LineString","coordinates":[[147.8163,-7.1043],[146.937,-6.7552]]}},{"type":"Feature","properties":{"strength":0.215},"geometry":{"type":"LineString","coordinates":[[160.6546,49.3432],[158.8959,50.4757],[159.0718,51.6909]]}},{"type":"Feature","properties":{"strength":0.583},"geometry":{"type":"LineString","coordinates":[[68.5002,18.4049],[70.4348,20.2304],[71.8417,20.3954]]}},{"type":"Feature","properties":{"strength":0.149},"geometry":{"type":"LineString","coordinates":[[-72.1935,34.9729],[-72.0176,35.5474],[-71.1383,36.2596]]}},{"type":"Feature","properties":{"strength":0.02},"geometry":{"type":"LineString","coordinates":[[-164.172,31.1419],[-164.3478,30.9913],[-165.2272,31.1419],[-167.3376,30.9913]]}},{"type":"Feature","properties":{"strength":0.113},"geometry":{"type":"LineString","coordinates":[[-82.9213,15.7151],[-82.2179,15.0369]]}},{"type":"Feature","properties":{"strength":0.15},"geometry":{"type":"LineString","coordinates":[[-62.169,41.7225],[-61.2897,43.7883],[-61.6414,44.168]]}},{"type":"Feature","properties":{"strength":0.117},"geometry":{"type":"LineString","coordinates":[[29.9853,-34.5395],[31.5681,-35.833],[33.5027,-35.6903]]}},{"type":"Feature","properties":{"strength":0.099},"geometry":{"type":"LineString","coordinates":[[-18.9057,32.4869],[-19.2574,31.4425]]}},{"type":"Feature","properties":{"strength":0.449},"geometry":{"type":"LineString","coordinates":[[114.9292,21.2173],[115.6326,21.8717],[117.2154,21.8717],[117.5672,22.0348]]}},{"type":"Feature","properties":{"strength":0.15},"geometry":{"type":"LineString","coordinates":[[-169.2721,44.4197],[-167.5134,44.168]]}},{"type":"Feature","properties":{"strength":0.164},"geometry":{"type":"LineString","coordinates":[[26.6439,59.9514],[27.3473,59.5973],[27.6991,59.6862]]}},{"type":"Feature","properties":{"strength":0.235},"geometry":{"type":"LineString","coordinates":[[118.7982,-7.4532],[117.9189,-6.7552]]}},{"type":"Feature","properties":{"strength":0.281},"geometry":{"type":"LineString","coordinates":[[17.6746,62.4899],[18.3781,62.4086]]}},{"type":"Feature","properties":{"strength":0.329},"geometry":{"type":"LineString","coordinates":[[60.2345,19.2372],[60.5862,20.8891],[62.3449,22.523]]}},{"type":"Feature","properties":{"strength":0.166},"geometry":{"type":"LineString","coordinates":[[151.3337,41.9845],[150.9819,41.9845],[149.7509,41.4594]]}},{"type":"Feature","properties":{"strength":0.029},"geometry":{"type":"LineString","coordinates":[[142.5403,25.2562],[141.4851,25.0971]]}},{"type":"Feature","properties":{"strength":0.392},"geometry":{"type":"LineString","coordinates":[[111.7636,-4.8306],[112.9946,-3.6029],[112.9946,-2.7249]]}},{"type":"Feature","properties":{"strength":0.341},"geometry":{"type":"LineString","coordinates":[[124.6019,12.9894],[125.3053,12.9894],[127.9433,15.5458]]}},{"type":"Feature","properties":{"strength":0.465},"geometry":{"type":"LineString","coordinates":[[-60.4104,13.5029],[-61.6414,13.6739]]}},{"type":"Feature","properties":{"strength":0.115},"geometry":{"type":"LineString","coordinates":[[146.2335,26.6792],[146.2335,27.1496],[145.8818,27.6181],[145.8818,29.4719]]}},{"type":"Feature","properties":{"strength":0.044},"geometry":{"type":"LineString","coordinates":[[173.317,-31.8915],[174.5481,-33.2255],[174.724,-33.958]]}},{"type":"Feature","properties":{"strength":0.07},"geometry":{"type":"LineString","coordinates":[[-37.02,44.4197],[-37.3718,44.0417],[-38.2511,43.9151]]}},{"type":"Feature","properties":{"strength":0.266},"geometry":{"type":"LineString","coordinates":[[-171.5584,47.2374],[-171.5584,48.3012]]}},{"type":"Feature","properties":{"strength":0.189},"geometry":{"type":"LineString","coordinates":[[135.5056,27.6181],[137.9678,27.6181]]}},{"type":"Feature","properties":{"strength":0.082},"geometry":{"type":"LineString","coordinates":[[-167.6893,50.4757],[-166.6341,51.2527],[-164.5237,51.2527]]}},{"type":"Feature","properties":{"strength":0.152},"geometry":{"type":"LineString","coordinates":[[125.6571,-2.9006],[125.3053,-2.5492],[124.9536,-2.5492]]}},{"type":"Feature","properties":{"strength":0.557},"geometry":{"type":"LineString","coordinates":[[125.6571,-2.9006],[125.3053,-3.9539]]}},{"type":"Feature","properties":{"strength":0.18},"geometry":{"type":"LineString","coordinates":[[90.6595,17.2329],[89.6043,18.0708]]}},{"type":"Feature","properties":{"strength":0.401},"geometry":{"type":"LineString","coordinates":[[-72.5452,-29.7776],[-72.3693,-32.3384],[-72.5452,-33.0783],[-72.8969,-33.5193]]}},{"type":"Feature","properties":{"strength":0.104},"geometry":{"type":"LineString","coordinates":[[-50.9135,28.2396],[-50.2101,28.8576]]}},{"type":"Feature","properties":{"strength":0.118},"geometry":{"type":"LineString","coordinates":[[116.3361,-14.6969],[115.8085,-15.2066],[115.8085,-16.5598]]}},{"type":"Feature","properties":{"strength":0.252},"geometry":{"type":"LineString","coordinates":[[74.8315,-10.5793],[76.5901,-12.303],[77.6453,-12.1311],[78.1729,-11.6148],[78.3488,-10.5793],[76.5901,-8.8459]]}},{"type":"Feature","properties":{"strength":0.189},"geometry":{"type":"LineString","coordinates":[[56.7171,11.27],[56.0137,10.5793]]}},{"type":"Feature","properties":{"strength":0.321},"geometry":{"type":"LineString","coordinates":[[-75.8867,-16.2224],[-74.4797,-16.7283],[-73.9521,-17.2329]]}},{"type":"Feature","properties":{"strength":0.143},"geometry":{"type":"LineString","coordinates":[[-118.2706,24.9377],[-116.512,23.6554],[-114.2257,23.3328]]}},{"type":"Feature","properties":{"strength":0.121},"geometry":{"type":"LineString","coordinates":[[-93.8251,21.3812],[-93.6492,22.1977]]}},{"type":"Feature","properties":{"strength":0.094},"geometry":{"type":"LineString","coordinates":[[-34.2062,43.5338],[-34.2062,42.893],[-33.3268,42.2454]]}},{"type":"Feature","properties":{"strength":0.048},"geometry":{"type":"LineString","coordinates":[[-140.6058,54.9457],[-139.7264,54.9457]]}},{"type":"Feature","properties":{"strength":0.436},"geometry":{"type":"LineString","coordinates":[[-101.7391,16.2224],[-103.3219,17.2329],[-104.0254,17.4008],[-105.2565,18.4049],[-105.7841,18.4049],[-107.191,19.7346]]}},{"type":"Feature","properties":{"strength":0.065},"geometry":{"type":"LineString","coordinates":[[-21.3679,30.6893],[-22.4231,29.9301],[-23.1265,30.0824]]}},{"type":"Feature","properties":{"strength":0.368},"geometry":{"type":"LineString","coordinates":[[-5.0122,45.5393],[-7.6502,45.9076],[-9.5848,47.1178]]}},{"type":"Feature","properties":{"strength":0.123},"geometry":{"type":"LineString","coordinates":[[-79.7557,-12.1311],[-79.7557,-11.4425],[-79.404,-11.0975]]}},{"type":"Feature","properties":{"strength":0.42},"geometry":{"type":"LineString","coordinates":[[-79.9316,-10.2334],[-80.2833,-9.0197]]}},{"type":"Feature","properties":{"strength":0.382},"geometry":{"type":"LineString","coordinates":[[64.6312,21.5449],[65.3346,21.3812],[66.214,20.5601]]}},{"type":"Feature","properties":{"strength":0.126},"geometry":{"type":"LineString","coordinates":[[-25.5887,20.2304],[-28.7543,17.5686]]}},{"type":"Feature","properties":{"strength":0.709},"geometry":{"type":"LineString","coordinates":[[-12.7504,35.9755],[-12.7504,35.4041]]}},{"type":"Feature","properties":{"strength":0.231},"geometry":{"type":"LineString","coordinates":[[-76.0625,28.8576],[-76.766,29.4719],[-76.9419,30.2345]]}},{"type":"Feature","properties":{"strength":0.493},"geometry":{"type":"LineString","coordinates":[[-76.0625,28.8576],[-76.4143,28.2396]]}},{"type":"Feature","properties":{"strength":0.048},"geometry":{"type":"LineString","coordinates":[[152.3889,26.993],[153.0923,26.8362]]}},{"type":"Feature","properties":{"strength":0.465},"geometry":{"type":"LineString","coordinates":[[30.6888,44.6704],[29.6336,45.416],[28.9301,45.2924],[28.0508,45.5393]]}},{"type":"Feature","properties":{"strength":0.332},"geometry":{"type":"LineString","coordinates":[[30.6888,44.6704],[31.2164,45.2924]]}},{"type":"Feature","properties":{"strength":0.354},"geometry":{"type":"LineString","coordinates":[[30.6888,44.6704],[30.6888,43.5338],[30.8647,43.4062]]}},{"type":"Feature","properties":{"strength":0.492},"geometry":{"type":"LineString","coordinates":[[106.8393,-3.7784],[105.2565,-2.1978]]}},{"type":"Feature","properties":{"strength":0.038},"geometry":{"type":"LineString","coordinates":[[-28.7543,17.4008],[-28.2267,16.8967],[-26.9956,18.238],[-26.468,18.5717],[-25.7645,18.5717]]}},{"type":"Feature","properties":{"strength":0.116},"geometry":{"type":"LineString","coordinates":[[4.8363,-3.9539],[4.6605,-4.1293],[4.6605,-5.181],[4.8363,-5.3561]]}},{"type":"Feature","properties":{"strength":0.507},"geometry":{"type":"LineString","coordinates":[[-74.4797,21.3812],[-76.2384,21.5449],[-78.7005,22.8475],[-79.2281,23.3328]]}},{"type":"Feature","properties":{"strength":0.394},"geometry":{"type":"LineString","coordinates":[[20.3127,61.2463],[20.6644,61.415],[20.4885,61.7498]]}},{"type":"Feature","properties":{"strength":0.174},"geometry":{"type":"LineString","coordinates":[[-143.9472,52.8743],[-143.0679,52.768],[-142.5403,52.4476]]}},{"type":"Feature","properties":{"strength":0.203},"geometry":{"type":"LineString","coordinates":[[-62.5208,14.6969],[-64.2794,14.8669],[-64.6312,15.2066]]}},{"type":"Feature","properties":{"strength":0.293},"geometry":{"type":"LineString","coordinates":[[133.3952,-5.5312],[133.3952,-6.7552]]}},{"type":"Feature","properties":{"strength":0.359},"geometry":{"type":"LineString","coordinates":[[-30.8647,-2.7249],[-31.3923,-4.1293]]}},{"type":"Feature","properties":{"strength":0.283},"geometry":{"type":"LineString","coordinates":[[-111.236,21.7084],[-112.1153,21.8717],[-112.6429,22.3604],[-113.3464,22.523],[-114.0498,23.1713]]}},{"type":"Feature","properties":{"strength":0.441},"geometry":{"type":"LineString","coordinates":[[-37.02,-16.7283],[-38.427,-15.5458],[-38.6028,-13.3319],[-38.2511,-13.1607]]}},{"type":"Feature","properties":{"strength":0.069},"geometry":{"type":"LineString","coordinates":[[-37.8994,10.4064],[-38.427,10.2334],[-40.0098,9.0197]]}},{"type":"Feature","properties":{"strength":0.238},"geometry":{"type":"LineString","coordinates":[[-168.7445,48.418],[-167.3376,47.4757],[-165.9306,47.3567],[-165.403,47.1178]]}},{"type":"Feature","properties":{"strength":0.354},"geometry":{"type":"LineString","coordinates":[[85.7352,14.5267],[85.3835,15.5458]]}},{"type":"Feature","properties":{"strength":0.086},"geometry":{"type":"LineString","coordinates":[[-23.4783,31.7421],[-21.8955,31.7421],[-21.3679,32.0407]]}},{"type":"Feature","properties":{"strength":0.627},"geometry":{"type":"LineString","coordinates":[[8.1778,55.6465],[7.4744,55.3477],[5.7157,55.3477]]}},{"type":"Feature","properties":{"strength":0.202},"geometry":{"type":"LineString","coordinates":[[-177.7137,47.7129],[-177.8896,47.8311],[-177.8896,49.1135]]}},{"type":"Feature","properties":{"strength":0.37},"geometry":{"type":"LineString","coordinates":[[131.9883,37.6648],[131.1089,38.3576],[131.2848,40.1281],[131.4607,40.7971],[131.8124,41.1953]]}},{"type":"Feature","properties":{"strength":0.375},"geometry":{"type":"LineString","coordinates":[[131.9883,37.6648],[133.3952,37.6648],[133.5711,37.8039]]}},{"type":"Feature","properties":{"strength":0.354},"geometry":{"type":"LineString","coordinates":[[143.7714,6.4058],[143.2438,7.4532]]}},{"type":"Feature","properties":{"strength":0.159},"geometry":{"type":"LineString","coordinates":[[133.9228,25.2562],[133.9228,27.4622],[134.4504,28.2396]]}},{"type":"Feature","properties":{"strength":0.184},"geometry":{"type":"LineString","coordinates":[[-57.2447,29.3186],[-57.9482,28.2396]]}},{"type":"Feature","properties":{"strength":0.059},"geometry":{"type":"LineString","coordinates":[[57.5965,9.3669],[57.5965,10.0603]]}},{"type":"Feature","properties":{"strength":0.246},"geometry":{"type":"LineString","coordinates":[[-26.468,16.7283],[-26.6439,15.8844]]}},{"type":"Feature","properties":{"strength":0.766},"geometry":{"type":"LineString","coordinates":[[108.9497,20.5601],[109.6532,20.2304],[110.5325,20.2304],[111.0601,20.7247]]}},{"type":"Feature","properties":{"strength":0.093},"geometry":{"type":"LineString","coordinates":[[138.8471,26.993],[138.8471,26.3645],[139.1988,26.0489],[139.5506,24.7781],[139.5506,23.8164],[140.4299,21.0533],[140.6058,19.0711],[141.3092,17.0649],[141.661,16.7283]]}},{"type":"Feature","properties":{"strength":0.58},"geometry":{"type":"LineString","coordinates":[[-12.7504,35.2607],[-12.3986,34.9729],[-11.5193,34.9729],[-10.8158,35.2607],[-9.4089,35.4041],[-7.4744,36.1177]]}},{"type":"Feature","properties":{"strength":0.617},"geometry":{"type":"LineString","coordinates":[[10.9917,37.9427],[10.4641,37.5254],[10.2882,36.9654]]}},{"type":"Feature","properties":{"strength":0.103},"geometry":{"type":"LineString","coordinates":[[170.5032,-34.3945],[171.3825,-34.2492]]}},{"type":"Feature","properties":{"strength":0.221},"geometry":{"type":"LineString","coordinates":[[-31.5681,-29.1652],[-30.5129,-28.0846]]}},{"type":"Feature","properties":{"strength":0.21},"geometry":{"type":"LineString","coordinates":[[-140.7816,50.0259],[-140.9575,50.1388],[-143.0679,50.1388],[-143.5955,50.3637]]}},{"type":"Feature","properties":{"strength":0.043},"geometry":{"type":"LineString","coordinates":[[-42.4719,28.8576],[-42.1202,28.8576],[-41.7684,29.1652]]}},{"type":"Feature","properties":{"strength":0.712},"geometry":{"type":"LineString","coordinates":[[72.3693,19.0711],[72.3693,19.7346],[72.0176,20.3954]]}},{"type":"Feature","properties":{"strength":0.306},"geometry":{"type":"LineString","coordinates":[[-9.7606,0.4397],[-8.7054,1.4947],[-8.3537,1.4947]]}},{"type":"Feature","properties":{"strength":0.212},"geometry":{"type":"LineString","coordinates":[[-140.6058,41.3275],[-141.8368,41.8536],[-142.7162,41.9845],[-143.0679,42.2454],[-144.8266,42.6348],[-145.1783,42.893],[-146.0576,43.0217],[-146.4094,43.2783],[-147.8163,43.5338],[-149.2233,44.0417],[-151.5095,44.4197],[-152.5647,44.7953],[-153.7958,44.92],[-154.851,45.2924],[-157.8407,45.6623],[-158.1925,45.9076]]}},{"type":"Feature","properties":{"strength":0.804},"geometry":{"type":"LineString","coordinates":[[10.9917,57.8633],[10.2882,58.1428]]}},{"type":"Feature","properties":{"strength":0.237},"geometry":{"type":"LineString","coordinates":[[71.49,0.7914],[74.128,1.8463],[74.8315,2.0221],[75.7108,1.8463]]}},{"type":"Feature","properties":{"strength":0.085},"geometry":{"type":"LineString","coordinates":[[-27.6991,45.1685],[-27.3473,45.1685],[-26.9956,45.416]]}},{"type":"Feature","properties":{"strength":0.284},"geometry":{"type":"LineString","coordinates":[[105.9599,4.48],[105.7841,4.6553],[104.9047,4.6553],[104.3771,4.1293]]}},{"type":"Feature","properties":{"strength":0.32},"geometry":{"type":"LineString","coordinates":[[149.3991,-14.186],[147.2887,-16.5598],[147.2887,-17.4008]]}},{"type":"Feature","properties":{"strength":0.133},"geometry":{"type":"LineString","coordinates":[[-175.4275,29.7776],[-176.3068,29.7776],[-176.4827,29.9301],[-179.2965,29.9301],[-179.4724,29.7776]]}},{"type":"Feature","properties":{"strength":0.464},"geometry":{"type":"LineString","coordinates":[[-71.6659,38.9071],[-74.128,40.7971],[-73.9521,41.1953]]}},{"type":"Feature","properties":{"strength":0.041},"geometry":{"type":"LineString","coordinates":[[43.1754,68.7693],[42.8236,68.7055],[42.4719,68.319],[42.1202,68.1887]]}},{"type":"Feature","properties":{"strength":0.539},"geometry":{"type":"LineString","coordinates":[[-18.2022,13.6739],[-18.0264,13.8447],[-16.6194,13.6739]]}},{"type":"Feature","properties":{"strength":0.078},"geometry":{"type":"LineString","coordinates":[[-29.106,41.4594],[-30.6888,42.6348],[-30.6888,43.1501],[-31.0405,43.4062]]}},{"type":"Feature","properties":{"strength":0.039},"geometry":{"type":"LineString","coordinates":[[56.0137,10.0603],[56.893,9.1933],[57.4206,9.1933]]}},{"type":"Feature","properties":{"strength":0.089},"geometry":{"type":"LineString","coordinates":[[-65.8622,40.6638],[-64.9829,40.6638],[-64.6312,40.3965],[-64.6312,40.1281]]}},{"type":"Feature","properties":{"strength":0.243},"geometry":{"type":"LineString","coordinates":[[-66.7416,29.7776],[-64.807,31.5924]]}},{"type":"Feature","properties":{"strength":0.164},"geometry":{"type":"LineString","coordinates":[[94.8803,6.5805],[94.3527,7.4532],[92.9458,7.8019],[91.0112,8.8459],[88.725,9.7138]]}},{"type":"Feature","properties":{"strength":0.048},"geometry":{"type":"LineString","coordinates":[[-53.9033,52.0168],[-55.4861,51.9084]]}},{"type":"Feature","properties":{"strength":0.524},"geometry":{"type":"LineString","coordinates":[[69.9072,17.0649],[71.8417,18.9048],[72.1935,18.9048]]}},{"type":"Feature","properties":{"strength":0.173},"geometry":{"type":"LineString","coordinates":[[140.254,-8.4982],[138.1436,-8.6721],[137.2643,-9.5404]]}},{"type":"Feature","properties":{"strength":0.302},"geometry":{"type":"LineString","coordinates":[[-20.3127,36.6839],[-21.0161,35.6903]]}},{"type":"Feature","properties":{"strength":0.268},"geometry":{"type":"LineString","coordinates":[[130.2296,18.0708],[131.6365,19.569]]}},{"type":"Feature","properties":{"strength":0.219},"geometry":{"type":"LineString","coordinates":[[-133.2193,37.8039],[-135.5056,35.9755]]}},{"type":"Feature","properties":{"strength":0.25},"geometry":{"type":"LineString","coordinates":[[-73.7763,32.0407],[-72.3693,30.8404]]}},{"type":"Feature","properties":{"strength":0.729},"geometry":{"type":"LineString","coordinates":[[134.978,34.3945],[134.978,32.4869],[136.385,31.2923]]}},{"type":"Feature","properties":{"strength":0.446},"geometry":{"type":"LineString","coordinates":[[-79.7557,12.303],[-80.1075,12.6464],[-80.4592,12.6464]]}},{"type":"Feature","properties":{"strength":0.157},"geometry":{"type":"LineString","coordinates":[[-79.7557,12.303],[-79.2281,12.818],[-79.2281,13.3319],[-78.8764,13.8447]]}},{"type":"Feature","properties":{"strength":0.554},"geometry":{"type":"LineString","coordinates":[[-79.7557,12.303],[-79.7557,11.4425]]}},{"type":"Feature","properties":{"strength":0.464},"geometry":{"type":"LineString","coordinates":[[13.1021,54.8445],[13.278,54.335],[13.6297,54.335],[13.9814,54.5396]]}},{"type":"Feature","properties":{"strength":0.347},"geometry":{"type":"LineString","coordinates":[[96.2872,15.8844],[96.1114,16.8967]]}},{"type":"Feature","properties":{"strength":0.112},"geometry":{"type":"LineString","coordinates":[[42.1202,-10.0603],[41.2408,-9.1933]]}},{"type":"Feature","properties":{"strength":0.027},"geometry":{"type":"LineString","coordinates":[[-16.6194,50.2514],[-16.7953,50.3637],[-16.6194,50.4757],[-16.4436,50.3637],[-16.6194,50.2514]]}},{"type":"Feature","properties":{"strength":0.285},"geometry":{"type":"LineString","coordinates":[[86.4387,2.7249],[85.2076,2.7249]]}},{"type":"Feature","properties":{"strength":0.225},"geometry":{"type":"LineString","coordinates":[[-78.7005,19.569],[-79.0523,19.9],[-80.8109,20.3954],[-81.1627,20.3954],[-82.042,19.569]]}},{"type":"Feature","properties":{"strength":0.256},"geometry":{"type":"LineString","coordinates":[[-127.4157,35.4041],[-127.064,35.6903],[-125.4812,35.6903]]}},{"type":"Feature","properties":{"strength":0.154},"geometry":{"type":"LineString","coordinates":[[55.8378,10.5793],[55.3102,11.0975],[54.255,11.4425],[51.7929,11.787]]}},{"type":"Feature","properties":{"strength":0.242},"geometry":{"type":"LineString","coordinates":[[4.3087,0.9672],[4.3087,1.6705],[3.7811,2.1978]]}},{"type":"Feature","properties":{"strength":0.64},"geometry":{"type":"LineString","coordinates":[[15.3884,-34.3945],[17.8505,-32.3384]]}},{"type":"Feature","properties":{"strength":0.127},"geometry":{"type":"LineString","coordinates":[[-43.3512,30.2345],[-42.6478,29.6248]]}},{"type":"Feature","properties":{"strength":0.091},"geometry":{"type":"LineString","coordinates":[[19.9609,32.9308],[19.9609,32.6351],[19.6092,32.3384],[19.0816,32.3384]]}},{"type":"Feature","properties":{"strength":0.093},"geometry":{"type":"LineString","coordinates":[[-52.1446,46.2735],[-51.2653,46.878],[-50.0342,47.1178],[-49.3307,47.4757],[-48.2755,47.7129]]}},{"type":"Feature","properties":{"strength":0.162},"geometry":{"type":"LineString","coordinates":[[40.7132,-9.8871],[40.3615,-9.8871],[40.0098,-9.5404]]}},{"type":"Feature","properties":{"strength":0.607},"geometry":{"type":"LineString","coordinates":[[61.6414,12.818],[61.6414,11.4425]]}},{"type":"Feature","properties":{"strength":0.268},"geometry":{"type":"LineString","coordinates":[[48.8031,-10.2334],[48.8031,-9.8871],[49.5066,-8.8459],[49.3307,-8.3242]]}},{"type":"Feature","properties":{"strength":0.114},"geometry":{"type":"LineString","coordinates":[[-81.8661,-1.3189],[-83.2731,-0.6155]]}},{"type":"Feature","properties":{"strength":0.481},"geometry":{"type":"LineString","coordinates":[[-81.8661,-1.3189],[-80.4592,2.1978]]}},{"type":"Feature","properties":{"strength":0.328},"geometry":{"type":"LineString","coordinates":[[-81.8661,-1.3189],[-81.8661,-2.0221]]}},{"type":"Feature","properties":{"strength":0.253},"geometry":{"type":"LineString","coordinates":[[53.5515,-20.3954],[53.9033,-20.3954],[54.255,-20.0653]]}},{"type":"Feature","properties":{"strength":0.215},"geometry":{"type":"LineString","coordinates":[[55.4861,0.0879],[54.9585,-0.4397],[54.7826,-1.1431]]}},{"type":"Feature","properties":{"strength":0.332},"geometry":{"type":"LineString","coordinates":[[-43.703,3.9539],[-44.934,3.9539],[-45.4617,4.48]]}},{"type":"Feature","properties":{"strength":0.438},"geometry":{"type":"LineString","coordinates":[[6.9468,41.9845],[7.6502,41.4594],[10.2882,41.4594]]}},{"type":"Feature","properties":{"strength":0.141},"geometry":{"type":"LineString","coordinates":[[-144.6507,48.767],[-144.4748,50.2514]]}},{"type":"Feature","properties":{"strength":0.083},"geometry":{"type":"LineString","coordinates":[[-162.4133,17.2329],[-162.9409,18.0708],[-163.4685,18.0708]]}},{"type":"Feature","properties":{"strength":0.029},"geometry":{"type":"LineString","coordinates":[[154.3234,39.7235],[154.3234,39.1803]]}},{"type":"Feature","properties":{"strength":0.367},"geometry":{"type":"LineString","coordinates":[[123.7225,10.4064],[123.5467,9.3669]]}},{"type":"Feature","properties":{"strength":0.34},"geometry":{"type":"LineString","coordinates":[[-80.2833,2.3735],[-79.404,2.5492],[-77.9971,3.7784]]}},{"type":"Feature","properties":{"strength":0.183},"geometry":{"type":"LineString","coordinates":[[-118.9741,32.3384],[-118.0948,32.3384]]}},{"type":"Feature","properties":{"strength":0.293},"geometry":{"type":"LineString","coordinates":[[125.6571,-4.1293],[127.064,-4.1293]]}},{"type":"Feature","properties":{"strength":0.571},"geometry":{"type":"LineString","coordinates":[[116.6878,-16.8967],[116.6878,-17.7361]]}},{"type":"Feature","properties":{"strength":0.289},"geometry":{"type":"LineString","coordinates":[[106.6634,4.48],[107.0151,4.1293],[107.0151,2.7249],[107.191,2.5492]]}},{"type":"Feature","properties":{"strength":0.098},"geometry":{"type":"LineString","coordinates":[[-87.4939,41.9845],[-86.6146,45.0444],[-86.2628,45.6623],[-85.7352,45.9076]]}},{"type":"Feature","properties":{"strength":0.324},"geometry":{"type":"LineString","coordinates":[[139.1988,45.7851],[139.3747,46.878],[140.6058,48.3012],[140.6058,49.6858]]}},{"type":"Feature","properties":{"strength":0.6},"geometry":{"type":"LineString","coordinates":[[36.3166,43.6612],[36.4924,45.1685],[37.1959,46.637],[37.7235,46.998],[39.658,47.3567]]}},{"type":"Feature","properties":{"strength":0.008},"geometry":{"type":"LineString","coordinates":[[-76.4143,-44.168],[-76.766,-44.294],[-76.5901,-44.7953]]}},{"type":"Feature","properties":{"strength":0.137},"geometry":{"type":"LineString","coordinates":[[-25.0611,33.958],[-23.6541,32.7831],[-23.6541,31.8915]]}},{"type":"Feature","properties":{"strength":0.404},"geometry":{"type":"LineString","coordinates":[[111.4118,12.1311],[113.1705,10.5793]]}},{"type":"Feature","properties":{"strength":0.159},"geometry":{"type":"LineString","coordinates":[[61.8173,16.5598],[59.7069,16.5598]]}},{"type":"Feature","properties":{"strength":0.202},"geometry":{"type":"LineString","coordinates":[[136.0332,12.9894],[135.5056,12.4748],[135.5056,11.6148]]}},{"type":"Feature","properties":{"strength":0.128},"geometry":{"type":"LineString","coordinates":[[-48.979,34.8287],[-46.8686,33.0783],[-46.6927,32.3384]]}},{"type":"Feature","properties":{"strength":0.08},"geometry":{"type":"LineString","coordinates":[[-172.7894,46.1518],[-172.7894,46.5161],[-171.7342,47.1178]]}},{"type":"Feature","properties":{"strength":0.107},"geometry":{"type":"LineString","coordinates":[[53.0239,-2.0221],[51.9687,-0.9672],[50.9135,-0.9672],[49.8583,-1.3189]]}},{"type":"Feature","properties":{"strength":0.341},"geometry":{"type":"LineString","coordinates":[[-80.6351,15.2066],[-79.5799,14.8669]]}},{"type":"Feature","properties":{"strength":0.329},"geometry":{"type":"LineString","coordinates":[[12.3986,-7.9761],[11.871,-6.231]]}},{"type":"Feature","properties":{"strength":0.474},"geometry":{"type":"LineString","coordinates":[[6.2433,60.3888],[4.8363,59.7748]]}},{"type":"Feature","properties":{"strength":0.619},"geometry":{"type":"LineString","coordinates":[[-87.6698,16.3912],[-88.725,15.8844]]}},{"type":"Feature","properties":{"strength":0.468},"geometry":{"type":"LineString","coordinates":[[-46.1651,1.8463],[-46.341,2.7249]]}},{"type":"Feature","properties":{"strength":0.576},"geometry":{"type":"LineString","coordinates":[[-45.1099,-25.2562],[-46.5169,-23.8164]]}},{"type":"Feature","properties":{"strength":0.649},"geometry":{"type":"LineString","coordinates":[[109.3014,9.0197],[109.6532,9.8871]]}},{"type":"Feature","properties":{"strength":0.068},"geometry":{"type":"LineString","coordinates":[[153.7958,30.3863],[153.9717,30.5379],[155.5545,30.5379]]}},{"type":"Feature","properties":{"strength":0.138},"geometry":{"type":"LineString","coordinates":[[143.7714,12.6464],[146.0576,8.8459],[146.7611,7.1043],[148.8715,3.9539],[149.2233,2.9006]]}},{"type":"Feature","properties":{"strength":0.1},"geometry":{"type":"LineString","coordinates":[[9.233,-5.7062],[9.0572,-5.8812],[8.1778,-5.8812],[7.4744,-5.7062],[6.9468,-5.181]]}},{"type":"Feature","properties":{"strength":0.03},"geometry":{"type":"LineString","coordinates":[[-13.278,-36.2596],[-12.7504,-36.2596],[-12.5745,-35.9755]]}},{"type":"Feature","properties":{"strength":0.034},"geometry":{"type":"LineString","coordinates":[[-160.127,42.5052],[-160.3029,43.1501]]}},{"type":"Feature","properties":{"strength":0.691},"geometry":{"type":"LineString","coordinates":[[105.2565,-7.2788],[104.9047,-6.5805]]}},{"type":"Feature","properties":{"strength":0.041},"geometry":{"type":"LineString","coordinates":[[-22.7748,17.9036],[-22.2472,18.4049]]}},{"type":"Feature","properties":{"strength":0.152},"geometry":{"type":"LineString","coordinates":[[-24.7093,21.7084],[-23.83,21.5449]]}},{"type":"Feature","properties":{"strength":0.105},"geometry":{"type":"LineString","coordinates":[[110.8842,7.4532],[111.0601,7.2788],[112.9946,7.2788],[113.3464,6.9298]]}},{"type":"Feature","properties":{"strength":0.059},"geometry":{"type":"LineString","coordinates":[[163.2926,43.0217],[164.6996,41.9845],[166.4582,41.9845]]}},{"type":"Feature","properties":{"strength":0.021},"geometry":{"type":"LineString","coordinates":[[-40.5374,9.8871],[-40.1856,10.2334],[-40.1856,10.7522]]}},{"type":"Feature","properties":{"strength":0.778},"geometry":{"type":"LineString","coordinates":[[116.6878,-7.4532],[116.6878,-6.4058],[116.8637,-6.231]]}},{"type":"Feature","properties":{"strength":0.113},"geometry":{"type":"LineString","coordinates":[[-160.4787,43.2783],[-161.8857,43.4062],[-163.4685,43.7883],[-164.6996,43.7883],[-165.2272,44.0417]]}},{"type":"Feature","properties":{"strength":0.319},"geometry":{"type":"LineString","coordinates":[[135.6815,-9.3669],[136.5608,-9.5404]]}},{"type":"Feature","properties":{"strength":0.53},"geometry":{"type":"LineString","coordinates":[[117.5672,17.5686],[118.9741,16.2224],[118.9741,14.186]]}},{"type":"Feature","properties":{"strength":0.167},"geometry":{"type":"LineString","coordinates":[[3.957,-1.3189],[3.957,-2.0221]]}},{"type":"Feature","properties":{"strength":0.293},"geometry":{"type":"LineString","coordinates":[[36.4924,-23.1713],[35.789,-22.523],[35.6131,-20.0653]]}},{"type":"Feature","properties":{"strength":0.269},"geometry":{"type":"LineString","coordinates":[[129.5261,21.8717],[129.1744,21.5449],[128.2951,21.5449]]}},{"type":"Feature","properties":{"strength":0.207},"geometry":{"type":"LineString","coordinates":[[-13.9814,-35.4041],[-14.509,-34.8287],[-14.509,-32.0407]]}},{"type":"Feature","properties":{"strength":0.479},"geometry":{"type":"LineString","coordinates":[[11.5193,65.2008],[12.2228,65.6397],[12.2228,66.0713],[12.3986,66.1426]]}},{"type":"Feature","properties":{"strength":0.083},"geometry":{"type":"LineString","coordinates":[[-17.3229,45.9076],[-16.7953,46.3949]]}},{"type":"Feature","properties":{"strength":0.081},"geometry":{"type":"LineString","coordinates":[[-36.1407,12.303],[-37.5476,10.9249],[-37.5476,10.5793]]}},{"type":"Feature","properties":{"strength":0.094},"geometry":{"type":"LineString","coordinates":[[114.5774,-20.7247],[115.105,-21.3812]]}},{"type":"Feature","properties":{"strength":0.168},"geometry":{"type":"LineString","coordinates":[[136.385,-13.6739],[137.0884,-12.6464],[137.0884,-11.9591]]}},{"type":"Feature","properties":{"strength":0.627},"geometry":{"type":"LineString","coordinates":[[8.3537,57.5815],[9.0572,57.2024]]}},{"type":"Feature","properties":{"strength":0.671},"geometry":{"type":"LineString","coordinates":[[119.3258,3.7784],[119.3258,2.5492]]}},{"type":"Feature","properties":{"strength":0.583},"geometry":{"type":"LineString","coordinates":[[89.6043,1.4947],[90.8354,2.7249],[91.363,4.1293],[91.1871,4.6553]]}},{"type":"Feature","properties":{"strength":0.078},"geometry":{"type":"LineString","coordinates":[[-41.065,32.1897],[-40.8891,32.7831],[-40.1856,33.3725]]}},{"type":"Feature","properties":{"strength":0.143},"geometry":{"type":"LineString","coordinates":[[-42.1202,45.6623],[-41.4167,45.6623]]}},{"type":"Feature","properties":{"strength":0.184},"geometry":{"type":"LineString","coordinates":[[-50.9135,-35.833],[-50.7377,-35.6903],[-50.7377,-34.5395],[-50.9135,-34.3945]]}},{"type":"Feature","properties":{"strength":0.207},"geometry":{"type":"LineString","coordinates":[[-73.6004,-18.0708],[-73.7763,-17.4008]]}},{"type":"Feature","properties":{"strength":0.347},"geometry":{"type":"LineString","coordinates":[[-38.2511,-13.1607],[-37.8994,-13.5029],[-37.1959,-13.6739],[-35.9648,-14.8669]]}},{"type":"Feature","properties":{"strength":0.338},"geometry":{"type":"LineString","coordinates":[[-89.7802,12.4748],[-90.4836,13.5029],[-92.2423,13.8447],[-94.001,12.303]]}},{"type":"Feature","properties":{"strength":0.097},"geometry":{"type":"LineString","coordinates":[[128.1192,-7.6276],[127.7675,-7.2788],[127.4157,-7.4532]]}},{"type":"Feature","properties":{"strength":0.132},"geometry":{"type":"LineString","coordinates":[[-85.0318,24.7781],[-83.6248,26.2068]]}},{"type":"Feature","properties":{"strength":0.494},"geometry":{"type":"LineString","coordinates":[[96.2872,6.5805],[97.5183,6.4058]]}},{"type":"Feature","properties":{"strength":0.401},"geometry":{"type":"LineString","coordinates":[[128.9985,0.4397],[129.1744,0.7914],[129.1744,3.0762],[128.9985,3.2518]]}},{"type":"Feature","properties":{"strength":0.401},"geometry":{"type":"LineString","coordinates":[[141.661,2.0221],[141.8368,-0.7914]]}},{"type":"Feature","properties":{"strength":0.058},"geometry":{"type":"LineString","coordinates":[[-56.1895,25.5739],[-56.893,26.3645]]}},{"type":"Feature","properties":{"strength":0.328},"geometry":{"type":"LineString","coordinates":[[152.5647,-4.8306],[153.4441,-4.8306]]}},{"type":"Feature","properties":{"strength":0.116},"geometry":{"type":"LineString","coordinates":[[1.1431,-29.7776],[-0.4397,-28.3945],[-0.6155,-27.9293]]}},{"type":"Feature","properties":{"strength":0.284},"geometry":{"type":"LineString","coordinates":[[1.1431,-29.7776],[0.4397,-30.3863],[-0.6155,-30.2345]]}},{"type":"Feature","properties":{"strength":0.516},"geometry":{"type":"LineString","coordinates":[[33.6786,31.4425],[33.5027,32.4869],[32.6234,33.2255]]}},{"type":"Feature","properties":{"strength":0.181},"geometry":{"type":"LineString","coordinates":[[14.6849,68.1232],[14.1573,68.319],[14.1573,68.5774]]}},{"type":"Feature","properties":{"strength":0.152},"geometry":{"type":"LineString","coordinates":[[-38.427,4.48],[-39.8339,3.2518]]}},{"type":"Feature","properties":{"strength":0.479},"geometry":{"type":"LineString","coordinates":[[46.5169,-27.9293],[46.8686,-27.6181],[47.3962,-27.6181],[48.2755,-27.1496],[48.979,-27.1496],[49.6825,-26.8362]]}},{"type":"Feature","properties":{"strength":0.1},"geometry":{"type":"LineString","coordinates":[[148.5198,-40.7971],[147.6404,-40.3965]]}},{"type":"Feature","properties":{"strength":0.261},"geometry":{"type":"LineString","coordinates":[[-3.957,2.9006],[-3.2535,2.9006]]}},{"type":"Feature","properties":{"strength":0.145},"geometry":{"type":"LineString","coordinates":[[-61.6414,29.9301],[-59.8828,28.3945],[-59.3552,28.2396]]}},{"type":"Feature","properties":{"strength":0.328},"geometry":{"type":"LineString","coordinates":[[-83.2731,27.6181],[-82.5696,27.9293]]}},{"type":"Feature","properties":{"strength":0.716},"geometry":{"type":"LineString","coordinates":[[111.7636,-5.0058],[112.8188,-5.3561]]}},{"type":"Feature","properties":{"strength":0.234},"geometry":{"type":"LineString","coordinates":[[24.1817,71.2888],[25.0611,71.3451]]}},{"type":"Feature","properties":{"strength":0.542},"geometry":{"type":"LineString","coordinates":[[11.6952,54.7431],[12.7504,54.9457]]}},{"type":"Feature","properties":{"strength":0.589},"geometry":{"type":"LineString","coordinates":[[23.4783,34.3945],[24.1817,34.9729],[24.3576,35.833],[25.2369,36.5427]]}},{"type":"Feature","properties":{"strength":0.16},"geometry":{"type":"LineString","coordinates":[[-59.7069,32.1897],[-60.7621,31.2923],[-60.938,30.8404]]}},{"type":"Feature","properties":{"strength":0.066},"geometry":{"type":"LineString","coordinates":[[-38.7787,41.9845],[-39.4822,42.5052],[-39.4822,43.0217]]}},{"type":"Feature","properties":{"strength":0.201},"geometry":{"type":"LineString","coordinates":[[-38.7787,41.9845],[-38.7787,41.7225],[-36.6683,40.1281]]}},{"type":"Feature","properties":{"strength":0.348},"geometry":{"type":"LineString","coordinates":[[-95.4079,22.6853],[-94.1768,22.6853],[-93.6492,22.1977]]}},{"type":"Feature","properties":{"strength":0.235},"geometry":{"type":"LineString","coordinates":[[66.9174,18.9048],[64.9829,17.0649],[64.807,16.3912],[64.2794,15.8844],[64.1036,15.3763]]}},{"type":"Feature","properties":{"strength":0.093},"geometry":{"type":"LineString","coordinates":[[5.7157,-0.4397],[6.0674,-0.6155],[6.9468,-0.6155],[7.1226,-0.4397]]}},{"type":"Feature","properties":{"strength":0.61},"geometry":{"type":"LineString","coordinates":[[110.3566,-4.8306],[111.236,-4.8306]]}},{"type":"Feature","properties":{"strength":0.649},"geometry":{"type":"LineString","coordinates":[[-73.6004,-44.294],[-73.6004,-43.4062],[-73.0728,-41.9845]]}},{"type":"Feature","properties":{"strength":0.103},"geometry":{"type":"LineString","coordinates":[[-29.2819,48.418],[-30.1612,48.418],[-34.5579,47.8311]]}},{"type":"Feature","properties":{"strength":0.228},"geometry":{"type":"LineString","coordinates":[[-20.3127,36.8248],[-20.8403,37.2459],[-20.8403,37.6648]]}},{"type":"Feature","properties":{"strength":0.03},"geometry":{"type":"LineString","coordinates":[[-169.7997,31.1419],[-170.3273,30.9913],[-174.724,31.1419]]}},{"type":"Feature","properties":{"strength":0.188},"geometry":{"type":"LineString","coordinates":[[86.6146,11.4425],[85.3835,11.6148]]}},{"type":"Feature","properties":{"strength":0.223},"geometry":{"type":"LineString","coordinates":[[-66.0381,40.1281],[-66.0381,38.9071],[-62.8725,36.4013]]}},{"type":"Feature","properties":{"strength":0.625},"geometry":{"type":"LineString","coordinates":[[-85.9111,21.3812],[-85.9111,22.6853],[-86.9663,23.6554]]}},{"type":"Feature","properties":{"strength":0.482},"geometry":{"type":"LineString","coordinates":[[-86.7904,8.4982],[-86.9663,8.3242],[-88.0215,8.3242]]}},{"type":"Feature","properties":{"strength":0.147},"geometry":{"type":"LineString","coordinates":[[-35.4372,43.1501],[-35.4372,41.1953]]}},{"type":"Feature","properties":{"strength":0.419},"geometry":{"type":"LineString","coordinates":[[-75.8867,12.1311],[-75.3591,11.9591],[-74.4797,12.303]]}},{"type":"Feature","properties":{"strength":0.055},"geometry":{"type":"LineString","coordinates":[[49.8583,-0.0879],[50.5618,0.6155],[50.7377,1.1431]]}},{"type":"Feature","properties":{"strength":0.887},"geometry":{"type":"LineString","coordinates":[[141.661,42.6348],[141.661,41.8536]]}},{"type":"Feature","properties":{"strength":0.108},"geometry":{"type":"LineString","coordinates":[[8.1778,-12.1311],[7.6502,-11.4425],[7.6502,-10.9249]]}},{"type":"Feature","properties":{"strength":0.148},"geometry":{"type":"LineString","coordinates":[[-19.7851,33.6658],[-18.9057,32.7831]]}},{"type":"Feature","properties":{"strength":0.112},"geometry":{"type":"LineString","coordinates":[[-20.6644,41.7225],[-20.8403,41.1953],[-22.2472,40.1281]]}},{"type":"Feature","properties":{"strength":0.187},"geometry":{"type":"LineString","coordinates":[[164.5237,48.418],[164.5237,50.8103],[163.6444,51.3627]]}},{"type":"Feature","properties":{"strength":0.408},"geometry":{"type":"LineString","coordinates":[[70.6106,-4.1293],[71.3141,-3.6029]]}},{"type":"Feature","properties":{"strength":0.295},"geometry":{"type":"LineString","coordinates":[[70.6106,-4.1293],[70.2589,-5.181],[68.5002,-6.7552]]}},{"type":"Feature","properties":{"strength":0.365},"geometry":{"type":"LineString","coordinates":[[141.8368,5.8812],[141.8368,4.6553]]}},{"type":"Feature","properties":{"strength":0.528},"geometry":{"type":"LineString","coordinates":[[50.7377,-25.2562],[49.8583,-26.2068],[49.6825,-26.8362]]}},{"type":"Feature","properties":{"strength":0.16},"geometry":{"type":"LineString","coordinates":[[-35.789,47.5944],[-36.8442,47.3567]]}},{"type":"Feature","properties":{"strength":0.221},"geometry":{"type":"LineString","coordinates":[[145.7059,22.1977],[146.5852,20.5601],[146.5852,19.9],[146.937,19.4032],[147.1128,18.4049],[149.2233,13.8447]]}},{"type":"Feature","properties":{"strength":0.733},"geometry":{"type":"LineString","coordinates":[[34.7338,35.833],[34.5579,35.9755],[33.3268,35.9755],[33.151,35.833],[31.5681,35.833],[31.2164,35.6903]]}},{"type":"Feature","properties":{"strength":0.692},"geometry":{"type":"LineString","coordinates":[[34.7338,35.833],[34.7338,34.5395],[32.6234,33.2255]]}},{"type":"Feature","properties":{"strength":0.026},"geometry":{"type":"LineString","coordinates":[[34.9096,-35.833],[34.0303,-35.9755],[33.6786,-35.6903]]}},{"type":"Feature","properties":{"strength":0.145},"geometry":{"type":"LineString","coordinates":[[-22.9507,64.071],[-23.6541,63.9167],[-23.4783,63.6057]]}},{"type":"Feature","properties":{"strength":0.215},"geometry":{"type":"LineString","coordinates":[[-22.9507,64.071],[-22.4231,63.6838],[-21.8955,63.5274],[-21.3679,63.5274]]}},{"type":"Feature","properties":{"strength":0.244},"geometry":{"type":"LineString","coordinates":[[59.3552,15.5458],[58.8276,14.5267]]}},{"type":"Feature","properties":{"strength":0.072},"geometry":{"type":"LineString","coordinates":[[2.0225,-2.9006],[1.8466,-2.3735],[0.9673,-1.3189],[0.9673,-0.6155]]}},{"type":"Feature","properties":{"strength":0.086},"geometry":{"type":"LineString","coordinates":[[57.0689,2.5492],[58.4758,2.9006],[58.8276,3.4274]]}},{"type":"Feature","properties":{"strength":0.275},"geometry":{"type":"LineString","coordinates":[[106.8393,-14.3564],[107.5427,-14.186]]}},{"type":"Feature","properties":{"strength":0.607},"geometry":{"type":"LineString","coordinates":[[-1.4949,50.3637],[-1.4949,51.032]]}},{"type":"Feature","properties":{"strength":0.143},"geometry":{"type":"LineString","coordinates":[[-52.8481,38.3576],[-48.979,35.2607]]}},{"type":"Feature","properties":{"strength":0.507},"geometry":{"type":"LineString","coordinates":[[131.4607,-3.0762],[131.1089,-3.0762],[130.4055,-2.5492],[129.8779,-2.5492],[128.9985,-1.8463]]}},{"type":"Feature","properties":{"strength":0.242},"geometry":{"type":"LineString","coordinates":[[-12.2228,38.9071],[-13.6297,39.9935]]}},{"type":"Feature","properties":{"strength":0.285},"geometry":{"type":"LineString","coordinates":[[8.5296,2.7249],[7.6502,2.9006]]}},{"type":"Feature","properties":{"strength":0.601},"geometry":{"type":"LineString","coordinates":[[10.4641,57.0114],[10.64,56.8194],[11.5193,56.7231]]}},{"type":"Feature","properties":{"strength":0.522},"geometry":{"type":"LineString","coordinates":[[117.2154,7.9761],[118.4465,8.3242]]}},{"type":"Feature","properties":{"strength":0.048},"geometry":{"type":"LineString","coordinates":[[-140.0782,31.4425],[-141.3092,30.9913],[-142.1886,30.3863]]}},{"type":"Feature","properties":{"strength":0.279},"geometry":{"type":"LineString","coordinates":[[-78.5247,31.4425],[-77.1177,30.3863]]}},{"type":"Feature","properties":{"strength":0.467},"geometry":{"type":"LineString","coordinates":[[15.2125,68.319],[15.0366,68.5774]]}},{"type":"Feature","properties":{"strength":0.03},"geometry":{"type":"LineString","coordinates":[[5.5398,-13.6739],[2.5501,-10.9249]]}},{"type":"Feature","properties":{"strength":0.089},"geometry":{"type":"LineString","coordinates":[[59.7069,7.1043],[60.4104,8.1502]]}},{"type":"Feature","properties":{"strength":0.078},"geometry":{"type":"LineString","coordinates":[[-123.5467,27.9293],[-123.5467,28.2396],[-122.1397,29.4719]]}},{"type":"Feature","properties":{"strength":0.201},"geometry":{"type":"LineString","coordinates":[[-60.2345,26.0489],[-59.0034,27.1496],[-58.8276,27.7738]]}},{"type":"Feature","properties":{"strength":0.222},"geometry":{"type":"LineString","coordinates":[[150.9819,-2.1978],[151.8613,-2.9006],[152.3889,-2.9006]]}},{"type":"Feature","properties":{"strength":0.35},"geometry":{"type":"LineString","coordinates":[[143.7714,6.231],[142.0127,4.48]]}},{"type":"Feature","properties":{"strength":0.138},"geometry":{"type":"LineString","coordinates":[[-61.9932,23.1713],[-61.1138,23.1713],[-59.8828,23.6554]]}},{"type":"Feature","properties":{"strength":0.175},"geometry":{"type":"LineString","coordinates":[[-10.64,53.2968],[-10.1124,52.768]]}},{"type":"Feature","properties":{"strength":0.4},"geometry":{"type":"LineString","coordinates":[[124.0743,12.4748],[124.2501,11.9591],[123.8984,11.6148]]}},{"type":"Feature","properties":{"strength":0.527},"geometry":{"type":"LineString","coordinates":[[107.8945,7.9761],[108.5979,8.6721],[109.1255,8.8459]]}},{"type":"Feature","properties":{"strength":0.169},"geometry":{"type":"LineString","coordinates":[[-68.1485,16.0534],[-69.0278,15.8844],[-70.6106,14.3564]]}},{"type":"Feature","properties":{"strength":0.141},"geometry":{"type":"LineString","coordinates":[[-138.4954,51.5817],[-138.1436,51.4723],[-137.7919,51.6909],[-136.7367,51.6909],[-135.6815,51.4723],[-134.2745,50.9213],[-132.34,50.4757],[-131.2848,49.9128]]}},{"type":"Feature","properties":{"strength":0.692},"geometry":{"type":"LineString","coordinates":[[119.8534,13.8447],[120.7328,14.6969]]}},{"type":"Feature","properties":{"strength":0.312},"geometry":{"type":"LineString","coordinates":[[-73.9521,-52.768],[-75.3591,-52.5547],[-75.8867,-52.1249],[-76.2384,-51.032],[-76.2384,-50.0259]]}},{"type":"Feature","properties":{"strength":0.215},"geometry":{"type":"LineString","coordinates":[[-80.2833,5.5312],[-80.9868,5.8812]]}},{"type":"Feature","properties":{"strength":0.137},"geometry":{"type":"LineString","coordinates":[[-139.7264,54.5396],[-140.6058,54.4374]]}},{"type":"Feature","properties":{"strength":0.337},"geometry":{"type":"LineString","coordinates":[[178.9448,54.1294],[178.7689,53.611],[178.0655,53.1916],[176.4827,52.9803],[172.6136,51.5817],[168.041,50.5875],[164.6996,48.3012]]}},{"type":"Feature","properties":{"strength":0.452},"geometry":{"type":"LineString","coordinates":[[85.2076,-2.1978],[85.7352,-1.6705]]}},{"type":"Feature","properties":{"strength":0.755},"geometry":{"type":"LineString","coordinates":[[108.7738,20.8891],[108.4221,21.5449]]}},{"type":"Feature","properties":{"strength":0.174},"geometry":{"type":"LineString","coordinates":[[-52.6722,31.7421],[-52.6722,33.3725],[-50.9135,34.8287]]}},{"type":"Feature","properties":{"strength":0.191},"geometry":{"type":"LineString","coordinates":[[-31.744,-6.5805],[-30.3371,-7.9761],[-29.2819,-8.3242],[-26.8197,-10.2334],[-25.4128,-10.9249],[-24.0059,-12.1311],[-21.192,-13.8447],[-20.4885,-14.5267],[-18.554,-15.7151],[-18.2022,-15.7151]]}},{"type":"Feature","properties":{"strength":0.23},"geometry":{"type":"LineString","coordinates":[[-47.9238,28.3945],[-47.2203,28.8576]]}},{"type":"Feature","properties":{"strength":0.421},"geometry":{"type":"LineString","coordinates":[[78.7005,-3.4274],[80.6351,-5.5312]]}},{"type":"Feature","properties":{"strength":0.092},"geometry":{"type":"LineString","coordinates":[[-33.151,-23.9772],[-32.2716,-25.0971]]}},{"type":"Feature","properties":{"strength":0.197},"geometry":{"type":"LineString","coordinates":[[-21.192,15.2066],[-20.1368,14.186],[-20.1368,13.8447],[-19.7851,13.5029],[-18.554,13.3319]]}},{"type":"Feature","properties":{"strength":0.622},"geometry":{"type":"LineString","coordinates":[[-77.8212,10.5793],[-77.1177,10.7522]]}},{"type":"Feature","properties":{"strength":0.202},"geometry":{"type":"LineString","coordinates":[[136.2091,-35.5474],[136.2091,-35.9755],[136.9126,-36.5427],[138.4954,-37.2459]]}},{"type":"Feature","properties":{"strength":0.299},"geometry":{"type":"LineString","coordinates":[[68.5002,17.0649],[67.445,16.0534],[67.445,15.7151]]}},{"type":"Feature","properties":{"strength":0.424},"geometry":{"type":"LineString","coordinates":[[118.9741,20.3954],[118.7982,20.5601],[118.7982,21.3812]]}},{"type":"Feature","properties":{"strength":0.416},"geometry":{"type":"LineString","coordinates":[[118.9741,20.3954],[118.7982,20.2304],[118.7982,19.0711],[117.5672,18.238]]}},{"type":"Feature","properties":{"strength":0.361},"geometry":{"type":"LineString","coordinates":[[58.6517,14.3564],[57.9482,14.3564]]}},{"type":"Feature","properties":{"strength":0.324},"geometry":{"type":"LineString","coordinates":[[133.7469,23.4942],[133.5711,23.3328],[133.5711,22.523],[132.6917,21.7084]]}},{"type":"Feature","properties":{"strength":0.22},"geometry":{"type":"LineString","coordinates":[[-62.169,15.5458],[-61.4656,16.2224],[-60.7621,16.3912],[-60.0586,17.2329]]}},{"type":"Feature","properties":{"strength":0.143},"geometry":{"type":"LineString","coordinates":[[164.3478,-22.523],[164.172,-21.8717]]}},{"type":"Feature","properties":{"strength":0.057},"geometry":{"type":"LineString","coordinates":[[-91.8906,8.1502],[-92.7699,8.3242],[-93.8251,8.1502]]}},{"type":"Feature","properties":{"strength":0.05},"geometry":{"type":"LineString","coordinates":[[74.3039,-30.2345],[72.0176,-30.9913]]}},{"type":"Feature","properties":{"strength":0.788},"geometry":{"type":"LineString","coordinates":[[12.9262,55.0465],[12.5745,55.3477],[12.5745,56.0415],[11.6952,56.5296]]}},{"type":"Feature","properties":{"strength":0.265},"geometry":{"type":"LineString","coordinates":[[-87.1422,20.7247],[-86.4387,20.7247]]}},{"type":"Feature","properties":{"strength":0.373},"geometry":{"type":"LineString","coordinates":[[-56.3654,7.4532],[-56.3654,7.1043],[-55.4861,6.4058]]}},{"type":"Feature","properties":{"strength":0.043},"geometry":{"type":"LineString","coordinates":[[52.1446,2.7249],[52.3205,3.6029]]}},{"type":"Feature","properties":{"strength":0.214},"geometry":{"type":"LineString","coordinates":[[-68.6761,35.5474],[-69.5554,36.2596],[-71.1383,36.2596]]}},{"type":"Feature","properties":{"strength":0.472},"geometry":{"type":"LineString","coordinates":[[175.0757,-34.8287],[175.0757,-35.5474],[175.4275,-35.9755]]}},{"type":"Feature","properties":{"strength":0.571},"geometry":{"type":"LineString","coordinates":[[85.7352,-1.6705],[86.4387,-0.7914],[86.9663,-0.6155],[88.0215,0.4397],[88.1974,0.9672]]}},{"type":"Feature","properties":{"strength":0.318},"geometry":{"type":"LineString","coordinates":[[85.7352,-1.6705],[87.318,-3.0762]]}},{"type":"Feature","properties":{"strength":0.226},"geometry":{"type":"LineString","coordinates":[[-88.3732,25.2562],[-88.725,26.0489]]}},{"type":"Feature","properties":{"strength":0.567},"geometry":{"type":"LineString","coordinates":[[7.2985,63.8393],[7.2985,63.5274]]}},{"type":"Feature","properties":{"strength":0.371},"geometry":{"type":"LineString","coordinates":[[159.0718,45.2924],[159.5994,46.3949],[159.5994,47.2374]]}},{"type":"Feature","properties":{"strength":0.544},"geometry":{"type":"LineString","coordinates":[[132.1641,42.764],[133.5711,41.8536]]}},{"type":"Feature","properties":{"strength":0.032},"geometry":{"type":"LineString","coordinates":[[-41.2408,44.4197],[-42.1202,43.6612]]}},{"type":"Feature","properties":{"strength":0.103},"geometry":{"type":"LineString","coordinates":[[-40.1856,45.0444],[-38.7787,45.0444]]}},{"type":"Feature","properties":{"strength":0.478},"geometry":{"type":"LineString","coordinates":[[114.4016,-6.9298],[113.874,-7.4532],[112.9946,-7.2788],[112.8188,-7.1043],[112.8188,-5.5312]]}},{"type":"Feature","properties":{"strength":0.389},"geometry":{"type":"LineString","coordinates":[[114.4016,-29.1652],[114.4016,-29.4719],[113.6981,-30.0824]]}},{"type":"Feature","properties":{"strength":0.218},"geometry":{"type":"LineString","coordinates":[[128.1192,-4.48],[128.1192,-4.1293],[127.7675,-3.7784]]}},{"type":"Feature","properties":{"strength":0.09},"geometry":{"type":"LineString","coordinates":[[148.8715,2.0221],[148.1681,2.5492]]}},{"type":"Feature","properties":{"strength":0.629},"geometry":{"type":"LineString","coordinates":[[120.0293,7.8019],[121.0845,9.1933]]}},{"type":"Feature","properties":{"strength":0.063},"geometry":{"type":"LineString","coordinates":[[161.7098,30.3863],[161.7098,29.6248]]}},{"type":"Feature","properties":{"strength":0.333},"geometry":{"type":"LineString","coordinates":[[144.8266,-9.0197],[145.7059,-9.0197]]}},{"type":"Feature","properties":{"strength":0.279},"geometry":{"type":"LineString","coordinates":[[-118.7982,30.9913],[-117.9189,30.9913]]}},{"type":"Feature","properties":{"strength":0.822},"geometry":{"type":"LineString","coordinates":[[38.427,20.0653],[38.9546,19.7346],[40.1856,17.4008],[41.9443,15.2066]]}},{"type":"Feature","properties":{"strength":0.22},"geometry":{"type":"LineString","coordinates":[[-14.6849,-27.306],[-14.8608,-27.9293],[-14.8608,-31.5924]]}},{"type":"Feature","properties":{"strength":0.107},"geometry":{"type":"LineString","coordinates":[[18.7298,61.3308],[18.7298,62.2452]]}},{"type":"Feature","properties":{"strength":0.37},"geometry":{"type":"LineString","coordinates":[[-74.128,-25.7325],[-74.128,-24.7781],[-74.4797,-23.9772],[-74.8315,-21.8717],[-75.7108,-19.2372]]}},{"type":"Feature","properties":{"strength":0.648},"geometry":{"type":"LineString","coordinates":[[154.3234,-27.6181],[154.1475,-29.7776],[153.7958,-31.1419]]}},{"type":"Feature","properties":{"strength":0.575},"geometry":{"type":"LineString","coordinates":[[33.6786,-32.7831],[33.151,-33.0783],[31.2164,-33.5193],[29.9853,-34.2492]]}},{"type":"Feature","properties":{"strength":0.088},"geometry":{"type":"LineString","coordinates":[[-39.658,7.2788],[-41.4167,5.7062],[-42.296,5.3561]]}},{"type":"Feature","properties":{"strength":0.091},"geometry":{"type":"LineString","coordinates":[[159.0718,51.6909],[160.127,52.2327]]}},{"type":"Feature","properties":{"strength":0.034},"geometry":{"type":"LineString","coordinates":[[160.127,30.9913],[159.7753,30.9913],[159.0718,30.3863]]}},{"type":"Feature","properties":{"strength":0.66},"geometry":{"type":"LineString","coordinates":[[20.1368,58.1428],[20.6644,57.8633],[23.1265,57.9567]]}},{"type":"Feature","properties":{"strength":0.238},"geometry":{"type":"LineString","coordinates":[[-1.4949,59.5082],[-1.8466,59.6862],[-2.9018,59.7748]]}},{"type":"Feature","properties":{"strength":0.334},"geometry":{"type":"LineString","coordinates":[[121.4362,11.9591],[121.788,12.303],[121.788,12.6464]]}},{"type":"Feature","properties":{"strength":0.081},"geometry":{"type":"LineString","coordinates":[[-33.8544,9.5404],[-35.9648,6.9298],[-38.2511,4.6553]]}},{"type":"Feature","properties":{"strength":0.167},"geometry":{"type":"LineString","coordinates":[[80.8109,0.7914],[79.7557,0.7914],[79.5799,0.9672]]}},{"type":"Feature","properties":{"strength":0.641},"geometry":{"type":"LineString","coordinates":[[32.2716,33.0783],[32.4475,29.6248],[32.9751,28.5491],[34.2062,27.6181]]}},{"type":"Feature","properties":{"strength":0.121},"geometry":{"type":"LineString","coordinates":[[-62.6966,36.2596],[-61.9932,36.2596]]}},{"type":"Feature","properties":{"strength":0.354},"geometry":{"type":"LineString","coordinates":[[104.553,-6.4058],[103.8495,-5.8812]]}},{"type":"Feature","properties":{"strength":0.444},"geometry":{"type":"LineString","coordinates":[[-75.8867,39.5881],[-76.5901,39.1803],[-76.2384,37.2459],[-75.8867,36.9654],[-74.3039,36.8248],[-73.4245,36.1177]]}},{"type":"Feature","properties":{"strength":0.446},"geometry":{"type":"LineString","coordinates":[[-77.6453,32.7831],[-78.1729,33.2255],[-77.9971,34.2492]]}},{"type":"Feature","properties":{"strength":0.729},"geometry":{"type":"LineString","coordinates":[[-15.3884,8.1502],[-16.0918,8.8459]]}},{"type":"Feature","properties":{"strength":0.19},"geometry":{"type":"LineString","coordinates":[[-54.9585,25.7325],[-52.8481,26.2068]]}},{"type":"Feature","properties":{"strength":0.222},"geometry":{"type":"LineString","coordinates":[[-33.151,32.1897],[-33.8544,32.7831]]}},{"type":"Feature","properties":{"strength":0.265},"geometry":{"type":"LineString","coordinates":[[59.7069,17.5686],[59.7069,18.238]]}},{"type":"Feature","properties":{"strength":0.207},"geometry":{"type":"LineString","coordinates":[[2.1983,-0.2638],[2.1983,1.3189]]}},{"type":"Feature","properties":{"strength":0.172},"geometry":{"type":"LineString","coordinates":[[-3.0777,59.8633],[-3.0777,60.2146],[-3.6053,60.4756]]}},{"type":"Feature","properties":{"strength":0.243},"geometry":{"type":"LineString","coordinates":[[-94.001,12.303],[-95.4079,12.4748]]}},{"type":"Feature","properties":{"strength":0.359},"geometry":{"type":"LineString","coordinates":[[-136.5608,49.1135],[-136.2091,48.767],[-135.8574,48.767]]}},{"type":"Feature","properties":{"strength":0.09},"geometry":{"type":"LineString","coordinates":[[-169.448,44.5452],[-170.3273,44.5452],[-170.679,44.7953]]}},{"type":"Feature","properties":{"strength":0.103},"geometry":{"type":"LineString","coordinates":[[-57.5965,30.2345],[-57.5965,30.5379],[-59.531,32.1897]]}},{"type":"Feature","properties":{"strength":0.026},"geometry":{"type":"LineString","coordinates":[[-59.1793,-43.4062],[-59.3552,-43.6612],[-59.8828,-43.4062]]}},{"type":"Feature","properties":{"strength":0.521},"geometry":{"type":"LineString","coordinates":[[-24.0059,10.0603],[-24.5335,9.7138],[-24.5335,9.3669]]}},{"type":"Feature","properties":{"strength":0.115},"geometry":{"type":"LineString","coordinates":[[-46.6927,28.8576],[-45.2858,30.2345]]}},{"type":"Feature","properties":{"strength":0.154},"geometry":{"type":"LineString","coordinates":[[-35.789,32.0407],[-35.789,31.2923]]}},{"type":"Feature","properties":{"strength":0.503},"geometry":{"type":"LineString","coordinates":[[109.6532,9.8871],[109.1255,10.4064],[107.5427,10.4064],[107.3669,10.2334]]}},{"type":"Feature","properties":{"strength":0.484},"geometry":{"type":"LineString","coordinates":[[-72.3693,-29.6248],[-72.0176,-29.3186],[-72.0176,-28.2396],[-71.6659,-27.4622],[-71.6659,-26.6792],[-71.3141,-26.3645],[-71.3141,-24.6184],[-70.9624,-23.4942],[-70.9624,-22.1977]]}},{"type":"Feature","properties":{"strength":0.19},"geometry":{"type":"LineString","coordinates":[[145.1783,35.5474],[143.9472,36.5427]]}},{"type":"Feature","properties":{"strength":0.167},"geometry":{"type":"LineString","coordinates":[[147.9922,2.7249],[147.6404,2.7249],[144.4748,6.0561],[143.9472,6.231]]}},{"type":"Feature","properties":{"strength":0.015},"geometry":{"type":"LineString","coordinates":[[-47.7479,26.8362],[-49.5066,26.5219]]}},{"type":"Feature","properties":{"strength":0.465},"geometry":{"type":"LineString","coordinates":[[27.3473,-34.9729],[29.106,-34.6842],[29.8095,-34.3945]]}},{"type":"Feature","properties":{"strength":0.325},"geometry":{"type":"LineString","coordinates":[[-31.2164,-5.0058],[-29.6336,-4.8306]]}},{"type":"Feature","properties":{"strength":0.255},"geometry":{"type":"LineString","coordinates":[[42.9995,-3.4274],[40.7132,-3.9539]]}},{"type":"Feature","properties":{"strength":0.293},"geometry":{"type":"LineString","coordinates":[[-66.214,45.2924],[-66.214,44.92],[-66.9174,44.294],[-66.9174,43.2783],[-66.7416,43.1501]]}},{"type":"Feature","properties":{"strength":0.664},"geometry":{"type":"LineString","coordinates":[[121.788,12.9894],[121.2604,13.6739],[120.0293,13.6739]]}},{"type":"Feature","properties":{"strength":0.581},"geometry":{"type":"LineString","coordinates":[[141.8368,-0.9672],[143.0679,-2.1978],[144.299,-2.9006],[145.1783,-3.0762]]}},{"type":"Feature","properties":{"strength":0.193},"geometry":{"type":"LineString","coordinates":[[131.8124,20.2304],[130.0537,21.8717],[129.702,21.8717]]}},{"type":"Feature","properties":{"strength":0.322},"geometry":{"type":"LineString","coordinates":[[131.8124,20.2304],[132.6917,21.0533],[132.6917,21.7084]]}},{"type":"Feature","properties":{"strength":0.182},"geometry":{"type":"LineString","coordinates":[[154.4993,-4.6553],[155.5545,-5.7062],[156.7855,-7.4532],[158.0166,-7.9761],[158.7201,-8.6721],[159.2477,-8.6721],[160.8305,-9.5404]]}},{"type":"Feature","properties":{"strength":0.015},"geometry":{"type":"LineString","coordinates":[[-16.9712,46.5161],[-17.8505,46.637]]}},{"type":"Feature","properties":{"strength":0.158},"geometry":{"type":"LineString","coordinates":[[-108.9497,23.8164],[-108.4221,23.4942],[-108.4221,23.1713]]}},{"type":"Feature","properties":{"strength":0.424},"geometry":{"type":"LineString","coordinates":[[86.2628,18.7383],[86.9663,19.2372]]}},{"type":"Feature","properties":{"strength":0.158},"geometry":{"type":"LineString","coordinates":[[172.086,-38.6329],[172.7894,-39.9935],[173.317,-40.2624]]}},{"type":"Feature","properties":{"strength":0.152},"geometry":{"type":"LineString","coordinates":[[17.8505,-35.6903],[17.8505,-36.6839]]}},{"type":"Feature","properties":{"strength":0.216},"geometry":{"type":"LineString","coordinates":[[-76.0625,-45.9076],[-76.2384,-47.1178]]}},{"type":"Feature","properties":{"strength":0.164},"geometry":{"type":"LineString","coordinates":[[59.3552,-6.9298],[61.1138,-6.231]]}},{"type":"Feature","properties":{"strength":0.103},"geometry":{"type":"LineString","coordinates":[[-42.8236,45.6623],[-43.703,46.2735],[-43.703,46.998],[-42.9995,47.5944],[-42.296,47.7129]]}},{"type":"Feature","properties":{"strength":0.117},"geometry":{"type":"LineString","coordinates":[[150.6302,-10.9249],[150.9819,-11.27],[151.8613,-11.4425]]}},{"type":"Feature","properties":{"strength":0.228},"geometry":{"type":"LineString","coordinates":[[-10.9917,47.7129],[-10.4641,47.2374]]}},{"type":"Feature","properties":{"strength":0.249},"geometry":{"type":"LineString","coordinates":[[103.6737,-5.7062],[103.3219,-5.0058],[102.4426,-4.48]]}},{"type":"Feature","properties":{"strength":0.395},"geometry":{"type":"LineString","coordinates":[[-7.2985,48.767],[-9.5848,47.2374]]}},{"type":"Feature","properties":{"strength":0.199},"geometry":{"type":"LineString","coordinates":[[-118.9741,31.1419],[-119.5017,32.1897]]}},{"type":"Feature","properties":{"strength":0.108},"geometry":{"type":"LineString","coordinates":[[167.8652,45.7851],[170.8549,43.6612],[171.7342,43.6612],[172.086,43.9151]]}},{"type":"Feature","properties":{"strength":0.75},"geometry":{"type":"LineString","coordinates":[[146.4094,-4.3047],[145.3542,-3.2518]]}},{"type":"Feature","properties":{"strength":0.605},"geometry":{"type":"LineString","coordinates":[[-35.9648,-14.8669],[-36.3166,-16.2224],[-36.8442,-16.7283]]}},{"type":"Feature","properties":{"strength":0.023},"geometry":{"type":"LineString","coordinates":[[151.8613,28.0846],[151.5095,27.7738],[151.5095,27.4622]]}},{"type":"Feature","properties":{"strength":0.563},"geometry":{"type":"LineString","coordinates":[[-179.4724,53.7152],[-178.7689,54.2324],[-172.2618,54.4374],[-172.086,54.5396],[-165.7548,54.5396],[-161.534,54.0263],[-158.5442,53.9228],[-155.7303,53.611],[-155.2027,53.7152],[-153.7958,52.8743]]}},{"type":"Feature","properties":{"strength":0.232},"geometry":{"type":"LineString","coordinates":[[-34.0303,32.7831],[-34.5579,32.1897]]}},{"type":"Feature","properties":{"strength":0.176},"geometry":{"type":"LineString","coordinates":[[10.4641,-6.7552],[9.7606,-6.5805]]}},{"type":"Feature","properties":{"strength":0.139},"geometry":{"type":"LineString","coordinates":[[-21.192,23.1713],[-21.8955,23.1713]]}},{"type":"Feature","properties":{"strength":0.449},"geometry":{"type":"LineString","coordinates":[[146.937,-18.4049],[147.2887,-17.7361]]}},{"type":"Feature","properties":{"strength":0.045},"geometry":{"type":"LineString","coordinates":[[-120.2052,26.2068],[-120.5569,25.8908],[-120.5569,24.7781]]}},{"type":"Feature","properties":{"strength":0.086},"geometry":{"type":"LineString","coordinates":[[-57.0689,35.1169],[-57.0689,37.5254],[-57.2447,37.6648]]}},{"type":"Feature","properties":{"strength":0.189},"geometry":{"type":"LineString","coordinates":[[-62.169,18.5717],[-61.8173,18.5717],[-60.938,17.5686]]}},{"type":"Feature","properties":{"strength":0.158},"geometry":{"type":"LineString","coordinates":[[-8.8813,58.5122],[-7.6502,58.7867]]}},{"type":"Feature","properties":{"strength":0.106},"geometry":{"type":"LineString","coordinates":[[-72.8969,24.4584],[-72.3693,24.9377],[-72.3693,25.2562],[-72.5452,25.4152],[-73.9521,25.4152]]}},{"type":"Feature","properties":{"strength":0.31},"geometry":{"type":"LineString","coordinates":[[-92.7699,25.8908],[-91.5388,26.0489]]}},{"type":"Feature","properties":{"strength":0.482},"geometry":{"type":"LineString","coordinates":[[9.9365,63.6057],[8.5296,64.2243]]}},{"type":"Feature","properties":{"strength":0.55},"geometry":{"type":"LineString","coordinates":[[-6.9468,57.1071],[-7.2985,56.9155],[-7.4744,56.5296]]}},{"type":"Feature","properties":{"strength":0.104},"geometry":{"type":"LineString","coordinates":[[-50.2101,28.8576],[-49.1549,29.6248]]}},{"type":"Feature","properties":{"strength":0.074},"geometry":{"type":"LineString","coordinates":[[-32.7992,10.5793],[-33.6786,9.7138]]}},{"type":"Feature","properties":{"strength":0.435},"geometry":{"type":"LineString","coordinates":[[112.8188,19.9],[114.2257,19.9],[114.4016,20.0653]]}},{"type":"Feature","properties":{"strength":0.271},"geometry":{"type":"LineString","coordinates":[[112.8188,19.9],[111.5877,18.7383],[111.4118,18.238],[110.0049,17.0649]]}},{"type":"Feature","properties":{"strength":0.298},"geometry":{"type":"LineString","coordinates":[[175.9551,47.5944],[174.724,47.3567]]}},{"type":"Feature","properties":{"strength":0.266},"geometry":{"type":"LineString","coordinates":[[69.3796,10.2334],[69.5554,10.4064],[69.5554,11.787]]}},{"type":"Feature","properties":{"strength":0.066},"geometry":{"type":"LineString","coordinates":[[-174.3723,45.6623],[-174.3723,45.0444]]}},{"type":"Feature","properties":{"strength":0.676},"geometry":{"type":"LineString","coordinates":[[154.3234,-22.6853],[154.3234,-24.2982],[154.1475,-24.4584]]}},{"type":"Feature","properties":{"strength":0.16},"geometry":{"type":"LineString","coordinates":[[-18.0264,29.7776],[-17.3229,30.2345]]}},{"type":"Feature","properties":{"strength":0.053},"geometry":{"type":"LineString","coordinates":[[-36.8442,10.0603],[-37.5476,10.5793]]}},{"type":"Feature","properties":{"strength":0.808},"geometry":{"type":"LineString","coordinates":[[37.1959,23.4942],[37.1959,23.1713],[38.0752,22.0348],[38.2511,20.2304]]}},{"type":"Feature","properties":{"strength":0.284},"geometry":{"type":"LineString","coordinates":[[17.4988,33.6658],[18.2022,33.6658]]}},{"type":"Feature","properties":{"strength":0.491},"geometry":{"type":"LineString","coordinates":[[174.724,54.0263],[176.4827,54.1294],[176.6585,54.2324],[178.7689,54.2324]]}},{"type":"Feature","properties":{"strength":0.203},"geometry":{"type":"LineString","coordinates":[[113.5222,5.3561],[113.3464,5.5312],[112.467,5.3561],[111.4118,4.3047]]}},{"type":"Feature","properties":{"strength":0.464},"geometry":{"type":"LineString","coordinates":[[12.5745,-28.2396],[10.2882,-26.5219],[9.5848,-25.4152],[8.7054,-24.6184],[8.5296,-24.1378],[6.9468,-22.3604],[6.7709,-21.8717],[3.957,-18.7383],[0.9673,-14.6969],[-0.0879,-13.6739],[-0.0879,-13.3319],[-1.8466,-11.4425]]}},{"type":"Feature","properties":{"strength":0.053},"geometry":{"type":"LineString","coordinates":[[51.2653,3.0762],[51.617,3.7784]]}},{"type":"Feature","properties":{"strength":0.06},"geometry":{"type":"LineString","coordinates":[[144.299,-40.1281],[145.1783,-40.1281]]}},{"type":"Feature","properties":{"strength":0.537},"geometry":{"type":"LineString","coordinates":[[-129.1744,46.5161],[-130.4055,46.878]]}},{"type":"Feature","properties":{"strength":0.291},"geometry":{"type":"LineString","coordinates":[[115.4568,-9.1933],[115.105,-8.8459],[114.7533,-8.8459]]}},{"type":"Feature","properties":{"strength":0.317},"geometry":{"type":"LineString","coordinates":[[142.892,34.2492],[143.0679,36.2596],[143.4196,36.5427],[143.7714,36.5427]]}},{"type":"Feature","properties":{"strength":0.231},"geometry":{"type":"LineString","coordinates":[[-72.8969,23.6554],[-72.0176,23.3328]]}},{"type":"Feature","properties":{"strength":0.641},"geometry":{"type":"LineString","coordinates":[[-79.9316,24.7781],[-81.1627,24.1378]]}},{"type":"Feature","properties":{"strength":0.534},"geometry":{"type":"LineString","coordinates":[[-79.9316,24.7781],[-79.5799,24.4584],[-79.2281,23.4942]]}},{"type":"Feature","properties":{"strength":0.482},"geometry":{"type":"LineString","coordinates":[[174.724,-41.7225],[174.3723,-40.7971],[174.0205,-40.5303],[173.6688,-40.5303]]}},{"type":"Feature","properties":{"strength":0.188},"geometry":{"type":"LineString","coordinates":[[146.7611,24.7781],[145.7059,24.7781],[145.3542,24.4584]]}},{"type":"Feature","properties":{"strength":0.269},"geometry":{"type":"LineString","coordinates":[[117.0396,-15.8844],[116.8637,-15.0369],[116.512,-14.6969]]}},{"type":"Feature","properties":{"strength":0.069},"geometry":{"type":"LineString","coordinates":[[-43.5271,30.3863],[-45.2858,30.2345]]}},{"type":"Feature","properties":{"strength":0.1},"geometry":{"type":"LineString","coordinates":[[-33.5027,41.5911],[-33.151,42.1151]]}},{"type":"Feature","properties":{"strength":0.724},"geometry":{"type":"LineString","coordinates":[[134.6263,30.5379],[132.1641,32.6351],[132.1641,33.5193],[131.9883,33.6658]]}},{"type":"Feature","properties":{"strength":0.391},"geometry":{"type":"LineString","coordinates":[[112.1153,-23.9772],[112.6429,-23.4942],[112.9946,-21.3812],[113.3464,-20.7247]]}},{"type":"Feature","properties":{"strength":0.248},"geometry":{"type":"LineString","coordinates":[[-122.6673,32.7831],[-123.3708,32.6351],[-124.7777,31.4425]]}},{"type":"Feature","properties":{"strength":0.22},"geometry":{"type":"LineString","coordinates":[[-6.0674,-28.2396],[-6.0674,-30.0824],[-6.595,-30.6893]]}},{"type":"Feature","properties":{"strength":0.196},"geometry":{"type":"LineString","coordinates":[[75.1832,-0.2638],[75.7108,-0.7914],[77.2936,-0.7914],[77.4695,-0.9672]]}},{"type":"Feature","properties":{"strength":0.149},"geometry":{"type":"LineString","coordinates":[[135.6815,-1.1431],[136.0332,-1.3189],[137.616,-1.3189],[138.3195,-0.6155]]}},{"type":"Feature","properties":{"strength":0.494},"geometry":{"type":"LineString","coordinates":[[4.8363,52.0168],[3.7811,51.9084]]}},{"type":"Feature","properties":{"strength":0.224},"geometry":{"type":"LineString","coordinates":[[-64.6312,39.9935],[-61.6414,37.6648]]}},{"type":"Feature","properties":{"strength":0.068},"geometry":{"type":"LineString","coordinates":[[68.1485,12.818],[66.9174,12.818]]}},{"type":"Feature","properties":{"strength":0.128},"geometry":{"type":"LineString","coordinates":[[67.2692,-5.7062],[67.6209,-4.8306],[67.445,-4.48]]}},{"type":"Feature","properties":{"strength":0.084},"geometry":{"type":"LineString","coordinates":[[-42.6478,4.48],[-41.7684,4.48]]}},{"type":"Feature","properties":{"strength":0.804},"geometry":{"type":"LineString","coordinates":[[123.3708,38.2195],[123.3708,37.1058],[124.0743,36.1177]]}},{"type":"Feature","properties":{"strength":0.094},"geometry":{"type":"LineString","coordinates":[[-60.5862,-44.168],[-60.938,-45.0444]]}},{"type":"Feature","properties":{"strength":0.252},"geometry":{"type":"LineString","coordinates":[[25.0611,71.7349],[23.83,71.6244]]}},{"type":"Feature","properties":{"strength":0.161},"geometry":{"type":"LineString","coordinates":[[8.5296,-3.0762],[9.0572,-3.6029],[9.0572,-4.1293],[9.5848,-5.0058]]}},{"type":"Feature","properties":{"strength":0.393},"geometry":{"type":"LineString","coordinates":[[19.2574,-35.6903],[19.4333,-35.5474],[21.8955,-35.4041]]}},{"type":"Feature","properties":{"strength":0.2},"geometry":{"type":"LineString","coordinates":[[-51.9687,26.993],[-52.8481,26.2068]]}},{"type":"Feature","properties":{"strength":0.12},"geometry":{"type":"LineString","coordinates":[[-7.6502,56.4324],[-8.3537,56.1396],[-8.7054,55.6465]]}},{"type":"Feature","properties":{"strength":0.024},"geometry":{"type":"LineString","coordinates":[[-51.0894,7.2788],[-50.5618,6.7552],[-50.0342,6.7552]]}},{"type":"Feature","properties":{"strength":0.627},"geometry":{"type":"LineString","coordinates":[[3.2535,52.4476],[4.8363,52.4476],[5.0122,52.1249]]}},{"type":"Feature","properties":{"strength":0.242},"geometry":{"type":"LineString","coordinates":[[77.4695,-0.9672],[77.9971,-0.6155],[78.3488,0.0879],[78.7005,0.0879]]}},{"type":"Feature","properties":{"strength":0.165},"geometry":{"type":"LineString","coordinates":[[16.0918,69.1481],[16.0918,69.3971]]}},{"type":"Feature","properties":{"strength":0.248},"geometry":{"type":"LineString","coordinates":[[-45.2858,-29.7776],[-45.2858,-29.4719],[-46.6927,-28.2396]]}},{"type":"Feature","properties":{"strength":0.181},"geometry":{"type":"LineString","coordinates":[[142.7162,46.0298],[142.7162,46.5161]]}},{"type":"Feature","properties":{"strength":0.206},"geometry":{"type":"LineString","coordinates":[[-24.3576,-34.8287],[-39.8339,-34.9729],[-40.0098,-34.8287],[-41.9443,-34.8287],[-42.1202,-34.6842]]}},{"type":"Feature","properties":{"strength":0.078},"geometry":{"type":"LineString","coordinates":[[-34.382,13.1607],[-35.2614,13.1607],[-35.4372,12.9894]]}},{"type":"Feature","properties":{"strength":0.157},"geometry":{"type":"LineString","coordinates":[[172.4377,-44.294],[172.086,-44.168],[171.3825,-44.5452],[171.5584,-45.0444]]}},{"type":"Feature","properties":{"strength":0.337},"geometry":{"type":"LineString","coordinates":[[132.6917,21.7084],[130.4055,23.8164],[130.2296,24.4584]]}},{"type":"Feature","properties":{"strength":0.353},"geometry":{"type":"LineString","coordinates":[[8.1778,-0.6155],[8.1778,-1.8463],[8.5296,-2.9006]]}},{"type":"Feature","properties":{"strength":0.261},"geometry":{"type":"LineString","coordinates":[[136.7367,-8.8459],[137.0884,-8.4982],[137.0884,-7.9761]]}},{"type":"Feature","properties":{"strength":0.578},"geometry":{"type":"LineString","coordinates":[[125.6571,28.8576],[125.3053,28.8576],[123.0191,26.8362],[122.1397,26.6792]]}},{"type":"Feature","properties":{"strength":0.384},"geometry":{"type":"LineString","coordinates":[[-57.2447,-39.0438],[-57.9482,-38.9071],[-58.8276,-39.1803],[-61.4656,-39.3165],[-62.3449,-38.7701]]}},{"type":"Feature","properties":{"strength":0.03},"geometry":{"type":"LineString","coordinates":[[-76.2384,-45.416],[-76.5901,-45.1685],[-76.5901,-44.7953]]}},{"type":"Feature","properties":{"strength":0.184},"geometry":{"type":"LineString","coordinates":[[-41.7684,31.1419],[-43.3512,30.3863]]}},{"type":"Feature","properties":{"strength":0.084},"geometry":{"type":"LineString","coordinates":[[-55.4861,19.4032],[-55.8378,20.0653]]}},{"type":"Feature","properties":{"strength":0.233},"geometry":{"type":"LineString","coordinates":[[-125.6571,31.4425],[-124.9536,31.4425]]}},{"type":"Feature","properties":{"strength":0.423},"geometry":{"type":"LineString","coordinates":[[19.6092,62.571],[19.7851,63.0532],[20.3127,63.2913]]}},{"type":"Feature","properties":{"strength":0.053},"geometry":{"type":"LineString","coordinates":[[166.9858,30.2345],[163.4685,30.2345],[163.2926,30.3863]]}},{"type":"Feature","properties":{"strength":0.083},"geometry":{"type":"LineString","coordinates":[[-0.6155,57.3925],[0.4397,57.8633]]}},{"type":"Feature","properties":{"strength":0.191},"geometry":{"type":"LineString","coordinates":[[93.4734,13.6739],[92.9458,14.186],[92.7699,14.6969]]}},{"type":"Feature","properties":{"strength":0.283},"geometry":{"type":"LineString","coordinates":[[113.3464,6.9298],[114.0498,6.9298],[114.4016,6.5805]]}},{"type":"Feature","properties":{"strength":0.086},"geometry":{"type":"LineString","coordinates":[[-41.9443,26.993],[-40.7132,27.7738],[-40.3615,27.7738],[-39.1304,28.3945]]}},{"type":"Feature","properties":{"strength":0.198},"geometry":{"type":"LineString","coordinates":[[144.1231,26.3645],[144.1231,27.7738],[143.7714,28.7034],[143.7714,29.7776]]}},{"type":"Feature","properties":{"strength":0.194},"geometry":{"type":"LineString","coordinates":[[1.6707,-25.8908],[-0.4397,-27.7738]]}},{"type":"Feature","properties":{"strength":0.545},"geometry":{"type":"LineString","coordinates":[[108.2462,0.2638],[108.2462,2.0221]]}},{"type":"Feature","properties":{"strength":0.036},"geometry":{"type":"LineString","coordinates":[[-26.2921,45.6623],[-26.8197,46.0298],[-27.1715,45.7851]]}},{"type":"Feature","properties":{"strength":0.096},"geometry":{"type":"LineString","coordinates":[[-26.2921,45.6623],[-26.9956,45.416]]}},{"type":"Feature","properties":{"strength":0.304},"geometry":{"type":"LineString","coordinates":[[-77.6453,32.6351],[-77.8212,32.1897],[-78.3488,31.7421]]}},{"type":"Feature","properties":{"strength":0.28},"geometry":{"type":"LineString","coordinates":[[142.7162,31.1419],[139.7264,30.9913],[139.023,30.3863]]}},{"type":"Feature","properties":{"strength":0.462},"geometry":{"type":"LineString","coordinates":[[-59.1793,10.5793],[-59.7069,11.0975],[-60.2345,11.27]]}},{"type":"Feature","properties":{"strength":0.49},"geometry":{"type":"LineString","coordinates":[[82.5696,15.2066],[83.4489,16.5598]]}},{"type":"Feature","properties":{"strength":0.518},"geometry":{"type":"LineString","coordinates":[[-79.9316,-2.1978],[-80.4592,-2.7249],[-81.5144,-2.9006]]}},{"type":"Feature","properties":{"strength":0.236},"geometry":{"type":"LineString","coordinates":[[68.3244,-3.7784],[68.1485,-4.1293],[67.445,-4.48]]}},{"type":"Feature","properties":{"strength":0.191},"geometry":{"type":"LineString","coordinates":[[16.7953,69.1481],[16.7953,69.3351],[16.4436,69.4589]]}},{"type":"Feature","properties":{"strength":0.046},"geometry":{"type":"LineString","coordinates":[[-95.0562,23.6554],[-94.5286,23.8164],[-94.001,24.2982]]}},{"type":"Feature","properties":{"strength":0.058},"geometry":{"type":"LineString","coordinates":[[-29.6336,-31.8915],[-29.8095,-32.0407],[-31.3923,-32.0407],[-31.5681,-31.8915],[-31.744,-32.0407]]}},{"type":"Feature","properties":{"strength":0.644},"geometry":{"type":"LineString","coordinates":[[25.4128,38.2195],[25.4128,36.9654]]}},{"type":"Feature","properties":{"strength":0.034},"geometry":{"type":"LineString","coordinates":[[-57.5965,30.0824],[-58.4758,29.3186]]}},{"type":"Feature","properties":{"strength":0.31},"geometry":{"type":"LineString","coordinates":[[-72.7211,22.0348],[-71.8417,23.0095]]}},{"type":"Feature","properties":{"strength":0.356},"geometry":{"type":"LineString","coordinates":[[110.5325,7.2788],[110.0049,6.5805]]}},{"type":"Feature","properties":{"strength":0.108},"geometry":{"type":"LineString","coordinates":[[9.5848,-5.0058],[10.64,-5.181]]}},{"type":"Feature","properties":{"strength":0.403},"geometry":{"type":"LineString","coordinates":[[126.1847,28.0846],[126.8881,28.0846]]}},{"type":"Feature","properties":{"strength":0.171},"geometry":{"type":"LineString","coordinates":[[-118.2706,25.4152],[-116.6878,25.4152],[-116.512,26.2068]]}},{"type":"Feature","properties":{"strength":0.421},"geometry":{"type":"LineString","coordinates":[[114.5774,-32.4869],[115.4568,-33.0783]]}},{"type":"Feature","properties":{"strength":0.183},"geometry":{"type":"LineString","coordinates":[[-37.1959,32.0407],[-36.6683,31.5924],[-36.6683,31.1419]]}},{"type":"Feature","properties":{"strength":0.408},"geometry":{"type":"LineString","coordinates":[[163.6444,51.3627],[164.5237,52.0168]]}},{"type":"Feature","properties":{"strength":0.28},"geometry":{"type":"LineString","coordinates":[[163.6444,51.3627],[163.1168,51.2527],[162.4133,50.3637],[160.8305,49.3432]]}},{"type":"Feature","properties":{"strength":0.035},"geometry":{"type":"LineString","coordinates":[[-146.937,30.0824],[-150.4543,30.0824]]}},{"type":"Feature","properties":{"strength":0.216},"geometry":{"type":"LineString","coordinates":[[-27.5232,37.9427],[-28.5784,38.7701]]}},{"type":"Feature","properties":{"strength":0.532},"geometry":{"type":"LineString","coordinates":[[22.9507,40.6638],[22.7748,40.2624],[23.1265,39.8586],[23.6541,39.4524],[24.8852,39.1803]]}},{"type":"Feature","properties":{"strength":0.18},"geometry":{"type":"LineString","coordinates":[[-178.2413,47.1178],[-178.2413,47.3567],[-177.8896,47.4757]]}},{"type":"Feature","properties":{"strength":0.61},"geometry":{"type":"LineString","coordinates":[[17.8505,39.5881],[18.7298,39.5881]]}},{"type":"Feature","properties":{"strength":0.436},"geometry":{"type":"LineString","coordinates":[[107.191,2.3735],[105.9599,1.3189]]}},{"type":"Feature","properties":{"strength":0.626},"geometry":{"type":"LineString","coordinates":[[101.0357,11.6148],[100.6839,12.303]]}},{"type":"Feature","properties":{"strength":0.113},"geometry":{"type":"LineString","coordinates":[[59.531,15.7151],[61.8173,15.7151],[61.9932,16.3912]]}},{"type":"Feature","properties":{"strength":0.147},"geometry":{"type":"LineString","coordinates":[[-65.1588,41.9845],[-64.4553,43.1501]]}},{"type":"Feature","properties":{"strength":0.647},"geometry":{"type":"LineString","coordinates":[[13.6297,44.5452],[15.5642,42.893],[16.2677,42.764],[17.4988,41.8536],[18.3781,41.4594]]}},{"type":"Feature","properties":{"strength":0.227},"geometry":{"type":"LineString","coordinates":[[-11.6952,-31.7421],[-11.6952,-29.9301],[-13.278,-27.7738],[-13.8056,-27.306],[-14.509,-27.1496]]}},{"type":"Feature","properties":{"strength":0.052},"geometry":{"type":"LineString","coordinates":[[51.617,10.4064],[51.617,11.6148],[51.7929,11.787]]}},{"type":"Feature","properties":{"strength":0.13},"geometry":{"type":"LineString","coordinates":[[117.5672,14.186],[116.8637,14.3564],[116.512,14.6969]]}},{"type":"Feature","properties":{"strength":0.278},"geometry":{"type":"LineString","coordinates":[[139.5506,14.3564],[140.6058,15.2066]]}},{"type":"Feature","properties":{"strength":0.204},"geometry":{"type":"LineString","coordinates":[[141.3092,12.303],[142.3644,13.1607]]}},{"type":"Feature","properties":{"strength":0.217},"geometry":{"type":"LineString","coordinates":[[-129.1744,40.3965],[-129.1744,39.7235],[-131.6365,37.8039]]}},{"type":"Feature","properties":{"strength":0.562},"geometry":{"type":"LineString","coordinates":[[-79.404,26.2068],[-77.9971,25.8908],[-77.4695,25.5739]]}},{"type":"Feature","properties":{"strength":0.346},"geometry":{"type":"LineString","coordinates":[[-78.3488,4.48],[-78.1729,4.8306],[-78.7005,6.231],[-79.5799,6.9298]]}},{"type":"Feature","properties":{"strength":0.288},"geometry":{"type":"LineString","coordinates":[[-78.3488,4.48],[-79.9316,4.8306]]}},{"type":"Feature","properties":{"strength":0.245},"geometry":{"type":"LineString","coordinates":[[5.5398,40.9301],[5.7157,40.7971],[5.7157,40.1281]]}},{"type":"Feature","properties":{"strength":0.271},"geometry":{"type":"LineString","coordinates":[[-82.5696,11.0975],[-82.5696,10.2334],[-82.3937,10.0603],[-80.2833,10.0603]]}},{"type":"Feature","properties":{"strength":0.711},"geometry":{"type":"LineString","coordinates":[[117.0396,-2.3735],[116.8637,-1.8463],[117.3913,-1.4947]]}},{"type":"Feature","properties":{"strength":0.343},"geometry":{"type":"LineString","coordinates":[[-18.3781,11.787],[-18.7298,11.4425],[-19.0816,11.4425]]}},{"type":"Feature","properties":{"strength":0.52},"geometry":{"type":"LineString","coordinates":[[146.937,-18.5717],[147.9922,-19.569],[148.6957,-19.7346],[149.7509,-20.8891]]}},{"type":"Feature","properties":{"strength":0.726},"geometry":{"type":"LineString","coordinates":[[7.1226,63.4489],[5.7157,62.6519],[5.0122,62.4899]]}},{"type":"Feature","properties":{"strength":0.38},"geometry":{"type":"LineString","coordinates":[[35.9648,-25.8908],[35.6131,-26.0489],[34.9096,-27.1496]]}},{"type":"Feature","properties":{"strength":0.349},"geometry":{"type":"LineString","coordinates":[[35.9648,-25.8908],[36.1407,-26.0489],[37.02,-25.8908],[40.5374,-26.0489],[43.5271,-28.7034]]}},{"type":"Feature","properties":{"strength":0.657},"geometry":{"type":"LineString","coordinates":[[140.7816,34.2492],[139.9023,34.9729],[139.9023,35.6903],[140.0782,35.833]]}},{"type":"Feature","properties":{"strength":0.102},"geometry":{"type":"LineString","coordinates":[[57.7723,-1.1431],[56.893,-1.1431],[55.6619,0.0879]]}},{"type":"Feature","properties":{"strength":0.031},"geometry":{"type":"LineString","coordinates":[[-146.2335,30.0824],[-143.7714,30.0824],[-143.5955,29.9301]]}},{"type":"Feature","properties":{"strength":0.156},"geometry":{"type":"LineString","coordinates":[[-64.9829,14.5267],[-65.8622,13.8447]]}},{"type":"Feature","properties":{"strength":0.033},"geometry":{"type":"LineString","coordinates":[[-8.8813,58.4202],[-9.0572,57.9567]]}},{"type":"Feature","properties":{"strength":0.703},"geometry":{"type":"LineString","coordinates":[[105.9599,-0.2638],[105.9599,0.9672],[105.7841,1.1431]]}},{"type":"Feature","properties":{"strength":0.398},"geometry":{"type":"LineString","coordinates":[[-77.1177,3.9539],[-77.8212,3.9539]]}},{"type":"Feature","properties":{"strength":0.098},"geometry":{"type":"LineString","coordinates":[[-155.5545,51.5817],[-155.5545,50.1388]]}},{"type":"Feature","properties":{"strength":0.362},"geometry":{"type":"LineString","coordinates":[[40.3615,-6.0561],[40.0098,-5.3561]]}},{"type":"Feature","properties":{"strength":0.568},"geometry":{"type":"LineString","coordinates":[[39.4822,-19.0711],[37.3718,-22.6853],[36.6683,-23.1713]]}},{"type":"Feature","properties":{"strength":0.242},"geometry":{"type":"LineString","coordinates":[[170.5032,-29.4719],[170.679,-29.9301],[171.5584,-30.8404],[171.7342,-31.4425],[172.9653,-32.7831],[173.1412,-33.6658]]}},{"type":"Feature","properties":{"strength":0.577},"geometry":{"type":"LineString","coordinates":[[121.6121,-5.7062],[122.8432,-5.7062],[123.3708,-5.0058]]}},{"type":"Feature","properties":{"strength":0.067},"geometry":{"type":"LineString","coordinates":[[156.0821,30.5379],[159.0718,30.3863]]}},{"type":"Feature","properties":{"strength":0.358},"geometry":{"type":"LineString","coordinates":[[147.2887,-3.9539],[146.937,-3.9539],[146.5852,-4.3047]]}},{"type":"Feature","properties":{"strength":0.429},"geometry":{"type":"LineString","coordinates":[[-13.278,31.7421],[-13.278,32.7831],[-12.9262,33.2255]]}},{"type":"Feature","properties":{"strength":0.119},"geometry":{"type":"LineString","coordinates":[[-145.0024,54.4374],[-147.2887,54.4374],[-147.8163,54.335]]}},{"type":"Feature","properties":{"strength":0.347},"geometry":{"type":"LineString","coordinates":[[86.6146,2.7249],[88.1974,0.9672]]}},{"type":"Feature","properties":{"strength":0.147},"geometry":{"type":"LineString","coordinates":[[26.9956,71.4573],[28.0508,71.4573],[28.7543,71.3451]]}},{"type":"Feature","properties":{"strength":0.642},"geometry":{"type":"LineString","coordinates":[[77.6453,6.9298],[78.3488,7.6276],[78.3488,8.6721]]}},{"type":"Feature","properties":{"strength":0.419},"geometry":{"type":"LineString","coordinates":[[128.1192,10.4064],[127.9433,8.6721],[127.7675,8.4982],[127.7675,5.8812]]}},{"type":"Feature","properties":{"strength":0.744},"geometry":{"type":"LineString","coordinates":[[117.3913,-5.7062],[117.3913,-4.8306],[117.9189,-4.1293]]}},{"type":"Feature","properties":{"strength":0.549},"geometry":{"type":"LineString","coordinates":[[28.0508,60.2146],[26.8197,60.2146],[26.6439,60.1271]]}},{"type":"Feature","properties":{"strength":0.371},"geometry":{"type":"LineString","coordinates":[[105.0806,1.3189],[104.7289,0.9672],[104.0254,0.9672]]}},{"type":"Feature","properties":{"strength":0.1},"geometry":{"type":"LineString","coordinates":[[-82.7455,-2.1978],[-82.042,-2.1978]]}},{"type":"Feature","properties":{"strength":0.168},"geometry":{"type":"LineString","coordinates":[[-26.6439,40.9301],[-26.468,40.7971],[-24.8852,40.7971]]}},{"type":"Feature","properties":{"strength":0.057},"geometry":{"type":"LineString","coordinates":[[65.6864,-4.3047],[65.5105,-3.6029]]}},{"type":"Feature","properties":{"strength":0.373},"geometry":{"type":"LineString","coordinates":[[-10.9917,52.3403],[-10.9917,51.4723],[-10.8158,51.3627]]}},{"type":"Feature","properties":{"strength":0.085},"geometry":{"type":"LineString","coordinates":[[40.7132,-4.1293],[41.7684,-4.8306],[42.296,-4.8306],[44.2306,-5.5312],[44.934,-5.5312]]}},{"type":"Feature","properties":{"strength":0.26},"geometry":{"type":"LineString","coordinates":[[-71.1383,-19.7346],[-71.6659,-19.2372],[-72.0176,-19.2372]]}},{"type":"Feature","properties":{"strength":0.036},"geometry":{"type":"LineString","coordinates":[[57.2447,-30.2345],[56.7171,-30.5379],[56.0137,-30.5379]]}},{"type":"Feature","properties":{"strength":0.411},"geometry":{"type":"LineString","coordinates":[[58.1241,-23.0095],[55.8378,-23.9772],[52.1446,-24.7781]]}},{"type":"Feature","properties":{"strength":0.287},"geometry":{"type":"LineString","coordinates":[[-2.1983,45.7851],[-1.8466,45.5393],[-1.8466,44.6704],[-2.5501,44.168],[-3.2535,44.168],[-4.8363,45.416]]}},{"type":"Feature","properties":{"strength":0.252},"geometry":{"type":"LineString","coordinates":[[-24.0059,15.2066],[-24.3576,16.0534]]}},{"type":"Feature","properties":{"strength":0.402},"geometry":{"type":"LineString","coordinates":[[-42.8236,-0.4397],[-42.296,-0.9672],[-40.8891,-0.9672],[-40.7132,-1.1431],[-40.1856,-1.1431],[-39.658,-0.6155]]}},{"type":"Feature","properties":{"strength":0.561},"geometry":{"type":"LineString","coordinates":[[-69.7313,48.184],[-67.7968,49.2285],[-67.2692,49.2285],[-66.5657,49.6858],[-65.3346,49.7994]]}},{"type":"Feature","properties":{"strength":0.433},"geometry":{"type":"LineString","coordinates":[[117.3913,-19.2372],[116.8637,-18.5717],[116.8637,-18.0708]]}},{"type":"Feature","properties":{"strength":0.689},"geometry":{"type":"LineString","coordinates":[[-73.9521,20.5601],[-74.3039,21.2173]]}},{"type":"Feature","properties":{"strength":0.315},"geometry":{"type":"LineString","coordinates":[[150.9819,-0.4397],[151.6854,-0.4397]]}},{"type":"Feature","properties":{"strength":0.823},"geometry":{"type":"LineString","coordinates":[[124.9536,31.2923],[122.1397,31.2923]]}},{"type":"Feature","properties":{"strength":0.501},"geometry":{"type":"LineString","coordinates":[[-51.0894,-31.8915],[-49.6825,-33.0783]]}},{"type":"Feature","properties":{"strength":0.483},"geometry":{"type":"LineString","coordinates":[[-8.5296,-1.4947],[-8.1778,-2.7249],[-2.7259,-9.7138],[-2.0225,-11.27]]}},{"type":"Feature","properties":{"strength":0.44},"geometry":{"type":"LineString","coordinates":[[126.1847,4.48],[126.3605,5.0058],[127.064,5.7062]]}},{"type":"Feature","properties":{"strength":0.554},"geometry":{"type":"LineString","coordinates":[[14.1573,54.5396],[14.509,53.611]]}},{"type":"Feature","properties":{"strength":0.382},"geometry":{"type":"LineString","coordinates":[[-87.8456,23.6554],[-89.6043,22.0348],[-90.4836,22.0348]]}},{"type":"Feature","properties":{"strength":0.121},"geometry":{"type":"LineString","coordinates":[[-95.7596,12.1311],[-97.5183,10.5793],[-98.2218,10.5793],[-100.5081,11.27],[-102.4426,11.4425],[-109.4773,12.818],[-110.5325,12.818],[-112.8188,13.3319],[-114.2257,13.3319],[-115.2809,13.6739],[-117.9189,13.8447],[-119.3258,14.186],[-121.9638,14.3564],[-122.1397,14.5267],[-123.8984,14.5267],[-124.0743,14.6969],[-129.5261,15.0369],[-129.702,15.2066],[-132.1641,15.2066],[-132.34,15.3763],[-138.1436,15.5458],[-138.3195,15.7151],[-142.1886,15.7151],[-142.3644,15.5458],[-142.5403,15.7151],[-149.3991,15.7151],[-149.575,15.5458],[-151.3337,15.5458],[-151.5095,15.3763],[-155.7303,15.2066],[-158.1925,15.7151],[-161.0064,16.8967],[-162.2374,17.0649]]}},{"type":"Feature","properties":{"strength":0.434},"geometry":{"type":"LineString","coordinates":[[-74.128,25.8908],[-75.0073,26.2068],[-75.7108,26.2068]]}},{"type":"Feature","properties":{"strength":0.156},"geometry":{"type":"LineString","coordinates":[[-92.9458,22.3604],[-93.6492,22.1977]]}},{"type":"Feature","properties":{"strength":0.701},"geometry":{"type":"LineString","coordinates":[[107.0151,-3.6029],[107.191,-3.4274],[107.191,-1.3189]]}},{"type":"Feature","properties":{"strength":0.183},"geometry":{"type":"LineString","coordinates":[[71.1383,-1.8463],[71.3141,-1.6705],[72.1935,-1.6705],[72.5452,-2.0221]]}},{"type":"Feature","properties":{"strength":0.159},"geometry":{"type":"LineString","coordinates":[[-39.8339,34.1037],[-40.0098,33.5193]]}},{"type":"Feature","properties":{"strength":0.226},"geometry":{"type":"LineString","coordinates":[[-3.4294,57.9567],[-3.2535,58.328],[-2.5501,58.6954]]}},{"type":"Feature","properties":{"strength":0.348},"geometry":{"type":"LineString","coordinates":[[122.3156,-35.6903],[122.8432,-36.2596],[123.7225,-36.4013],[126.7123,-36.6839],[129.8779,-37.2459],[130.9331,-37.2459],[135.6815,-38.0812],[138.1436,-38.2195],[138.3195,-38.3576],[139.1988,-38.2195]]}},{"type":"Feature","properties":{"strength":0.049},"geometry":{"type":"LineString","coordinates":[[-145.0024,55.0465],[-145.53,55.1472],[-148.1681,55.0465],[-149.2233,54.4374]]}},{"type":"Feature","properties":{"strength":0.417},"geometry":{"type":"LineString","coordinates":[[41.9443,-13.1607],[42.296,-12.818],[42.296,-12.303]]}},{"type":"Feature","properties":{"strength":0.512},"geometry":{"type":"LineString","coordinates":[[-71.8417,20.3954],[-72.8969,20.3954],[-73.0728,20.5601]]}},{"type":"Feature","properties":{"strength":0.205},"geometry":{"type":"LineString","coordinates":[[-6.595,-1.1431],[-6.7709,-1.3189],[-8.002,-1.3189]]}},{"type":"Feature","properties":{"strength":0.064},"geometry":{"type":"LineString","coordinates":[[-51.2653,20.7247],[-53.5515,19.7346],[-54.0791,19.7346],[-54.4309,19.4032],[-55.3102,19.2372]]}},{"type":"Feature","properties":{"strength":0.342},"geometry":{"type":"LineString","coordinates":[[59.7069,18.238],[60.0586,18.5717],[60.0586,18.9048]]}},{"type":"Feature","properties":{"strength":0.11},"geometry":{"type":"LineString","coordinates":[[33.6786,69.5205],[34.382,69.5205]]}},{"type":"Feature","properties":{"strength":0.282},"geometry":{"type":"LineString","coordinates":[[137.616,44.294],[137.7919,44.6704],[139.023,45.5393]]}},{"type":"Feature","properties":{"strength":0.306},"geometry":{"type":"LineString","coordinates":[[-45.2858,-27.306],[-46.6927,-28.2396]]}},{"type":"Feature","properties":{"strength":0.081},"geometry":{"type":"LineString","coordinates":[[-2.0225,0.7914],[-2.5501,0.6155],[-2.9018,0.9672],[-2.9018,2.3735]]}},{"type":"Feature","properties":{"strength":0.108},"geometry":{"type":"LineString","coordinates":[[-29.9853,43.7883],[-29.4577,44.4197],[-27.8749,45.0444]]}},{"type":"Feature","properties":{"strength":0.377},"geometry":{"type":"LineString","coordinates":[[133.3952,41.4594],[133.2193,41.3275],[131.9883,41.3275]]}},{"type":"Feature","properties":{"strength":0.202},"geometry":{"type":"LineString","coordinates":[[-27.8749,-23.6554],[-26.1163,-23.9772],[-25.5887,-24.2982]]}},{"type":"Feature","properties":{"strength":0.253},"geometry":{"type":"LineString","coordinates":[[-77.4695,25.4152],[-77.4695,25.0971],[-76.0625,24.1378]]}},{"type":"Feature","properties":{"strength":0.616},"geometry":{"type":"LineString","coordinates":[[116.512,-13.5029],[116.3361,-12.818],[115.9844,-12.4748]]}},{"type":"Feature","properties":{"strength":0.141},"geometry":{"type":"LineString","coordinates":[[-35.9648,32.1897],[-36.4924,32.1897],[-39.3063,34.5395]]}},{"type":"Feature","properties":{"strength":0.126},"geometry":{"type":"LineString","coordinates":[[-12.2228,44.92],[-12.2228,44.0417]]}},{"type":"Feature","properties":{"strength":0.22},"geometry":{"type":"LineString","coordinates":[[90.8354,17.0649],[91.363,16.3912],[91.7147,16.2224],[92.0664,16.3912]]}},{"type":"Feature","properties":{"strength":0.602},"geometry":{"type":"LineString","coordinates":[[10.2882,58.7867],[10.1124,58.2355]]}},{"type":"Feature","properties":{"strength":0.302},"geometry":{"type":"LineString","coordinates":[[41.2408,-17.2329],[41.4167,-16.3912],[41.9443,-15.5458]]}},{"type":"Feature","properties":{"strength":0.657},"geometry":{"type":"LineString","coordinates":[[67.6209,10.0603],[67.445,10.2334],[66.5657,10.2334],[65.5105,11.0975]]}},{"type":"Feature","properties":{"strength":0.277},"geometry":{"type":"LineString","coordinates":[[88.5491,9.3669],[89.0767,8.8459],[91.8906,7.4532],[92.4182,6.9298],[92.7699,6.0561]]}},{"type":"Feature","properties":{"strength":0.039},"geometry":{"type":"LineString","coordinates":[[6.2433,39.9935],[6.4191,40.1281],[6.595,39.9935],[6.4191,39.8586],[6.2433,39.9935]]}},{"type":"Feature","properties":{"strength":0.289},"geometry":{"type":"LineString","coordinates":[[-57.7723,-25.2562],[-57.7723,-25.5739],[-58.3,-26.2068],[-58.3,-26.6792],[-59.0034,-27.6181],[-59.1793,-28.7034],[-59.7069,-29.3186],[-59.7069,-30.6893],[-60.7621,-31.7421],[-60.7621,-32.9308],[-60.2345,-33.3725],[-58.8276,-33.958]]}},{"type":"Feature","properties":{"strength":0.127},"geometry":{"type":"LineString","coordinates":[[-66.7416,43.0217],[-66.7416,42.1151],[-66.214,41.7225]]}},{"type":"Feature","properties":{"strength":0.259},"geometry":{"type":"LineString","coordinates":[[-94.7044,25.2562],[-95.232,23.8164]]}},{"type":"Feature","properties":{"strength":0.228},"geometry":{"type":"LineString","coordinates":[[151.8613,2.0221],[151.8613,0.4397],[152.0371,0.2638],[151.8613,-0.2638]]}},{"type":"Feature","properties":{"strength":0.128},"geometry":{"type":"LineString","coordinates":[[6.4191,-2.9006],[5.5398,-2.5492],[5.0122,-3.0762]]}},{"type":"Feature","properties":{"strength":0.168},"geometry":{"type":"LineString","coordinates":[[-93.6492,21.2173],[-93.1216,20.7247],[-92.4182,20.7247],[-91.8906,21.0533],[-91.7147,21.5449]]}},{"type":"Feature","properties":{"strength":0.304},"geometry":{"type":"LineString","coordinates":[[13.9814,68.7055],[12.7504,68.319],[11.5193,67.6599],[11.3434,67.2554],[12.0469,66.9819]]}},{"type":"Feature","properties":{"strength":0.028},"geometry":{"type":"LineString","coordinates":[[-125.6571,28.5491],[-123.7225,27.7738]]}},{"type":"Feature","properties":{"strength":0.358},"geometry":{"type":"LineString","coordinates":[[81.1627,12.9894],[82.5696,12.9894]]}},{"type":"Feature","properties":{"strength":0.444},"geometry":{"type":"LineString","coordinates":[[-121.788,38.2195],[-122.1397,38.2195],[-124.0743,36.9654]]}},{"type":"Feature","properties":{"strength":0.158},"geometry":{"type":"LineString","coordinates":[[-66.5657,15.8844],[-64.9829,17.2329]]}},{"type":"Feature","properties":{"strength":0.138},"geometry":{"type":"LineString","coordinates":[[-149.7509,51.6909],[-152.3889,50.0259],[-152.7406,49.9128],[-154.1475,50.0259]]}},{"type":"Feature","properties":{"strength":0.56},"geometry":{"type":"LineString","coordinates":[[126.5364,26.2068],[126.5364,24.9377]]}},{"type":"Feature","properties":{"strength":0.146},"geometry":{"type":"LineString","coordinates":[[-32.0957,35.5474],[-32.7992,34.6842],[-32.7992,34.2492]]}},{"type":"Feature","properties":{"strength":0.277},"geometry":{"type":"LineString","coordinates":[[-3.0777,2.9006],[-2.7259,3.2518],[1.8466,3.4274]]}},{"type":"Feature","properties":{"strength":0.575},"geometry":{"type":"LineString","coordinates":[[141.4851,-10.7522],[140.6058,-10.7522],[140.4299,-10.5793],[140.0782,-10.7522]]}},{"type":"Feature","properties":{"strength":0.046},"geometry":{"type":"LineString","coordinates":[[-40.8891,43.2783],[-40.8891,44.294],[-41.065,44.4197]]}},{"type":"Feature","properties":{"strength":0.43},"geometry":{"type":"LineString","coordinates":[[-111.0601,21.5449],[-109.6532,20.5601],[-107.8945,19.9],[-107.3669,19.9]]}},{"type":"Feature","properties":{"strength":0.81},"geometry":{"type":"LineString","coordinates":[[16.2677,35.833],[17.3229,36.5427]]}},{"type":"Feature","properties":{"strength":0.395},"geometry":{"type":"LineString","coordinates":[[122.1397,31.2923],[121.4362,30.8404],[121.0845,30.8404],[120.7328,31.2923]]}},{"type":"Feature","properties":{"strength":0.559},"geometry":{"type":"LineString","coordinates":[[-80.8109,15.0369],[-80.8109,13.8447]]}},{"type":"Feature","properties":{"strength":0.494},"geometry":{"type":"LineString","coordinates":[[12.0469,66.9819],[11.871,66.7053]]}},{"type":"Feature","properties":{"strength":0.176},"geometry":{"type":"LineString","coordinates":[[153.9717,-8.6721],[152.3889,-8.1502]]}},{"type":"Feature","properties":{"strength":0.361},"geometry":{"type":"LineString","coordinates":[[65.5105,11.27],[66.3898,12.1311],[66.3898,12.4748]]}},{"type":"Feature","properties":{"strength":0.363},"geometry":{"type":"LineString","coordinates":[[122.8432,22.6853],[122.8432,21.7084]]}},{"type":"Feature","properties":{"strength":0.957},"geometry":{"type":"LineString","coordinates":[[1.8466,51.6909],[2.9018,52.2327]]}},{"type":"Feature","properties":{"strength":0.109},"geometry":{"type":"LineString","coordinates":[[96.9907,-13.3319],[100.5081,-10.2334]]}},{"type":"Feature","properties":{"strength":0.317},"geometry":{"type":"LineString","coordinates":[[-97.1666,22.523],[-96.1114,23.1713]]}},{"type":"Feature","properties":{"strength":0.161},"geometry":{"type":"LineString","coordinates":[[-79.0523,18.0708],[-79.9316,17.4008]]}},{"type":"Feature","properties":{"strength":0.243},"geometry":{"type":"LineString","coordinates":[[55.4861,-19.4032],[55.6619,-18.238]]}},{"type":"Feature","properties":{"strength":0.387},"geometry":{"type":"LineString","coordinates":[[126.3605,1.8463],[126.7123,2.7249]]}},{"type":"Feature","properties":{"strength":0.068},"geometry":{"type":"LineString","coordinates":[[169.9756,-28.2396],[169.0962,-26.993]]}},{"type":"Feature","properties":{"strength":0.071},"geometry":{"type":"LineString","coordinates":[[-177.7137,47.3567],[-177.7137,45.5393]]}},{"type":"Feature","properties":{"strength":0.024},"geometry":{"type":"LineString","coordinates":[[-55.6619,28.2396],[-54.9585,27.6181],[-54.4309,27.6181]]}},{"type":"Feature","properties":{"strength":0.396},"geometry":{"type":"LineString","coordinates":[[42.1202,-14.8669],[41.9443,-14.6969],[41.9443,-13.3319]]}},{"type":"Feature","properties":{"strength":0.074},"geometry":{"type":"LineString","coordinates":[[-137.2643,42.764],[-136.5608,41.7225],[-136.5608,41.0628]]}},{"type":"Feature","properties":{"strength":0.654},"geometry":{"type":"LineString","coordinates":[[89.4284,1.3189],[88.1974,0.9672]]}},{"type":"Feature","properties":{"strength":0.168},"geometry":{"type":"LineString","coordinates":[[7.2985,-0.4397],[8.002,-0.4397]]}},{"type":"Feature","properties":{"strength":0.111},"geometry":{"type":"LineString","coordinates":[[8.1778,-15.7151],[9.7606,-15.7151]]}},{"type":"Feature","properties":{"strength":0.146},"geometry":{"type":"LineString","coordinates":[[85.2076,2.7249],[84.5042,3.6029]]}},{"type":"Feature","properties":{"strength":0.25},"geometry":{"type":"LineString","coordinates":[[-85.2076,24.9377],[-85.2076,25.5739],[-86.087,26.3645],[-86.9663,26.3645],[-88.1974,25.2562]]}},{"type":"Feature","properties":{"strength":0.728},"geometry":{"type":"LineString","coordinates":[[21.5437,59.5082],[22.2472,59.5082]]}},{"type":"Feature","properties":{"strength":0.141},"geometry":{"type":"LineString","coordinates":[[174.1964,30.0824],[174.724,29.9301],[174.8999,30.0824],[176.6585,30.0824],[176.8344,29.9301],[179.1207,29.9301],[179.4724,29.7776]]}},{"type":"Feature","properties":{"strength":0.035},"geometry":{"type":"LineString","coordinates":[[-163.4685,18.0708],[-163.6444,17.4008]]}},{"type":"Feature","properties":{"strength":0.164},"geometry":{"type":"LineString","coordinates":[[-71.3141,-54.0263],[-71.6659,-54.335],[-71.49,-54.6415]]}},{"type":"Feature","properties":{"strength":0.157},"geometry":{"type":"LineString","coordinates":[[168.041,-32.1897],[159.2477,-29.0115],[157.8407,-28.2396],[157.3131,-28.2396],[155.5545,-27.4622],[154.4993,-27.4622]]}},{"type":"Feature","properties":{"strength":0.483},"geometry":{"type":"LineString","coordinates":[[-85.3835,24.1378],[-86.6146,23.9772],[-86.9663,23.6554]]}},{"type":"Feature","properties":{"strength":0.125},"geometry":{"type":"LineString","coordinates":[[116.6878,-10.0603],[116.8637,-10.5793],[116.6878,-11.27]]}},{"type":"Feature","properties":{"strength":0.118},"geometry":{"type":"LineString","coordinates":[[46.341,-11.9591],[47.0445,-12.1311]]}},{"type":"Feature","properties":{"strength":0.83},"geometry":{"type":"LineString","coordinates":[[154.1475,-24.6184],[154.1475,-25.5739]]}},{"type":"Feature","properties":{"strength":0.657},"geometry":{"type":"LineString","coordinates":[[52.1446,-24.7781],[51.7929,-24.4584],[51.7929,-23.4942],[52.1446,-22.8475],[52.1446,-22.3604]]}},{"type":"Feature","properties":{"strength":0.041},"geometry":{"type":"LineString","coordinates":[[55.8378,9.0197],[56.1895,8.6721],[56.893,8.6721]]}},{"type":"Feature","properties":{"strength":0.244},"geometry":{"type":"LineString","coordinates":[[-74.6556,-41.5911],[-75.3591,-43.1501],[-75.7108,-45.1685],[-76.0625,-45.416]]}},{"type":"Feature","properties":{"strength":0.133},"geometry":{"type":"LineString","coordinates":[[164.5237,52.2327],[163.8202,52.6615],[162.4133,52.5547],[161.1822,52.2327],[160.3029,52.2327]]}},{"type":"Feature","properties":{"strength":0.765},"geometry":{"type":"LineString","coordinates":[[89.0767,5.7062],[88.9008,5.8812],[87.6698,5.8812]]}},{"type":"Feature","properties":{"strength":0.132},"geometry":{"type":"LineString","coordinates":[[18.554,62.4899],[17.8505,62.8131],[17.8505,62.9734]]}},{"type":"Feature","properties":{"strength":0.238},"geometry":{"type":"LineString","coordinates":[[6.2433,-36.4013],[6.2433,-35.5474]]}},{"type":"Feature","properties":{"strength":0.114},"geometry":{"type":"LineString","coordinates":[[9.9365,-14.8669],[9.5848,-13.8447]]}},{"type":"Feature","properties":{"strength":0.064},"geometry":{"type":"LineString","coordinates":[[-59.531,34.8287],[-60.2345,35.4041],[-60.7621,35.4041],[-61.8173,36.2596]]}},{"type":"Feature","properties":{"strength":0.184},"geometry":{"type":"LineString","coordinates":[[83.0972,3.9539],[82.3937,3.4274],[81.8661,3.4274],[81.3385,3.6029],[80.4592,4.48]]}},{"type":"Feature","properties":{"strength":0.227},"geometry":{"type":"LineString","coordinates":[[86.087,12.6464],[86.2628,14.186]]}},{"type":"Feature","properties":{"strength":0.183},"geometry":{"type":"LineString","coordinates":[[79.0523,3.4274],[79.404,3.0762],[79.404,1.1431]]}},{"type":"Feature","properties":{"strength":0.225},"geometry":{"type":"LineString","coordinates":[[-63.576,43.6612],[-62.8725,44.168],[-61.9932,44.168],[-61.8173,44.294]]}},{"type":"Feature","properties":{"strength":0.33},"geometry":{"type":"LineString","coordinates":[[173.1412,-33.812],[174.0205,-34.3945],[174.3723,-34.3945]]}},{"type":"Feature","properties":{"strength":0.388},"geometry":{"type":"LineString","coordinates":[[154.1475,-20.5601],[154.4993,-20.8891],[154.3234,-22.3604]]}},{"type":"Feature","properties":{"strength":0.212},"geometry":{"type":"LineString","coordinates":[[114.5774,-20.3954],[114.9292,-19.569]]}},{"type":"Feature","properties":{"strength":0.227},"geometry":{"type":"LineString","coordinates":[[-60.0586,-3.0762],[-58.6517,-3.2518],[-58.1241,-2.7249],[-57.4206,-2.3735],[-56.893,-2.5492],[-56.0137,-1.8463]]}},{"type":"Feature","properties":{"strength":0.308},"geometry":{"type":"LineString","coordinates":[[4.1329,58.5122],[1.319,58.5122]]}},{"type":"Feature","properties":{"strength":0.157},"geometry":{"type":"LineString","coordinates":[[124.0743,18.238],[124.0743,19.569],[123.7225,20.7247],[122.8432,21.5449]]}},{"type":"Feature","properties":{"strength":0.347},"geometry":{"type":"LineString","coordinates":[[117.2154,-16.0534],[117.9189,-15.8844]]}},{"type":"Feature","properties":{"strength":0.047},"geometry":{"type":"LineString","coordinates":[[-15.5642,48.3012],[-16.2677,48.767],[-17.8505,48.767]]}},{"type":"Feature","properties":{"strength":0.089},"geometry":{"type":"LineString","coordinates":[[57.5965,4.6553],[58.8276,3.6029]]}},{"type":"Feature","properties":{"strength":0.141},"geometry":{"type":"LineString","coordinates":[[-92.7699,24.4584],[-93.1216,23.6554],[-93.1216,22.8475],[-92.7699,22.523]]}},{"type":"Feature","properties":{"strength":0.611},"geometry":{"type":"LineString","coordinates":[[-79.2281,28.3945],[-79.7557,27.7738],[-79.5799,26.3645]]}},{"type":"Feature","properties":{"strength":0.069},"geometry":{"type":"LineString","coordinates":[[-29.9853,43.6612],[-29.2819,43.1501],[-29.2819,42.893],[-27.8749,41.8536]]}},{"type":"Feature","properties":{"strength":0.541},"geometry":{"type":"LineString","coordinates":[[-16.0918,26.993],[-16.4436,27.306],[-16.2677,28.3945]]}},{"type":"Feature","properties":{"strength":0.106},"geometry":{"type":"LineString","coordinates":[[159.9511,30.2345],[159.0718,30.3863]]}},{"type":"Feature","properties":{"strength":0.183},"geometry":{"type":"LineString","coordinates":[[150.1026,0.0879],[149.7509,0.9672]]}},{"type":"Feature","properties":{"strength":0.407},"geometry":{"type":"LineString","coordinates":[[120.5569,-14.5267],[120.9086,-13.5029]]}},{"type":"Feature","properties":{"strength":0.321},"geometry":{"type":"LineString","coordinates":[[-73.4245,-44.4197],[-73.0728,-44.4197],[-72.8969,-44.6704],[-73.6004,-44.7953]]}},{"type":"Feature","properties":{"strength":0.322},"geometry":{"type":"LineString","coordinates":[[-71.49,-53.9228],[-72.8969,-53.4018],[-73.7763,-52.8743]]}},{"type":"Feature","properties":{"strength":0.27},"geometry":{"type":"LineString","coordinates":[[-59.8828,23.6554],[-59.1793,23.6554]]}},{"type":"Feature","properties":{"strength":0.192},"geometry":{"type":"LineString","coordinates":[[-27.3473,39.1803],[-27.3473,38.0812]]}},{"type":"Feature","properties":{"strength":0.262},"geometry":{"type":"LineString","coordinates":[[142.7162,30.0824],[141.3092,29.0115]]}},{"type":"Feature","properties":{"strength":0.565},"geometry":{"type":"LineString","coordinates":[[120.7328,-5.5312],[119.5017,-5.8812]]}},{"type":"Feature","properties":{"strength":0.125},"geometry":{"type":"LineString","coordinates":[[-44.934,47.4757],[-45.8134,46.7576],[-45.8134,45.5393],[-45.2858,45.1685]]}},{"type":"Feature","properties":{"strength":0.545},"geometry":{"type":"LineString","coordinates":[[7.4744,63.9167],[7.8261,63.9167],[8.5296,64.2243]]}},{"type":"Feature","properties":{"strength":0.907},"geometry":{"type":"LineString","coordinates":[[-1.319,50.2514],[-0.6155,50.2514]]}},{"type":"Feature","properties":{"strength":0.112},"geometry":{"type":"LineString","coordinates":[[-21.3679,42.764],[-22.5989,42.5052]]}},{"type":"Feature","properties":{"strength":0.043},"geometry":{"type":"LineString","coordinates":[[-19.4333,26.5219],[-19.0816,27.306]]}},{"type":"Feature","properties":{"strength":0.508},"geometry":{"type":"LineString","coordinates":[[33.5027,70.0071],[33.5027,69.582]]}},{"type":"Feature","properties":{"strength":0.208},"geometry":{"type":"LineString","coordinates":[[148.1681,40.6638],[147.8163,40.3965],[147.6404,39.7235],[146.7611,38.6329],[145.3542,38.0812],[144.299,37.9427]]}},{"type":"Feature","properties":{"strength":0.027},"geometry":{"type":"LineString","coordinates":[[162.9409,44.168],[163.1168,44.294],[163.2926,44.168],[163.1168,44.0417],[162.9409,44.168]]}},{"type":"Feature","properties":{"strength":0.234},"geometry":{"type":"LineString","coordinates":[[-70.6106,14.3564],[-70.9624,14.3564],[-71.49,14.8669]]}},{"type":"Feature","properties":{"strength":0.133},"geometry":{"type":"LineString","coordinates":[[128.2951,10.5793],[131.8124,7.4532],[132.34,7.1043],[132.8676,7.1043]]}},{"type":"Feature","properties":{"strength":0.161},"geometry":{"type":"LineString","coordinates":[[-95.5838,25.7325],[-95.9355,26.0489],[-96.8149,26.0489],[-96.9907,26.2068],[-97.1666,26.0489]]}},{"type":"Feature","properties":{"strength":0.254},"geometry":{"type":"LineString","coordinates":[[9.4089,-30.0824],[7.2985,-30.0824],[7.1226,-29.9301]]}},{"type":"Feature","properties":{"strength":0.553},"geometry":{"type":"LineString","coordinates":[[32.0957,33.2255],[30.6888,33.2255],[29.6336,34.1037]]}},{"type":"Feature","properties":{"strength":0.191},"geometry":{"type":"LineString","coordinates":[[-24.5335,37.9427],[-25.5887,38.9071]]}},{"type":"Feature","properties":{"strength":0.426},"geometry":{"type":"LineString","coordinates":[[-126.5364,46.637],[-126.0088,46.3949],[-125.4812,46.3949]]}},{"type":"Feature","properties":{"strength":0.349},"geometry":{"type":"LineString","coordinates":[[18.9057,69.7043],[19.4333,69.8865]]}},{"type":"Feature","properties":{"strength":0.107},"geometry":{"type":"LineString","coordinates":[[178.7689,45.7851],[176.1309,47.4757]]}},{"type":"Feature","properties":{"strength":0.301},"geometry":{"type":"LineString","coordinates":[[-64.6312,15.2066],[-63.576,16.2224]]}},{"type":"Feature","properties":{"strength":0.265},"geometry":{"type":"LineString","coordinates":[[90.3078,-15.0369],[87.8456,-16.7283],[85.7352,-17.7361],[84.5042,-18.5717],[83.4489,-18.9048],[82.3937,-19.7346],[82.042,-19.7346],[80.4592,-20.7247],[78.7005,-21.3812],[76.766,-22.523],[76.0625,-22.6853],[73.2487,-24.1378],[72.8969,-24.1378],[68.1485,-26.2068],[67.2692,-26.3645],[65.6864,-27.1496]]}},{"type":"Feature","properties":{"strength":0.216},"geometry":{"type":"LineString","coordinates":[[-60.2345,12.4748],[-60.4104,11.6148]]}},{"type":"Feature","properties":{"strength":0.144},"geometry":{"type":"LineString","coordinates":[[-44.5823,5.7062],[-42.9995,7.1043]]}},{"type":"Feature","properties":{"strength":0.447},"geometry":{"type":"LineString","coordinates":[[-12.0469,38.9071],[-11.871,39.0438],[-11.871,40.9301],[-11.6952,41.1953]]}},{"type":"Feature","properties":{"strength":0.437},"geometry":{"type":"LineString","coordinates":[[53.3757,-20.5601],[52.8481,-21.7084],[52.1446,-22.3604]]}},{"type":"Feature","properties":{"strength":0.548},"geometry":{"type":"LineString","coordinates":[[-74.4797,21.7084],[-74.6556,21.8717],[-74.6556,23.1713]]}},{"type":"Feature","properties":{"strength":0.436},"geometry":{"type":"LineString","coordinates":[[-80.4592,12.6464],[-80.8109,12.9894],[-80.8109,13.5029]]}},{"type":"Feature","properties":{"strength":0.185},"geometry":{"type":"LineString","coordinates":[[137.9678,14.8669],[136.9126,15.7151]]}},{"type":"Feature","properties":{"strength":0.376},"geometry":{"type":"LineString","coordinates":[[118.2706,-19.0711],[119.15,-18.5717],[120.381,-15.8844],[120.381,-15.3763]]}},{"type":"Feature","properties":{"strength":0.215},"geometry":{"type":"LineString","coordinates":[[-1.8466,0.9672],[-1.8466,1.6705],[-2.7259,2.5492]]}},{"type":"Feature","properties":{"strength":0.337},"geometry":{"type":"LineString","coordinates":[[63.576,-10.9249],[63.0484,-11.27],[62.8725,-11.9591]]}},{"type":"Feature","properties":{"strength":0.404},"geometry":{"type":"LineString","coordinates":[[-89.6043,9.8871],[-89.0767,9.0197],[-88.0215,8.3242]]}},{"type":"Feature","properties":{"strength":0.56},"geometry":{"type":"LineString","coordinates":[[151.6854,-8.3242],[151.1578,-7.8019],[149.575,-7.1043]]}},{"type":"Feature","properties":{"strength":0.345},"geometry":{"type":"LineString","coordinates":[[19.9609,33.2255],[20.3127,33.958],[21.3679,34.8287]]}},{"type":"Feature","properties":{"strength":0.157},"geometry":{"type":"LineString","coordinates":[[28.4025,70.5998],[28.4025,71.0618],[28.7543,71.2888]]}},{"type":"Feature","properties":{"strength":0.184},"geometry":{"type":"LineString","coordinates":[[-60.938,25.4152],[-60.4104,25.8908]]}},{"type":"Feature","properties":{"strength":0.048},"geometry":{"type":"LineString","coordinates":[[169.6238,30.9913],[169.7997,31.1419],[170.3273,30.9913]]}},{"type":"Feature","properties":{"strength":0.455},"geometry":{"type":"LineString","coordinates":[[-41.2408,-25.2562],[-39.658,-23.8164],[-38.9546,-22.0348],[-38.427,-21.3812]]}},{"type":"Feature","properties":{"strength":0.145},"geometry":{"type":"LineString","coordinates":[[-166.6341,44.0417],[-167.3376,44.168]]}},{"type":"Feature","properties":{"strength":0.099},"geometry":{"type":"LineString","coordinates":[[-19.4333,63.2121],[-18.7298,63.2121]]}},{"type":"Feature","properties":{"strength":0.276},"geometry":{"type":"LineString","coordinates":[[-87.6698,23.6554],[-86.9663,23.6554]]}},{"type":"Feature","properties":{"strength":0.171},"geometry":{"type":"LineString","coordinates":[[-82.3937,11.27],[-81.8661,11.4425],[-81.3385,12.1311]]}}]}